4
13
16
18
19
24
33
36
38
58
66
81
87
88
89
97
99
112
125
128
129
132
135
136
139
153
154
157
163
170
175
178
185
203
204
207
211
218
219
222
228
232
237
255
257
259
262
267
272
273
281
283
287
288
301
304
305
306
307
310
313
314
325
328
335
338
341
345
352
359
362
363
372
382
394
402
404
414
423
431
432
434
437
439
443
448
467
477
487
491
492
495
501
502
506
507
508
512
513
515
516
524
526
529
536
537
543
544
547
556
557
558
563
568
573
574
578
582
591
593
594
599
603
609
613
620
623
634
639
647
649
650
651
653
656
658
671
678
679
681
683
685
689
701
702
717
725
731
732
745
757
766
767
774
779
780
783
791
793
797
806
811
814
816
819
821
827
836
846
848
858
862
878
889
890
892
894
896
905
915
919
921
923
926
927
928
932
937
939
940
942
947
959
962
965
966
967
971
974
979
980
983
994
1000
1001
1010
1011
1025
1027
1029
1031
1037
1039
1041
1044
1049
1053
1057
1058
1060
1061
1067
1072
1077
1078
1080
1097
1106
1110
1116
1127
1130
1141
1142
1149
1150
1151
1156
1158
1164
1167
1169
1170
1174
1183
1189
1192
1195
1199
1201
1209
1219
1220
1222
1225
1230
1232
1236
1238
1239
1242
1243
1247
1252
1253
1256
1261
1262
1270
1278
1285
1288
1292
1299
1303
1314
1317
1322
1327
1337
1349
1350
1354
1359
1360
1363
1367
1369
1375
1377
1378
1379
1390
1396
1407
1416
1427
1428
1437
1445
1446
1452
1453
1455
1465
1488
1494
1495
1499
1500
1514
1515
1516
1517
1518
1523
1525
1534
1536
1537
1541
1547
1549
1554
1567
1568
1570
1577
1579
1584
1590
1593
1594
1595
1596
1597
1599
1603
1606
1609
1610
1614
1615
1623
1630
1631
1634
1649
1651
1654
1660
1667
1669
1671
1672
1674
1676
1679
1707
1715
1717
1719
1722
1731
1733
1740
1744
1752
1758
1762
1767
1775
1776
1777
1779
1788
1790
1794
1795
1801
1806
1809
1813
1816
1818
1820
1822
1830
1832
1837
1845
1871
1886
1890
1913
1923
1930
1936
1938
1941
1944
1956
1959
1963
1964
1968
1970
1973
1976
1981
1984
1987
1993
2004
2014
2020
2026
2029
2038
2039
2042
2048
2053
2063
2066
2068
2069
2079
2083
2085
2089
2090
2091
2094
2102
2104
2105
2122
2129
2130
2133
2141
2142
2144
2147
2153
2154
2155
2156
2158
2176
2177
2178
2182
2186
2190
2194
2195
2197
2202
2204
2208
2211
2212
2214
2221
2232
2234
2243
2247
2251
2253
2254
2256
2259
2263
2276
2280
2286
2291
2299
2305
2307
2308
2314
2315
2316
2317
2323
2332
2347
2357
2366
2367
2369
2371
2374
2375
2377
2380
2385
2391
2400
2402
2407
2411
2412
2422
2424
2425
2430
2431
2442
2446
2452
2465
2473
2477
2490
2494
2496
2499
2502
2517
2523
2531
2536
2557
2564
2568
2580
2585
2591
2607
2629
2636
2643
2647
2650
2664
2665
2678
2682
2683
2686
2687
2692
2693
2707
2708
2709
2711
2716
2718
2719
2736
2743
2744
2756
2758
2759
2762
2766
2772
2782
2808
2822
2826
2832
2840
2845
2848
2855
2858
2862
2863
2867
2868
2872
2879
2882
2885
2899
2908
2909
2911
2914
2916
2933
2939
2940
2946
2954
2955
2958
2965
2976
2979
2984
2988
2991
2996
3001
3015
3016
3017
3022
3026
3029
3040
3042
3043
3059
3064
3070
3073
3081
3089
3100
3113
3115
3124
3134
3141
3148
3150
3153
3156
3160
3163
3166
3174
3178
3184
3186
3188
3191
3194
3198
3200
3201
3212
3217
3222
3230
3231
3233
3234
3237
3239
3240
3245
3266
3270
3275
3284
3287
3290
3302
3303
3308
3312
3313
3317
3324
3326
3332
3345
3359
3361
3367
3377
3389
3404
3406
3414
3415
3416
3420
3421
3426
3428
3429
3430
3436
3440
3462
3479
3480
3481
3482
3491
3495
3506
3512
3517
3527
3528
3533
3548
3550
3555
3558
3562
3563
3564
3572
3574
3581
3583
3589
3590
3597
3604
3607
3610
3614
3625
3626
3629
3631
3646
3648
3653
3657
3662
3666
3668
3671
3675
3676
3678
3699
3707
3712
3715
3717
3738
3744
3752
3753
3757
3761
3764
3765
3770
3773
3783
3795
3798
3812
3813
3824
3826
3828
3831
3835
3842
3843
3870
3872
3878
3884
3898
3899
3912
3921
3923
3926
3927
3933
3938
3950
3953
3954
3957
3961
3962
3976
3978
3979
3988
3990
3991
3992
4001
4002
4008
4011
4015
4017
4022
4025
4029
4032
4033
4038
4042
4052
4056
4060
4068
4072
4084
4085
4087
4088
4089
4092
4097
4098
4123
4125
4143
4150
4152
4153
4157
4160
4168
4171
4173
4174
4182
4196
4203
4206
4208
4209
4215
4218
4219
4225
4226
4232
4233
4237
4244
4250
4255
4256
4269
4271
4288
4296
4297
4298
4303
4304
4316
4318
4321
4322
4326
4329
4330
4331
4332
4337
4349
4354
4356
4359
4366
4384
4388
4401
4407
4408
4409
4413
4414
4417
4421
4426
4427
4428
4430
4435
4439
4443
4445
4448
4454
4455
4456
4466
4467
4469
4470
4473
4479
4485
4487
4489
4496
4499
4503
4505
4507
4509
4516
4522
4523
4525
4527
4532
4544
4557
4559
4562
4568
4574
4579
4582
4584
4585
4589
4590
4594
4598
4599
4602
4603
4609
4631
4633
4634
4635
4640
4645
4649
4654
4660
4661
4662
4668
4680
4684
4685
4694
4695
4697
4702
4704
4708
4719
4731
4733
4736
4737
4738
4739
4742
4749
4751
4754
4761
4763
4770
4771
4776
4777
4790
4793
4795
4799
4802
4803
4804
4806
4811
4821
4825
4831
4839
4841
4847
4850
4853
4863
4865
4872
4877
4878
4890
4891
4895
4897
4903
4915
4916
4919
4924
4935
4939
4965
4979
4982
4985
4987
4988
4989
4990
4992
5008
5012
5017
5024
5025
5049
5061
5063
5066
5076
5080
5081
5082
5083
5084
5087
5088
5103
5105
5108
5114
5115
5119
5124
5125
5128
5134
5136
5145
5150
5155
5157
5177
5178
5181
5182
5190
5194
5197
5200
5202
5214
5215
5231
5236
5240
5267
5270
5271
5274
5277
5280
5281
5284
5300
5306
5319
5325
5332
5337
5339
5342
5348
5351
5353
5360
5364
5368
5371
5375
5377
5385
5387
5389
5390
5392
5395
5396
5400
5403
5404
5411
5412
5418
5423
5432
5434
5435
5438
5448
5460
5463
5465
5468
5476
5479
5480
5490
5492
5493
5504
5509
5513
5517
5519
5521
5524
5527
5530
5535
5536
5552
5555
5564
5566
5569
5577
5580
5584
5587
5594
5607
5609
5611
5626
5637
5639
5642
5645
5671
5672
5675
5680
5686
5687
5688
5695
5697
5702
5712
5725
5742
5749
5753
5754
5756
5759
5760
5766
5770
5771
5772
5777
5782
5788
5791
5816
5819
5822
5830
5833
5842
5843
5846
5847
5850
5855
5864
5865
5866
5869
5870
5876
5885
5887
5892
5896
5898
5899
5902
5924
5927
5930
5931
5933
5948
5955
5965
5966
5975
5977
5979
5980
5983
5984
5993
6003
6005
6008
6013
6018
6027
6038
6042
6046
6050
6069
6076
6078
6084
6086
6088
6090
6092
6101
6102
6103
6109
6110
6113
6115
6135
6138
6146
6171
6177
6188
6198
6204
6206
6208
6215
6216
6218
6219
6222
6229
6231
6233
6236
6241
6243
6250
6252
6255
6256
6260
6261
6264
6271
6277
6283
6286
6293
6299
6305
6320
6322
6324
6339
6345
6346
6354
6359
6360
6361
6363
6376
6386
6388
6389
6392
6403
6405
6409
6412
6418
6428
6430
6433
6438
6450
6460
6461
6465
6471
6476
6482
6483
6484
6494
6497
6510
6512
6516
6518
6525
6526
6537
6538
6543
6544
6553
6555
6556
6563
6565
6566
6568
6576
6582
6585
6589
6590
6594
6601
6610
6621
6623
6630
6643
6645
6649
6659
6664
6668
6670
6671
6676
6687
6691
6692
6710
6713
6714
6715
6718
6722
6727
6732
6735
6737
6746
6759
6765
6773
6775
6780
6791
6795
6802
6804
6805
6811
6812
6819
6826
6832
6834
6842
6843
6849
6850
6852
6867
6869
6871
6876
6882
6883
6890
6891
6897
6905
6908
6910
6914
6920
6922
6931
6936
6943
6944
6947
6952
6962
6968
6971
6975
6976
6977
6981
6982
6988
6998
7004
7007
7010
7015
7024
7027
7032
7039
7043
7048
7050
7051
7053
7054
7059
7072
7076
7095
7102
7103
7113
7117
7118
7121
7126
7130
7133
7136
7149
7158
7167
7172
7177
7184
7187
7189
7197
7204
7205
7217
7220
7232
7237
7247
7249
7250
7251
7258
7262
7265
7269
7277
7280
7281
7286
7288
7295
7298
7301
7303
7308
7310
7311
7315
7321
7324
7334
7335
7353
7358
7360
7362
7366
7378
7385
7388
7397
7400
7408
7414
7418
7419
7427
7430
7431
7435
7442
7443
7452
7454
7457
7461
7467
7468
7482
7487
7489
7492
7500
7501
7503
7511
7516
7525
7534
7537
7539
7542
7549
7551
7552
7557
7558
7560
7563
7567
7570
7576
7587
7589
7591
7594
7607
7614
7617
7633
7634
7641
7645
7652
7658
7664
7666
7671
7675
7676
7677
7688
7691
7696
7700
7709
7715
7717
7722
7723
7725
7726
7734
7737
7739
7741
7751
7758
7759
7761
7764
7770
7773
7779
7787
7790
7794
7797
7799
7800
7805
7813
7817
7820
7834
7837
7838
7847
7848
7850
7851
7859
7874
7882
7883
7888
7892
7893
7896
7899
7910
7915
7916
7922
7925
7927
7929
7936
7938
7940
7941
7951
7956
7958
7962
7965
7969
7974
7999
8001
8003
8004
8031
8036
8041
8042
8059
8060
8063
8075
8081
8085
8088
8089
8094
8100
8106
8113
8119
8127
8131
8133
8136
8141
8142
8143
8148
8150
8153
8154
8164
8171
8178
8179
8196
8205
8208
8210
8211
8212
8214
8221
8224
8226
8230
8231
8232
8233
8236
8239
8251
8259
8264
8265
8266
8267
8268
8269
8270
8273
8275
8277
8282
8285
8287
8288
8289
8290
8292
8293
8294
8299
8313
8319
8322
8325
8327
8332
8333
8336
8339
8350
8362
8363
8372
8376
8378
8392
8393
8399
8404
8405
8411
8416
8417
8421
8422
8424
8426
8427
8431
8434
8445
8447
8450
8453
8458
8462
8474
8478
8480
8484
8493
8497
8507
8508
8511
8514
8515
8531
8532
8536
8544
8548
8560
8585
8587
8592
8600
8601
8607
8609
8612
8617
8630
8639
8640
8642
8643
8647
8653
8655
8664
8706
8711
8712
8713
8714
8724
8729
8731
8735
8738
8740
8743
8745
8761
8764
8765
8766
8769
8774
8782
8794
8799
8802
8816
8817
8827
8829
8830
8834
8841
8843
8849
8855
8858
8862
8863
8884
8886
8895
8896
8909
8916
8924
8927
8935
8940
8951
8954
8964
8981
8986
8990
8991
8999
9000
9011
9012
9019
9023
9025
9033
9038
9041
9044
9048
9056
9066
9078
9081
9082
9092
9095
9102
9107
9109
9119
9120
9121
9125
9128
9131
9132
9133
9136
9138
9140
9141
9146
9158
9174
9190
9198
9210
9213
9219
9221
9222
9226
9232
9233
9234
9236
9237
9238
9245
9253
9258
9270
9273
9282
9285
9291
9297
9302
9310
9316
9317
9323
9325
9326
9331
9340
9343
9344
9347
9349
9353
9358
9363
9370
9374
9377
9380
9381
9387
9395
9396
9400
9401
9404
9413
9418
9419
9422
9427
9434
9436
9437
9438
9443
9444
9446
9451
9456
9468
9471
9473
9479
9482
9484
9486
9491
9494
9496
9497
9498
9499
9506
9519
9520
9521
9525
9527
9534
9535
9539
9545
9548
9554
9557
9559
9562
9569
9587
9588
9593
9595
9606
9607
9609
9613
9616
9624
9627
9633
9641
9653
9654
9657
9673
9674
9681
9688
9689
9690
9696
9708
9709
9711
9712
9717
9718
9724
9730
9739
9742
9744
9755
9759
9777
9780
9792
9794
9795
9804
9808
9811
9821
9827
9828
9830
9833
9841
9844
9857
9858
9862
9866
9870
9874
9881
9887
9890
9898
9900
9903
9906
9913
9914
9915
9918
9919
9921
9922
9926
9927
9929
9930
9933
9936
9943
9944
9945
9949
9953
9954
9960
9961
9965
9969
9970
9973
9975
9978
9980
9992
9997
10001
10006
10007
10008
10014
10018
10023
10025
10028
10036
10037
10050
10051
10054
10063
10068
10086
10087
10088
10091
10094
10096
10097
10102
10103
10107
10109
10120
10132
10137
10143
10145
10156
10159
10160
10163
10164
10180
10181
10191
10193
10194
10196
10201
10206
10210
10216
10222
10223
10228
10241
10244
10251
10257
10258
10266
10268
10270
10271
10274
10275
10279
10283
10288
10293
10312
10317
10334
10339
10340
10341
10344
10352
10358
10368
10386
10393
10400
10401
10405
10409
10424
10425
10432
10441
10442
10449
10452
10454
10457
10469
10473
10474
10478
10483
10489
10490
10491
10507
10508
10515
10538
10540
10542
10552
10556
10558
10559
10562
10565
10566
10568
10569
10570
10572
10577
10584
10586
10593
10608
10620
10623
10624
10630
10631
10634
10635
10636
10637
10642
10648
10662
10663
10670
10672
10674
10685
10686
10690
10701
10704
10722
10725
10732
10734
10743
10746
10751
10752
10755
10769
10772
10774
10776
10780
10784
10797
10801
10803
10806
10813
10814
10815
10820
10824
10826
10832
10844
10857
10860
10861
10877
10885
10886
10891
10892
10894
10907
10910
10914
10915
10916
10940
10946
10954
10962
10963
10965
10978
10988
10989
10992
10993
10996
10999
11000
11002
11003
11005
11007
11008
11009
11012
11015
11018
11025
11029
11034
11048
11055
11062
11063
11065
11074
11079
11086
11087
11090
11092
11093
11094
11099
11102
11110
11119
11123
11125
11127
11135
11137
11145
11148
11157
11158
11161
11166
11167
11168
11174
11177
11178
11182
11186
11193
11194
11198
11211
11212
11213
11214
11215
11217
11223
11230
11231
11236
11237
11239
11241
11256
11258
11263
11267
11269
11272
11281
11284
11285
11286
11288
11291
11292
11295
11299
11304
11307
11316
11332
11333
11339
11344
11345
11349
11350
11354
11358
11363
11368
11371
11375
11379
11387
11392
11393
11395
11396
11398
11404
11412
11417
11427
11430
11441
11444
11450
11451
11452
11453
11457
11464
11466
11472
11473
11476
11480
11483
11486
11506
11507
11516
11529
11541
11543
11544
11559
11563
11575
11576
11577
11581
11583
11584
11585
11589
11593
11596
11600
11603
11612
11621
11630
11638
11641
11642
11647
11651
11660
11662
11664
11672
11674
11675
11676
11686
11699
11701
11702
11703
11706
11707
11711
11722
11726
11731
11735
11747
11752
11753
11758
11768
11770
11785
11786
11793
11805
11822
11823
11827
11829
11835
11837
11839
11840
11845
11847
11850
11851
11856
11860
11862
11865
11866
11869
11872
11873
11885
11892
11896
11901
11910
11911
11914
11919
11922
11925
11930
11934
11942
11943
11963
11965
11972
11979
11980
11982
11983
11988
11990
11994
12008
12010
12014
12024
12031
12034
12035
12036
12042
12050
12058
12066
12067
12073
12074
12076
12078
12084
12092
12094
12104
12109
12110
12113
12120
12124
12140
12147
12148
12151
12157
12158
12161
12163
12169
12180
12197
12217
12218
12219
12221
12222
12227
12229
12231
12255
12261
12268
12276
12281
12286
12291
12300
12301
12306
12309
12316
12319
12322
12328
12330
12331
12334
12341
12344
12345
12346
12356
12364
12365
12369
12371
12376
12384
12385
12394
12399
12407
12411
12429
12439
12443
12444
12450
12451
12453
12454
12455
12458
12462
12469
12473
12474
12476
12485
12486
12494
12496
12501
12509
12517
12520
12524
12535
12538
12544
12548
12552
12553
12562
12564
12567
12599
12602
12604
12607
12610
12623
12626
12629
12633
12634
12635
12637
12640
12647
12672
12674
12681
12697
12702
12707
12718
12720
12729
12733
12737
12743
12745
12746
12752
12753
12761
12768
12770
12771
12774
12781
12786
12794
12801
12802
12808
12815
12827
12834
12836
12837
12839
12843
12845
12849
12855
12858
12865
12867
12874
12875
12877
12878
12880
12887
12888
12893
12898
12906
12907
12919
12920
12929
12943
12953
12954
12960
12962
12967
12973
12989
12990
13000
13007
13015
13016
13019
13026
13029
13030
13032
13033
13065
13071
13080
13082
13091
13098
13104
13109
13112
13113
13118
13119
13122
13129
13130
13134
13135
13143
13152
13156
13170
13179
13180
13183
13191
13193
13197
13204
13213
13229
13232
13238
13248
13253
13257
13266
13268
13282
13286
13291
13293
13294
13304
13310
13311
13324
13333
13343
13358
13360
13361
13372
13375
13378
13380
13381
13383
13395
13409
13414
13415
13418
13438
13448
13454
13456
13465
13470
13478
13482
13489
13501
13503
13517
13520
13527
13530
13535
13537
13543
13545
13548
13562
13566
13568
13569
13575
13578
13583
13592
13597
13606
13608
13639
13642
13643
13657
13664
13669
13670
13674
13678
13683
13692
13694
13701
13703
13706
13716
13720
13724
13729
13736
13738
13743
13755
13756
13769
13771
13773
13782
13785
13789
13796
13805
13815
13819
13820
13825
13826
13830
13833
13834
13839
13847
13851
13854
13865
13869
13872
13875
13886
13889
13894
13901
13907
13911
13915
13920
13926
13928
13931
13932
13941
13944
13950
13952
13957
13962
13965
13970
13978
13980
13982
13988
13989
13999
14001
14010
14011
14013
14017
14019
14029
14035
14036
14040
14057
14060
14062
14068
14070
14075
14079
14085
14089
14099
14107
14108
14109
14117
14129
14142
14146
14152
14167
14171
14173
14183
14190
14196
14205
14213
14214
14216
14219
14221
14223
14224
14226
14232
14236
14240
14241
14247
14265
14266
14268
14269
14271
14274
14282
14289
14294
14296
14300
14306
14311
14318
14320
14322
14327
14330
14333
14339
14341
14344
14349
14364
14375
14376
14382
14388
14392
14394
14398
14399
14401
14408
14424
14432
14433
14439
14445
14451
14459
14461
14463
14467
14472
14475
14476
14485
14487
14489
14494
14500
14505
14507
14511
14512
14522
14533
14535
14537
14553
14555
14556
14564
14568
14572
14579
14580
14583
14587
14589
14592
14595
14596
14602
14605
14611
14617
14625
14628
14637
14641
14645
14646
14656
14661
14675
14679
14684
14690
14692
14698
14705
14713
14716
14719
14722
14723
14728
14732
14734
14735
14737
14739
14743
14744
14756
14758
14762
14768
14769
14773
14776
14783
14789
14794
14795
14798
14802
14822
14824
14831
14835
14837
14838
14839
14840
14841
14843
14850
14862
14879
14882
14887
14908
14917
14920
14934
14938
14942
14943
14944
14955
14956
14961
14969
14974
14980
14989
14991
14994
14997
14998
15003
15006
15007
15014
15020
15023
15024
15026
15033
15034
15038
15042
15047
15052
15056
15064
15065
15069
15070
15079
15081
15105
15108
15109
15113
15116
15117
15120
15124
15126
15129
15139
15141
15146
15147
15150
15152
15159
15160
15161
15182
15188
15191
15204
15207
15212
15213
15223
15226
15229
15231
15232
15238
15245
15249
15251
15253
15256
15257
15258
15259
15264
15270
15273
15278
15284
15293
15294
15298
15302
15308
15313
15320
15323
15329
15332
15336
15350
15351
15353
15360
15362
15364
15365
15368
15370
15374
15382
15383
15389
15395
15396
15409
15417
15440
15441
15443
15445
15451
15472
15473
15481
15482
15483
15486
15493
15496
15499
15514
15515
15518
15522
15527
15530
15536
15540
15545
15550
15559
15573
15577
15581
15585
15594
15596
15605
15611
15615
15626
15627
15628
15629
15632
15636
15644
15645
15648
15654
15655
15657
15659
15660
15673
15675
15679
15681
15685
15689
15697
15698
15703
15706
15708
15717
15719
15737
15746
15748
15753
15757
15758
15759
15780
15792
15796
15810
15812
15813
15822
15824
15826
15827
15834
15844
15846
15856
15860
15864
15867
15872
15884
15893
15894
15899
15901
15905
15908
15911
15914
15917
15923
15924
15930
15949
15954
15955
15956
15962
15964
15967
15968
15969
15971
15976
15980
15983
15984
15985
15990
16000
16002
16010
16013
16015
16018
16019
16021
16029
16053
16057
16070
16084
16087
16089
16097
16098
16106
16112
16113
16114
16118
16119
16120
16136
16140
16146
16147
16151
16154
16158
16163
16172
16174
16196
16198
16202
16203
16211
16212
16221
16226
16229
16238
16242
16247
16253
16262
16267
16272
16275
16297
16299
16300
16309
16310
16312
16315
16318
16321
16323
16330
16336
16340
16347
16350
16351
16355
16357
16366
16367
16370
16386
16389
16397
16401
16405
16414
16415
16417
16421
16424
16426
16430
16433
16436
16442
16445
16448
16456
16458
16467
16478
16481
16489
16491
16492
16505
16512
16521
16530
16533
16535
16546
16552
16559
16561
16562
16567
16572
16575
16577
16579
16583
16594
16609
16618
16619
16621
16623
16625
16627
16632
16634
16639
16640
16642
16646
16647
16650
16651
16659
16662
16664
16667
16668
16677
16679
16687
16688
16690
16696
16712
16714
16716
16720
16724
16729
16731
16738
16744
16753
16758
16760
16771
16774
16791
16793
16799
16800
16801
16802
16807
16808
16829
16831
16841
16853
16857
16859
16863
16871
16885
16901
16902
16915
16916
16917
16919
16930
16937
16940
16946
16949
16954
16960
16963
16968
16977
16978
16979
16981
16985
16998
17001
17004
17008
17011
17029
17031
17036
17040
17044
17045
17047
17048
17049
17058
17065
17070
17075
17094
17095
17096
17102
17104
17105
17107
17110
17112
17119
17134
17139
17144
17145
17152
17166
17168
17172
17177
17179
17185
17189
17196
17200
17203
17204
17205
17211
17212
17216
17222
17224
17226
17229
17237
17241
17248
17256
17262
17273
17274
17278
17280
17289
17297
17303
17322
17328
17329
17332
17334
17337
17343
17354
17356
17361
17363
17367
17369
17370
17373
17378
17384
17388
17389
17394
17397
17405
17409
17411
17419
17423
17428
17429
17434
17442
17448
17456
17460
17462
17466
17468
17472
17478
17495
17500
17501
17505
17509
17519
17528
17530
17533
17536
17537
17538
17539
17540
17544
17554
17557
17562
17563
17582
17594
17595
17597
17601
17602
17604
17616
17617
17618
17633
17639
17641
17642
17644
17657
17658
17670
17672
17673
17674
17680
17681
17686
17696
17697
17709
17722
17736
17739
17747
17754
17766
17773
17784
17787
17800
17801
17815
17818
17823
17826
17833
17840
17858
17860
17865
17886
17896
17897
17901
17916
17921
17922
17924
17928
17942
17950
17956
17959
17961
17967
17976
17985
17987
17995
18002
18008
18011
18017
18020
18027
18031
18038
18044
18045
18046
18048
18065
18075
18077
18078
18082
18084
18088
18093
18094
18096
18106
18109
18111
18117
18120
18123
18131
18135
18136
18139
18145
18150
18152
18155
18159
18161
18171
18177
18178
18187
18193
18200
18203
18214
18218
18231
18237
18239
18243
18259
18268
18271
18272
18273
18281
18294
18296
18297
18302
18304
18311
18318
18326
18340
18345
18346
18348
18358
18359
18368
18376
18378
18387
18399
18408
18410
18420
18431
18433
18443
18446
18452
18465
18469
18472
18473
18476
18480
18481
18483
18485
18488
18489
18496
18499
18513
18516
18528
18533
18535
18536
18537
18544
18548
18549
18551
18555
18559
18561
18562
18574
18578
18582
18589
18596
18599
18600
18604
18606
18620
18622
18625
18626
18629
18631
18636
18639
18644
18664
18665
18678
18683
18688
18694
18704
18717
18724
18729
18732
18740
18743
18745
18747
18766
18770
18772
18774
18787
18790
18798
18801
18806
18813
18814
18816
18822
18824
18827
18838
18839
18860
18863
18869
18877
18880
18887
18891
18894
18897
18900
18903
18911
18913
18931
18933
18937
18939
18943
18949
18953
18962
18964
18969
18970
18976
18978
18979
18991
19003
19004
19005
19009
19024
19025
19026
19029
19031
19037
19040
19042
19044
19052
19058
19071
19072
19078
19079
19080
19087
19088
19089
19095
19098
19118
19121
19127
19136
19145
19147
19164
19171
19182
19193
19202
19204
19205
19213
19224
19229
19230
19231
19234
19243
19245
19249
19250
19258
19260
19266
19278
19285
19287
19292
19294
19296
19318
19321
19325
19328
19329
19330
19332
19337
19338
19351
19365
19375
19385
19393
19399
19401
19406
19407
19410
19415
19428
19432
19437
19441
19448
19451
19454
19461
19473
19475
19484
19490
19496
19499
19502
19505
19510
19518
19526
19527
19530
19531
19533
19540
19551
19555
19558
19568
19573
19574
19577
19580
19585
19586
19589
19591
19593
19597
19605
19606
19607
19614
19621
19625
19628
19631
19636
19637
19642
19645
19649
19651
19658
19659
19662
19674
19675
19683
19688
19691
19692
19693
19695
19696
19700
19707
19709
19716
19720
19724
19728
19731
19738
19739
19742
19747
19753
19754
19758
19759
19762
19763
19764
19767
19773
19776
19780
19781
19792
19795
19797
19800
19802
19804
19813
19820
19825
19832
19836
19837
19840
19843
19853
19857
19860
19863
19875
19876
19878
19884
19889
19893
19899
19902
19911
19914
19921
19944
19945
19948
19949
19954
19961
19963
19982
20000
20002
20004
20005
20006
20009
20015
20032
20041
20042
20043
20044
20048
20056
20062
20063
20072
20077
20085
20100
20111
20124
20140
20144
20148
20149
20155
20160
20171
20178
20181
20185
20201
20227
20236
20245
20246
20247
20248
20249
20250
20257
20259
20265
20266
20292
20299
20300
20305
20309
20310
20312
20316
20324
20327
20338
20343
20352
20354
20360
20368
20371
20373
20397
20405
20413
20418
20428
20431
20434
20435
20436
20438
20440
20442
20458
20463
20464
20465
20473
20483
20488
20495
20497
20498
20515
20522
20525
20528
20530
20537
20538
20539
20541
20552
20556
20558
20560
20565
20576
20584
20593
20596
20599
20605
20633
20641
20652
20659
20664
20667
20669
20681
20685
20688
20692
20696
20700
20701
20704
20712
20715
20732
20745
20750
20754
20755
20759
20766
20772
20773
20792
20806
20813
20820
20822
20823
20827
20828
20832
20835
20839
20847
20852
20854
20856
20861
20865
20870
20877
20879
20882
20887
20895
20909
20927
20948
20951
20952
20953
20955
20956
20965
20967
20985
20987
20994
20997
20999
21000
21002
21010
21023
21024
21025
21045
21047
21055
21056
21057
21067
21073
21077
21087
21090
21093
21103
21105
21124
21127
21128
21142
21148
21152
21154
21156
21158
21163
21175
21176
21177
21181
21196
21204
21209
21211
21215
21218
21221
21228
21243
21252
21255
21269
21271
21276
21277
21280
21291
21302
21303
21312
21314
21316
21317
21324
21326
21341
21344
21345
21355
21361
21363
21375
21379
21383
21391
21403
21405
21408
21409
21411
21412
21421
21425
21430
21432
21441
21448
21454
21457
21469
21475
21480
21481
21489
21492
21493
21494
21500
21502
21503
21506
21509
21514
21515
21523
21525
21526
21530
21532
21536
21540
21547
21549
21555
21563
21567
21574
21590
21592
21605
21608
21611
21613
21622
21625
21627
21628
21641
21642
21649
21658
21660
21661
21666
21673
21680
21681
21683
21685
21687
21688
21693
21701
21715
21717
21718
21722
21726
21728
21730
21737
21739
21741
21750
21761
21765
21768
21769
21771
21774
21778
21781
21795
21802
21810
21816
21821
21843
21854
21859
21861
21865
21872
21873
21874
21876
21877
21889
21890
21891
21893
21902
21905
21911
21918
21919
21921
21924
21927
21933
21935
21942
21944
21948
21949
21952
21962
21970
21975
21976
21992
21998
22007
22013
22014
22016
22019
22029
22033
22036
22064
22066
22074
22084
22115
22116
22117
22125
22130
22134
22141
22156
22161
22163
22167
22172
22174
22183
22187
22189
22192
22202
22203
22214
22224
22228
22232
22235
22241
22256
22258
22278
22280
22286
22287
22291
22296
22302
22304
22313
22327
22335
22338
22340
22344
22356
22370
22374
22376
22378
22379
22384
22387
22391
22407
22409
22418
22426
22430
22439
22448
22461
22465
22469
22473
22481
22485
22491
22496
22498
22499
22512
22515
22519
22521
22533
22537
22538
22550
22552
22554
22558
22562
22564
22568
22576
22585
22587
22589
22591
22595
22599
22605
22607
22612
22614
22629
22639
22646
22648
22651
22654
22655
22657
22661
22668
22669
22675
22677
22691
22698
22706
22708
22711
22714
22717
22724
22727
22736
22740
22741
22745
22756
22759
22763
22765
22767
22769
22772
22776
22781
22785
22786
22788
22790
22791
22793
22804
22805
22807
22821
22825
22827
22831
22839
22846
22847
22852
22859
22861
22863
22872
22875
22878
22879
22883
22893
22895
22900
22907
22910
22919
22928
22932
22938
22951
22957
22964
22970
22975
22976
22977
22984
22990
23003
23016
23029
23032
23034
23038
23048
23062
23064
23065
23069
23072
23077
23084
23092
23103
23108
23109
23110
23116
23117
23120
23122
23138
23142
23150
23151
23153
23157
23159
23160
23161
23162
23163
23186
23188
23190
23191
23193
23201
23202
23207
23209
23211
23217
23221
23224
23239
23240
23248
23250
23261
23263
23265
23274
23277
23280
23282
23284
23286
23297
23306
23314
23317
23320
23333
23334
23335
23339
23342
23343
23345
23348
23352
23368
23371
23374
23377
23378
23392
23399
23403
23404
23408
23419
23420
23423
23429
23435
23441
23446
23448
23455
23460
23467
23471
23473
23475
23478
23486
23492
23493
23497
23507
23510
23517
23532
23538
23541
23545
23550
23552
23557
23561
23564
23565
23574
23576
23577
23583
23584
23585
23586
23590
23591
23610
23615
23617
23622
23623
23625
23631
23633
23643
23652
23654
23656
23663
23678
23681
23689
23696
23698
23701
23706
23716
23718
23719
23727
23728
23729
23738
23746
23748
23749
23753
23754
23756
23758
23768
23772
23773
23780
23783
23792
23795
23802
23806
23810
23812
23817
23820
23822
23824
23834
23840
23841
23846
23852
23857
23860
23863
23865
23867
23870
23871
23874
23881
23882
23897
23901
23904
23905
23906
23908
23911
23916
23925
23930
23950
23953
23968
23969
23978
23981
23982
23992
23999
24003
24004
24005
24018
24022
24031
24038
24039
24042
24050
24056
24062
24066
24068
24073
24083
24084
24085
24087
24088
24091
24092
24093
24100
24109
24111
24117
24120
24122
24123
24132
24142
24148
24153
24157
24160
24161
24164
24165
24167
24170
24171
24181
24188
24189
24204
24211
24216
24220
24221
24222
24223
24231
24232
24239
24243
24245
24252
24253
24254
24255
24256
24269
24270
24280
24283
24284
24285
24286
24289
24296
24299
24300
24306
24308
24325
24327
24329
24330
24332
24338
24341
24343
24348
24349
24350
24357
24359
24364
24365
24372
24381
24389
24391
24397
24406
24410
24412
24415
24421
24422
24427
24439
24442
24443
24445
24447
24449
24450
24451
24455
24460
24463
24469
24473
24475
24478
24489
24491
24494
24496
24506
24507
24508
24509
24511
24513
24522
24526
24529
24531
24537
24545
24549
24556
24575
24591
24593
24594
24595
24598
24599
24603
24606
24607
24608
24610
24611
24619
24622
24625
24627
24628
24631
24636
24642
24643
24649
24657
24665
24674
24675
24681
24684
24690
24701
24702
24703
24706
24713
24714
24716
24719
24720
24721
24722
24728
24731
24737
24740
24753
24754
24756
24758
24760
24767
24774
24777
24781
24796
24798
24810
24812
24815
24819
24827
24829
24831
24836
24845
24849
24850
24852
24853
24863
24864
24871
24876
24880
24893
24897
24905
24907
24909
24913
24918
24932
24935
24938
24939
24945
24948
24950
24952
24962
24963
24967
24969
24982
24984
24994
24996
25006
25017
25020
25023
25024
25026
25035
25036
25043
25055
25075
25083
25096
25104
25107
25110
25111
25112
25127
25141
25163
25164
25165
25170
25171
25172
25174
25196
25197
25201
25205
25206
25210
25219
25226
25228
25230
25236
25243
25248
25257
25263
25272
25273
25275
25276
25290
25292
25300
25302
25308
25314
25320
25321
25337
25342
25344
25352
25359
25366
25374
25376
25386
25420
25425
25426
25440
25458
25459
25463
25468
25483
25487
25488
25489
25496
25500
25512
25515
25535
25538
25539
25541
25566
25572
25581
25587
25594
25603
25605
25608
25614
25631
25639
25650
25657
25662
25666
25673
25676
25690
25702
25723
25724
25727
25729
25737
25738
25741
25749
25751
25754
25761
25771
25773
25774
25780
25781
25782
25786
25794
25801
25805
25813
25814
25817
25827
25830
25833
25845
25850
25858
25863
25866
25873
25874
25878
25880
25897
25904
25906
25910
25912
25913
25918
25926
25933
25940
25943
25945
25946
25958
25963
25966
25975
25985
25990
25999
26006
26010
26012
26013
26020
26023
26024
26037
26040
26041
26052
26055
26059
26066
26073
26074
26079
26090
26097
26098
26106
26107
26110
26111
26115
26129
26133
26138
26141
26150
26152
26157
26161
26162
26166
26167
26168
26173
26174
26180
26181
26182
26188
26189
26190
26193
26207
26210
26211
26212
26218
26219
26228
26229
26231
26233
26235
26260
26267
26274
26276
26284
26285
26288
26295
26301
26306
26311
26315
26319
26326
26327
26329
26332
26350
26351
26356
26358
26360
26361
26364
26367
26369
26378
26380
26388
26389
26390
26397
26399
26403
26418
26421
26432
26433
26438
26454
26455
26458
26463
26469
26476
26479
26487
26497
26498
26500
26502
26503
26512
26520
26532
26535
26548
26555
26559
26560
26562
26577
26581
26586
26595
26598
26602
26607
26611
26614
26620
26628
26629
26638
26639
26641
26642
26652
26655
26656
26658
26662
26671
26673
26674
26685
26686
26692
26697
26700
26714
26723
26731
26734
26736
26750
26751
26760
26763
26765
26770
26784
26793
26796
26799
26800
26807
26814
26827
26829
26844
26852
26853
26857
26858
26869
26871
26872
26874
26877
26880
26886
26887
26896
26902
26904
26912
26918
26928
26930
26933
26935
26936
26953
26955
26957
26958
26960
26982
26987
27000
27006
27010
27011
27015
27017
27019
27030
27031
27038
27042
27067
27077
27081
27083
27084
27086
27090
27098
27099
27102
27109
27111
27115
27118
27120
27121
27127
27130
27138
27153
27156
27161
27164
27168
27172
27173
27175
27180
27184
27190
27198
27200
27201
27205
27209
27213
27220
27232
27238
27242
27249
27270
27277
27283
27290
27292
27295
27304
27306
27311
27316
27318
27323
27325
27326
27327
27336
27339
27340
27350
27352
27365
27370
27371
27372
27386
27392
27397
27405
27406
27416
27420
27422
27424
27428
27430
27431
27432
27438
27462
27463
27467
27476
27486
27496
27502
27503
27508
27510
27521
27528
27535
27539
27546
27557
27560
27562
27563
27566
27576
27577
27578
27582
27587
27594
27595
27598
27601
27603
27605
27606
27609
27610
27613
27626
27628
27632
27633
27637
27645
27659
27660
27662
27665
27669
27682
27685
27688
27697
27702
27705
27707
27718
27720
27722
27727
27730
27740
27741
27744
27753
27770
27774
27776
27779
27785
27801
27813
27815
27820
27834
27842
27843
27848
27855
27857
27863
27868
27871
27875
27883
27885
27886
27901
27903
27904
27908
27909
27910
27911
27913
27914
27917
27929
27930
27934
27936
27950
27954
27960
27961
27968
27973
27976
27979
27989
27991
27992
27996
28000
28001
28003
28006
28009
28010
28012
28013
28018
28022
28026
28027
28033
28034
28035
28047
28052
28066
28070
28081
28085
28089
28090
28096
28098
28099
28102
28113
28114
28119
28120
28149
28157
28158
28162
28181
28187
28189
28199
28205
28209
28214
28232
28238
28241
28242
28264
28265
28268
28275
28276
28277
28283
28284
28285
28289
28294
28298
28307
28311
28320
28322
28331
28334
28343
28346
28347
28349
28352
28353
28359
28360
28364
28370
28378
28394
28399
28400
28401
28409
28415
28417
28423
28427
28429
28439
28445
28454
28455
28457
28462
28466
28468
28471
28472
28479
28491
28492
28494
28496
28500
28514
28515
28516
28519
28528
28529
28532
28533
28538
28539
28540
28541
28543
28546
28547
28559
28564
28569
28571
28572
28590
28591
28599
28602
28609
28612
28620
28624
28625
28627
28628
28635
28637
28642
28645
28647
28654
28656
28661
28664
28671
28673
28679
28681
28684
28685
28686
28690
28693
28698
28699
28701
28702
28709
28712
28713
28727
28730
28733
28737
28741
28758
28766
28768
28769
28772
28773
28785
28791
28799
28801
28802
28805
28806
28807
28809
28816
28819
28820
28823
28827
28828
28831
28832
28836
28840
28868
28872
28880
28886
28889
28892
28902
28905
28906
28918
28920
28932
28934
28939
28948
28955
28972
28978
28980
28981
29005
29006
29010
29014
29015
29017
29018
29021
29025
29029
29031
29041
29049
29053
29064
29067
29071
29074
29077
29092
29093
29104
29108
29109
29111
29112
29114
29121
29130
29131
29132
29134
29135
29136
29137
29139
29143
29147
29156
29158
29161
29166
29167
29168
29169
29175
29177
29179
29183
29191
29201
29211
29231
29241
29243
29249
29257
29259
29267
29268
29271
29274
29280
29285
29291
29298
29304
29307
29308
29319
29320
29325
29338
29352
29356
29363
29368
29371
29381
29390
29396
29399
29401
29407
29408
29419
29421
29429
29430
29431
29435
29443
29450
29451
29455
29463
29466
29467
29469
29475
29478
29481
29486
29503
29510
29512
29518
29521
29522
29528
29530
29533
29534
29543
29547
29550
29552
29561
29564
29568
29573
29577
29581
29590
29591
29596
29597
29603
29609
29611
29612
29616
29626
29627
29628
29638
29640
29641
29646
29648
29657
29660
29662
29664
29671
29679
29680
29682
29695
29697
29703
29721
29722
29724
29727
29731
29732
29733
29739
29741
29753
29756
29757
29758
29759
29760
29763
29768
29772
29776
29778
29785
29799
29800
29803
29804
29817
29818
29819
29834
29837
29838
29839
29840
29847
29855
29857
29861
29868
29873
29874
29881
29886
29889
29892
29897
29905
29911
29916
29925
29928
29931
29933
29936
29944
29966
29984
29991
29998
29999
30001
30002
30008
30010
30013
30021
30028
30032
30036
30037
30044
30047
30068
30073
30077
30082
30093
30102
30106
30108
30113
30115
30121
30123
30131
30134
30152
30165
30168
30178
30183
30197
30219
30226
30232
30233
30238
30248
30253
30254
30279
30282
30286
30288
30291
30293
30296
30307
30309
30321
30322
30324
30332
30333
30338
30347
30350
30356
30363
30369
30374
30377
30393
30394
30397
30398
30404
30406
30421
30428
30429
30440
30448
30453
30455
30458
30466
30469
30473
30478
30486
30491
30493
30501
30502
30505
30509
30513
30530
30531
30535
30540
30541
30543
30551
30556
30567
30568
30573
30575
30576
30612
30614
30620
30625
30639
30641
30644
30650
30655
30667
30670
30678
30691
30692
30705
30707
30710
30716
30717
30728
30735
30738
30742
30745
30747
30748
30750
30754
30756
30757
30760
30762
30771
30773
30786
30796
30798
30803
30806
30808
30819
30825
30832
30838
30840
30842
30843
30844
30845
30846
30851
30853
30857
30858
30866
30867
30868
30872
30885
30887
30890
30892
30895
30932
30936
30937
30938
30939
30943
30945
30948
30956
30958
30959
30961
30963
30964
30969
30971
30972
30985
30987
30989
30990
30991
30993
30994
30998
30999
31004
31017
31018
31020
31032
31036
31043
31048
31054
31056
31057
31058
31069
31075
31076
31080
31082
31084
31090
31100
31108
31111
31119
31121
31122
31125
31127
31130
31132
31139
31145
31151
31156
31158
31165
31166
31177
31179
31181
31186
31187
31190
31193
31203
31217
31223
31228
31231
31232
31234
31240
31248
31250
31254
31257
31259
31273
31278
31279
31281
31285
31289
31291
31293
31294
31295
31300
31305
31314
31336
31346
31349
31359
31364
31374
31379
31380
31383
31386
31399
31407
31418
31421
31429
31433
31436
31438
31443
31446
31447
31450
31457
31459
31467
31470
31474
31487
31491
31498
31501
31509
31511
31514
31515
31520
31524
31533
31535
31539
31542
31544
31549
31550
31554
31556
31560
31568
31571
31573
31589
31590
31603
31620
31621
31622
31624
31625
31630
31646
31656
31660
31661
31663
31665
31669
31672
31683
31685
31697
31699
31701
31705
31711
31714
31717
31722
31723
31726
31741
31747
31748
31752
31765
31768
31770
31775
31790
31800
31801
31808
31814
31845
31853
31856
31857
31864
31871
31875
31883
31884
31887
31890
31895
31906
31907
31913
31914
31915
31921
31930
31931
31937
31951
31964
31968
31974
31979
31995
31996
32002
32005
32006
32008
32009
32011
32018
32021
32026
32027
32031
32032
32037
32038
32040
32042
32043
32044
32045
32046
32050
32051
32054
32077
32082
32083
32085
32090
32101
32102
32107
32109
32118
32120
32132
32156
32159
32161
32163
32165
32168
32174
32176
32182
32183
32185
32188
32189
32192
32202
32203
32205
32209
32216
32217
32229
32230
32246
32251
32254
32259
32261
32263
32266
32290
32295
32302
32304
32305
32308
32310
32312
32319
32330
32335
32338
32339
32342
32351
32355
32360
32369
32370
32371
32374
32385
32386
32392
32393
32397
32400
32402
32404
32405
32406
32408
32415
32416
32419
32422
32425
32426
32428
32432
32446
32453
32455
32459
32461
32462
32465
32468
32474
32484
32489
32491
32493
32496
32507
32509
32512
32526
32527
32530
32532
32533
32537
32543
32549
32555
32558
32564
32566
32568
32569
32575
32578
32583
32587
32595
32611
32614
32617
32619
32623
32626
32637
32657
32659
32664
32667
32668
32672
32675
32686
32691
32696
32702
32709
32710
32714
32717
32720
32726
32729
32734
32735
32742
32748
32759
32760
32766
32770
32781
32786
32788
32789
32804
32805
32806
32819
32821
32825
32826
32829
32830
32839
32847
32852
32853
32855
32856
32857
32869
32870
32884
32893
32896
32904
32906
32910
32918
32929
32932
32934
32935
32936
32943
32945
32946
32951
32952
32964
32967
32968
32972
32975
32978
32982
32983
32987
32988
33002
33015
33017
33019
33020
33030
33044
33052
33058
33059
33061
33068
33081
33087
33091
33093
33101
33102
33109
33118
33128
33144
33172
33180
33182
33185
33196
33199
33200
33201
33203
33207
33209
33210
33220
33221
33223
33234
33236
33241
33253
33256
33258
33274
33276
33278
33286
33292
33294
33317
33334
33338
33345
33347
33351
33353
33354
33367
33380
33384
33390
33391
33393
33406
33407
33411
33417
33419
33423
33426
33427
33431
33434
33437
33447
33455
33458
33470
33474
33489
33503
33504
33507
33512
33517
33522
33523
33530
33532
33533
33534
33544
33545
33547
33551
33554
33560
33563
33573
33583
33584
33585
33587
33594
33598
33601
33603
33608
33618
33622
33623
33626
33639
33646
33648
33657
33658
33662
33663
33671
33676
33677
33681
33692
33697
33701
33705
33710
33715
33717
33722
33725
33738
33740
33749
33769
33778
33780
33790
33793
33796
33798
33803
33806
33818
33825
33829
33831
33832
33836
33837
33839
33849
33850
33860
33866
33874
33876
33878
33881
33887
33895
33899
33900
33903
33909
33919
33924
33934
33935
33954
33976
33977
33987
33989
33997
33998
34012
34018
34035
34038
34044
34045
34047
34053
34054
34056
34061
34065
34067
34068
34069
34070
34071
34077
34093
34094
34097
34100
34115
34116
34126
34127
34128
34129
34131
34133
34138
34139
34145
34151
34153
34154
34157
34159
34163
34177
34184
34187
34190
34191
34192
34197
34203
34206
34208
34211
34213
34226
34235
34250
34262
34263
34264
34266
34278
34286
34287
34294
34295
34305
34311
34315
34320
34324
34326
34331
34332
34337
34344
34348
34351
34352
34355
34356
34361
34363
34366
34367
34370
34375
34376
34377
34379
34388
34391
34396
34406
34409
34415
34416
34420
34433
34443
34444
34448
34451
34452
34461
34463
34484
34489
34492
34493
34499
34501
34509
34510
34513
34516
34524
34532
34548
34552
34557
34558
34574
34583
34585
34586
34595
34598
34619
34621
34628
34643
34645
34647
34651
34686
34690
34691
34695
34700
34701
34702
34716
34724
34727
34732
34736
34749
34752
34763
34774
34775
34776
34785
34786
34789
34792
34794
34798
34803
34804
34811
34818
34821
34822
34823
34826
34829
34833
34837
34843
34846
34849
34855
34858
34865
34867
34871
34877
34880
34882
34895
34896
34898
34899
34911
34915
34924
34925
34926
34927
34928
34930
34932
34933
34936
34940
34946
34950
34951
34959
34963
34964
34965
34966
34970
34973
34976
34980
34997
35002
35007
35027
35035
35037
35039
35045
35046
35047
35051
35056
35060
35063
35071
35073
35076
35081
35090
35092
35093
35100
35106
35109
35114
35116
35118
35124
35126
35128
35130
35134
35139
35140
35157
35159
35174
35175
35180
35183
35194
35208
35219
35225
35226
35230
35237
35238
35239
35250
35255
35257
35264
35272
35284
35290
35294
35300
35305
35307
35321
35332
35336
35338
35339
35355
35359
35362
35365
35369
35377
35378
35380
35382
35390
35391
35394
35397
35398
35404
35410
35412
35437
35444
35448
35454
35462
35465
35466
35468
35475
35494
35495
35503
35504
35505
35507
35513
35517
35522
35524
35525
35526
35535
35543
35545
35546
35547
35559
35561
35562
35564
35581
35587
35593
35594
35599
35602
35604
35620
35622
35623
35627
35629
35632
35644
35651
35655
35656
35665
35667
35671
35677
35681
35683
35688
35708
35715
35719
35721
35723
35726
35727
35737
35742
35746
35747
35756
35760
35765
35777
35778
35780
35786
35793
35796
35797
35798
35806
35809
35811
35814
35823
35828
35830
35837
35844
35845
35848
35852
35859
35866
35871
35877
35883
35889
35893
35894
35897
35899
35900
35906
35908
35912
35917
35919
35923
35931
35933
35939
35940
35942
35948
35952
35953
35954
35958
35961
35967
35972
35973
35994
35995
36014
36018
36031
36041
36043
36045
36053
36056
36059
36062
36067
36075
36085
36091
36098
36105
36109
36115
36117
36119
36127
36135
36138
36141
36144
36151
36154
36155
36168
36175
36182
36186
36197
36200
36204
36206
36209
36217
36219
36222
36224
36226
36233
36240
36241
36243
36244
36247
36256
36265
36266
36270
36271
36275
36279
36284
36290
36301
36302
36303
36323
36326
36338
36339
36347
36352
36369
36381
36386
36393
36394
36399
36407
36413
36420
36423
36428
36430
36444
36455
36467
36468
36500
36502
36512
36515
36519
36521
36522
36530
36533
36541
36552
36561
36566
36569
36572
36575
36580
36589
36601
36608
36609
36610
36612
36613
36621
36622
36623
36624
36630
36636
36641
36643
36650
36659
36660
36667
36675
36676
36679
36684
36688
36699
36701
36705
36709
36710
36716
36722
36729
36736
36742
36744
36755
36759
36766
36769
36770
36776
36777
36793
36794
36803
36824
36832
36841
36844
36850
36863
36867
36874
36875
36881
36882
36894
36901
36902
36904
36913
36914
36915
36917
36921
36927
36929
36930
36933
36939
36947
36951
36952
36953
36962
36968
36972
36976
36985
37006
37009
37015
37031
37036
37045
37052
37061
37067
37071
37073
37077
37089
37094
37096
37108
37109
37116
37117
37121
37123
37129
37130
37141
37146
37149
37152
37159
37161
37167
37170
37172
37183
37185
37187
37188
37197
37202
37204
37207
37209
37218
37220
37227
37232
37236
37240
37247
37251
37252
37253
37257
37261
37263
37264
37276
37280
37283
37286
37291
37292
37296
37307
37309
37311
37325
37328
37341
37353
37367
37384
37391
37401
37404
37408
37418
37427
37438
37439
37447
37467
37476
37480
37483
37487
37492
37495
37496
37499
37509
37515
37517
37524
37529
37539
37540
37543
37552
37553
37560
37568
37574
37589
37592
37601
37610
37614
37623
37629
37630
37634
37647
37650
37658
37661
37662
37669
37689
37699
37701
37706
37714
37717
37720
37725
37728
37744
37746
37750
37752
37757
37773
37774
37775
37784
37785
37788
37796
37800
37801
37813
37820
37822
37843
37852
37853
37857
37861
37867
37869
37878
37883
37884
37892
37899
37906
37907
37915
37920
37927
37942
37946
37949
37958
37959
37960
37963
37968
37972
37975
37976
37977
37981
37985
37986
37988
37990
38000
38004
38009
38015
38020
38042
38043
38044
38048
38052
38055
38058
38065
38066
38070
38073
38074
38077
38084
38087
38089
38097
38098
38101
38106
38109
38114
38115
38119
38121
38123
38128
38132
38139
38140
38142
38144
38150
38154
38164
38169
38173
38177
38191
38192
38198
38203
38208
38213
38215
38216
38239
38240
38241
38246
38247
38252
38255
38259
38262
38264
38265
38273
38279
38286
38287
38292
38298
38299
38300
38302
38303
38308
38318
38320
38324
38333
38337
38339
38347
38350
38356
38359
38369
38370
38374
38379
38380
38383
38386
38389
38391
38392
38393
38395
38397
38406
38413
38414
38415
38417
38430
38433
38450
38455
38461
38462
38463
38464
38470
38477
38486
38491
38494
38495
38505
38512
38519
38528
38538
38539
38540
38545
38549
38565
38568
38575
38581
38583
38590
38592
38593
38598
38600
38606
38607
38616
38621
38630
38644
38647
38656
38657
38660
38667
38668
38676
38681
38682
38691
38697
38708
38709
38723
38726
38728
38738
38742
38745
38746
38750
38754
38759
38774
38776
38780
38788
38789
38790
38795
38796
38801
38812
38814
38818
38826
38828
38833
38834
38842
38846
38852
38856
38863
38866
38872
38873
38888
38912
38914
38918
38927
38928
38929
38937
38945
38955
38962
38968
38972
38973
38975
38979
38982
38983
38985
38993
38994
38998
39014
39017
39019
39022
39030
39031
39041
39045
39050
39056
39057
39067
39069
39070
39075
39080
39088
39092
39094
39096
39097
39104
39110
39114
39115
39127
39128
39143
39149
39155
39158
39161
39170
39171
39172
39176
39178
39186
39187
39191
39192
39195
39197
39203
39204
39209
39223
39227
39229
39248
39257
39259
39265
39266
39269
39271
39273
39274
39276
39283
39284
39287
39289
39294
39296
39308
39311
39319
39327
39330
39341
39348
39350
39351
39353
39362
39363
39364
39365
39367
39372
39374
39381
39385
39393
39401
39408
39411
39412
39413
39422
39428
39446
39448
39453
39454
39459
39464
39478
39479
39485
39489
39491
39492
39493
39499
39506
39509
39511
39513
39520
39523
39536
39538
39547
39557
39558
39565
39572
39573
39577
39578
39590
39591
39592
39594
39604
39607
39609
39616
39617
39629
39630
39634
39641
39644
39645
39651
39656
39662
39664
39678
39687
39692
39697
39704
39718
39719
39736
39739
39740
39742
39746
39749
39758
39759
39762
39764
39776
39783
39789
39796
39800
39806
39808
39809
39810
39814
39817
39822
39824
39825
39832
39834
39835
39853
39860
39864
39868
39882
39885
39903
39910
39912
39914
39915
39920
39925
39945
39957
39962
39966
39968
39971
39980
39989
39990
40000
40006
40010
40011
40015
40019
40032
40033
40037
40040
40041
40048
40058
40060
40069
40075
40078
40079
40091
40095
40100
40106
40107
40109
40113
40114
40115
40123
40127
40132
40133
40134
40143
40149
40153
40154
40165
40166
40167
40179
40181
40184
40185
40192
40203
40214
40216
40221
40226
40232
40240
40243
40245
40249
40257
40264
40269
40274
40279
40280
40292
40306
40308
40313
40314
40328
40329
40332
40350
40357
40368
40375
40380
40387
40388
40391
40392
40401
40408
40409
40410
40411
40412
40414
40418
40419
40426
40428
40429
40439
40440
40453
40459
40467
40468
40470
40474
40477
40482
40487
40496
40501
40508
40514
40524
40530
40531
40542
40546
40550
40551
40552
40556
40562
40563
40565
40567
40574
40576
40577
40578
40579
40580
40582
40588
40593
40600
40601
40603
40604
40606
40610
40612
40613
40615
40640
40645
40646
40651
40655
40656
40661
40678
40683
40687
40704
40713
40718
40720
40722
40723
40728
40732
40740
40741
40755
40756
40758
40762
40764
40765
40767
40772
40778
40795
40801
40809
40813
40820
40825
40826
40837
40839
40850
40852
40855
40858
40868
40869
40902
40905
40920
40928
40935
40943
40950
40955
40958
40960
40966
40979
40986
40991
40994
40997
40998
41002
41006
41011
41013
41029
41039
41045
41048
41060
41063
41067
41082
41100
41121
41130
41138
41140
41143
41148
41162
41166
41167
41171
41173
41176
41179
41180
41184
41192
41202
41203
41213
41215
41221
41227
41240
41248
41251
41253
41254
41257
41265
41268
41276
41277
41281
41291
41295
41299
41302
41305
41316
41320
41330
41335
41339
41350
41359
41361
41366
41368
41370
41374
41375
41376
41381
41384
41387
41392
41395
41396
41397
41406
41409
41412
41417
41421
41431
41435
41437
41451
41452
41454
41455
41457
41461
41480
41482
41485
41487
41489
41493
41499
41501
41503
41509
41512
41513
41514
41516
41522
41524
41526
41528
41530
41535
41550
41560
41568
41575
41584
41587
41588
41591
41605
41612
41613
41614
41618
41627
41634
41641
41642
41643
41650
41651
41656
41660
41665
41670
41674
41676
41677
41682
41684
41686
41699
41700
41701
41707
41708
41711
41717
41720
41721
41722
41723
41724
41729
41741
41742
41748
41752
41769
41771
41774
41775
41783
41786
41792
41794
41799
41804
41810
41827
41835
41852
41855
41858
41861
41864
41872
41878
41882
41883
41887
41892
41893
41894
41910
41913
41915
41922
41934
41937
41950
41957
41967
41973
41974
41979
41985
42000
42001
42005
42006
42008
42017
42023
42026
42027
42033
42044
42045
42047
42048
42056
42066
42070
42071
42073
42077
42082
42087
42090
42100
42101
42103
42111
42117
42124
42126
42127
42128
42134
42138
42144
42155
42161
42165
42184
42186
42187
42206
42216
42224
42227
42228
42236
42240
42244
42258
42261
42263
42264
42266
42278
42279
42281
42289
42290
42291
42292
42293
42295
42298
42299
42317
42322
42323
42325
42328
42355
42357
42360
42364
42367
42372
42373
42374
42379
42380
42388
42405
42410
42415
42418
42426
42430
42433
42435
42436
42439
42447
42451
42458
42459
42461
42466
42469
42481
42483
42486
42495
42496
42504
42509
42514
42522
42527
42538
42540
42541
42546
42551
42556
42557
42563
42565
42569
42571
42574
42577
42580
42584
42585
42586
42592
42600
42601
42603
42604
42608
42609
42617
42630
42634
42641
42643
42651
42652
42653
42658
42660
42688
42701
42703
42733
42745
42750
42752
42762
42771
42775
42784
42786
42789
42790
42793
42799
42801
42805
42806
42809
42817
42819
42827
42830
42840
42845
42847
42865
42879
42884
42892
42902
42908
42912
42913
42915
42920
42924
42940
42957
42966
42967
42971
42991
42998
43000
43002
43014
43021
43022
43025
43028
43032
43041
43043
43047
43048
43053
43055
43060
43064
43066
43067
43068
43070
43071
43076
43077
43097
43098
43099
43123
43124
43127
43129
43131
43134
43139
43156
43158
43159
43161
43165
43174
43177
43178
43179
43184
43186
43189
43192
43196
43199
43200
43202
43203
43212
43215
43216
43220
43231
43232
43246
43248
43251
43253
43257
43259
43279
43289
43295
43302
43304
43315
43320
43328
43329
43334
43335
43336
43338
43344
43346
43347
43348
43350
43351
43361
43365
43374
43378
43380
43384
43385
43390
43392
43396
43400
43403
43408
43414
43416
43419
43420
43441
43456
43457
43458
43463
43464
43466
43473
43484
43488
43495
43511
43516
43530
43532
43534
43537
43541
43542
43545
43554
43556
43558
43559
43567
43569
43578
43590
43597
43599
43600
43603
43607
43615
43618
43621
43623
43626
43633
43639
43641
43653
43673
43676
43680
43682
43683
43686
43704
43707
43709
43715
43717
43718
43722
43730
43731
43738
43739
43741
43744
43746
43754
43757
43758
43760
43765
43771
43779
43781
43784
43786
43790
43792
43802
43805
43811
43812
43815
43827
43836
43840
43844
43855
43859
43876
43880
43883
43884
43892
43896
43898
43900
43907
43912
43924
43930
43933
43947
43952
43953
43954
43964
43971
43975
43977
43984
43985
43986
43988
43996
43999
44003
44006
44010
44017
44019
44026
44027
44033
44037
44048
44059
44060
44064
44067
44077
44078
44079
44082
44089
44091
44093
44095
44100
44106
44107
44109
44117
44119
44122
44124
44129
44135
44139
44141
44143
44145
44146
44147
44151
44154
44158
44159
44164
44170
44174
44185
44188
44196
44198
44200
44201
44207
44210
44215
44216
44231
44234
44237
44238
44239
44257
44261
44268
44271
44274
44279
44284
44291
44313
44317
44318
44319
44325
44337
44338
44349
44351
44352
44359
44365
44367
44369
44370
44371
44379
44386
44392
44408
44409
44415
44416
44428
44437
44444
44447
44449
44456
44462
44465
44472
44473
44474
44480
44490
44494
44496
44502
44516
44517
44518
44524
44536
44539
44540
44541
44550
44557
44560
44566
44568
44573
44574
44587
44588
44592
44593
44594
44610
44622
44630
44631
44632
44634
44642
44645
44646
44662
44664
44668
44675
44680
44697
44710
44731
44739
44741
44742
44745
44746
44747
44754
44761
44765
44772
44778
44787
44789
44800
44802
44803
44804
44806
44816
44819
44826
44829
44835
44842
44846
44850
44861
44865
44867
44871
44880
44885
44890
44891
44893
44896
44900
44905
44907
44917
44918
44920
44924
44926
44956
44958
44962
44969
44977
44978
44980
44982
44988
44990
44997
45001
45006
45008
45012
45017
45019
45021
45026
45027
45028
45037
45044
45047
45049
45051
45067
45070
45089
45091
45094
45096
45101
45102
45108
45112
45113
45120
45129
45137
45138
45139
45145
45154
45156
45157
45159
45162
45178
45179
45180
45201
45204
45217
45219
45222
45225
45227
45233
45254
45262
45268
45269
45273
45277
45278
45284
45304
45315
45322
45323
45325
45328
45331
45332
45337
45345
45348
45359
45370
45374
45382
45385
45389
45390
45394
45400
45401
45409
45414
45418
45423
45426
45435
45441
45443
45446
45484
45489
45498
45501
45511
45519
45523
45524
45529
45543
45544
45547
45549
45564
45566
45568
45576
45577
45584
45591
45595
45604
45614
45618
45624
45628
45639
45643
45651
45664
45676
45687
45690
45692
45698
45699
45701
45712
45720
45731
45741
45744
45747
45754
45756
45760
45766
45767
45768
45770
45773
45774
45776
45777
45782
45783
45793
45795
45797
45803
45814
45821
45822
45833
45835
45836
45841
45842
45855
45859
45868
45870
45873
45882
45887
45892
45894
45900
45901
45906
45909
45923
45925
45936
45938
45939
45949
45951
45953
45957
45966
45979
45983
45984
45989
45992
45999
46005
46009
46014
46016
46020
46021
46025
46026
46031
46032
46037
46047
46056
46057
46064
46070
46071
46073
46078
46090
46093
46116
46119
46127
46132
46141
46146
46148
46150
46152
46157
46158
46161
46167
46169
46185
46190
46207
46214
46219
46220
46223
46224
46225
46234
46235
46244
46247
46257
46264
46265
46266
46268
46275
46276
46281
46286
46291
46293
46299
46310
46313
46316
46318
46321
46325
46328
46330
46331
46333
46334
46342
46351
46352
46355
46370
46371
46378
46383
46387
46389
46404
46410
46422
46424
46429
46431
46432
46433
46436
46437
46441
46443
46445
46448
46449
46452
46463
46464
46480
46503
46506
46510
46511
46515
46516
46519
46522
46525
46540
46541
46545
46546
46549
46552
46555
46560
46562
46569
46574
46577
46581
46597
46598
46602
46605
46610
46612
46615
46618
46619
46621
46625
46630
46647
46654
46672
46673
46676
46677
46689
46692
46695
46696
46697
46699
46704
46708
46719
46723
46724
46733
46742
46746
46758
46761
46764
46767
46771
46777
46780
46784
46790
46793
46795
46800
46803
46804
46838
46845
46851
46861
46863
46865
46872
46874
46877
46878
46882
46892
46895
46900
46902
46915
46917
46921
46924
46926
46927
46929
46930
46933
46938
46944
46945
46950
46953
46969
46980
46981
46984
46993
46994
46997
47000
47004
47006
47007
47009
47016
47025
47033
47038
47041
47047
47052
47055
47056
47059
47066
47067
47068
47070
47072
47076
47077
47084
47085
47087
47097
47098
47099
47102
47114
47119
47130
47136
47137
47138
47142
47147
47149
47151
47152
47166
47169
47180
47181
47185
47190
47203
47211
47214
47215
47218
47232
47233
47250
47261
47263
47268
47288
47294
47304
47305
47314
47320
47321
47327
47328
47329
47333
47336
47339
47342
47348
47350
47365
47366
47369
47380
47390
47394
47397
47398
47409
47413
47420
47426
47432
47433
47437
47442
47447
47452
47453
47464
47468
47474
47483
47484
47499
47501
47507
47508
47510
47519
47525
47526
47528
47536
47539
47544
47547
47550
47553
47554
47557
47560
47562
47570
47573
47588
47591
47601
47605
47616
47620
47630
47635
47640
47644
47654
47662
47663
47684
47689
47692
47694
47697
47699
47701
47703
47709
47711
47718
47720
47722
47730
47732
47734
47735
47737
47744
47748
47751
47755
47758
47759
47760
47764
47767
47780
47781
47785
47799
47803
47806
47812
47819
47820
47824
47829
47830
47832
47834
47835
47839
47844
47846
47848
47850
47857
47858
47859
47861
47867
47870
47875
47878
47883
47885
47890
47892
47894
47897
47898
47901
47914
47917
47920
47924
47925
47933
47941
47942
47951
47954
47955
47966
47971
47977
47991
47993
47997
48002
48003
48015
48019
48021
48029
48034
48037
48042
48043
48045
48047
48048
48049
48054
48077
48084
48088
48089
48090
48109
48110
48111
48120
48122
48135
48140
48142
48145
48150
48163
48165
48167
48170
48171
48174
48175
48179
48193
48196
48197
48200
48202
48204
48217
48222
48225
48229
48240
48243
48251
48257
48258
48280
48284
48296
48298
48302
48304
48305
48311
48314
48322
48325
48326
48330
48335
48349
48351
48371
48375
48376
48378
48386
48389
48397
48398
48401
48409
48411
48413
48415
48423
48424
48425
48439
48444
48445
48446
48457
48461
48462
48464
48474
48479
48483
48486
48491
48507
48508
48509
48515
48520
48523
48524
48525
48527
48533
48544
48547
48553
48554
48555
48556
48559
48563
48565
48566
48575
48576
48589
48590
48594
48596
48600
48606
48611
48612
48619
48621
48643
48645
48654
48655
48670
48682
48685
48688
48689
48694
48697
48698
48703
48704
48708
48709
48710
48715
48728
48731
48732
48742
48747
48759
48765
48767
48769
48780
48783
48786
48788
48794
48799
48803
48805
48807
48814
48822
48827
48830
48835
48839
48847
48855
48871
48874
48879
48880
48888
48889
48896
48898
48900
48903
48906
48913
48919
48926
48927
48943
48947
48949
48951
48955
48960
48961
48964
48969
48983
48990
48999
49010
49015
49020
49023
49024
49025
49026
49027
49036
49048
49056
49058
49060
49074
49080
49081
49084
49088
49089
49093
49094
49099
49110
49114
49126
49128
49138
49143
49150
49174
49175
49178
49180
49187
49188
49189
49191
49192
49197
49203
49221
49225
49229
49249
49253
49262
49265
49266
49271
49273
49281
49288
49294
49296
49299
49303
49309
49313
49314
49316
49319
49320
49323
49335
49336
49337
49338
49339
49342
49354
49356
49360
49376
49383
49391
49407
49412
49415
49418
49421
49424
49440
49443
49444
49449
49450
49452
49454
49455
49460
49473
49484
49486
49491
49492
49496
49499
49504
49510
49516
49519
49521
49522
49524
49527
49538
49541
49547
49548
49550
49553
49561
49566
49568
49572
49577
49582
49586
49589
49592
49597
49600
49604
49610
49626
49629
49634
49637
49639
49644
49646
49651
49655
49659
49660
49674
49680
49682
49687
49691
49702
49705
49710
49716
49721
49725
49734
49738
49743
49747
49748
49750
49752
49759
49760
49761
49767
49773
49774
49777
49779
49782
49785
49788
49794
49796
49802
49814
49816
49820
49824
49826
49835
49840
49843
49848
49849
49852
49858
49861
49867
49873
49880
49881
49882
49887
49891
49894
49895
49905
49908
49911
49914
49921
49922
49929
49944
49946
49952
49955
49956
49957
49968
49973
49989
49998
50001
50020
50021
50029
50030
50045
50046
50047
50050
50055
50061
50077
50081
50090
50096
50099
50100
50107
50115
50118
50120
50139
50143
50148
50155
50165
50169
50174
50175
50185
50186
50190
50194
50197
50215
50222
50226
50232
50236
50241
50246
50255
50257
50263
50270
50271
50274
50276
50277
50279
50287
50292
50295
50296
50297
50303
50309
50311
50312
50314
50319
50328
50333
50342
50351
50352
50358
50366
50374
50375
50378
50379
50382
50392
50397
50399
50406
50408
50418
50421
50426
50434
50439
50441
50451
50455
50459
50468
50470
50482
50490
50492
50493
50504
50505
50507
50508
50511
50515
50518
50523
50533
50543
50546
50551
50553
50565
50567
50568
50572
50573
50579
50586
50598
50601
50609
50612
50621
50622
50625
50639
50646
50649
50653
50658
50667
50676
50685
50687
50690
50692
50698
50700
50702
50703
50724
50725
50731
50733
50735
50737
50739
50743
50745
50754
50755
50764
50765
50768
50783
50787
50793
50800
50801
50803
50807
50814
50815
50817
50825
50826
50829
50830
50841
50842
50844
50854
50859
50865
50869
50887
50890
50893
50898
50905
50906
50910
50918
50932
50940
50946
50947
50953
50957
50958
50965
50966
50976
50985
50986
50987
50989
50994
50999
51000
51017
51019
51021
51024
51027
51031
51033
51042
51050
51055
51070
51077
51078
51081
51082
51083
51091
51095
51099
51102
51103
51104
51106
51109
51111
51113
51114
51131
51140
51146
51153
51154
51162
51164
51168
51173
51174
51175
51183
51187
51189
51195
51196
51197
51198
51200
51201
51204
51206
51207
51208
51209
51221
51224
51225
51228
51230
51236
51240
51242
51249
51272
51273
51279
51285
51288
51291
51305
51307
51314
51320
51321
51328
51329
51330
51331
51332
51336
51339
51341
51347
51358
51361
51362
51372
51373
51379
51382
51383
51385
51394
51395
51402
51403
51404
51411
51418
51425
51429
51430
51434
51435
51437
51454
51464
51469
51470
51490
51493
51497
51499
51504
51506
51507
51509
51527
51529
51547
51565
51569
51571
51575
51576
51579
51580
51583
51590
51594
51599
51600
51605
51607
51623
51632
51635
51641
51643
51650
51651
51654
51658
51662
51671
51676
51677
51679
51681
51686
51687
51697
51714
51715
51720
51730
51731
51735
51739
51747
51749
51752
51762
51775
51783
51792
51799
51800
51809
51816
51819
51821
51822
51827
51828
51833
51844
51853
51854
51858
51859
51860
51870
51875
51886
51892
51893
51900
51904
51910
51915
51919
51922
51925
51929
51931
51940
51943
51950
51954
51956
51958
51969
51972
51975
51976
51979
51987
51997
51998
52000
52004
52005
52016
52020
52027
52031
52034
52036
52041
52049
52051
52054
52059
52061
52062
52082
52084
52094
52099
52105
52109
52111
52116
52118
52121
52130
52132
52139
52147
52152
52155
52159
52163
52171
52172
52179
52184
52189
52196
52197
52201
52203
52205
52208
52209
52241
52242
52243
52247
52256
52266
52267
52270
52271
52276
52283
52285
52288
52292
52298
52318
52323
52334
52336
52340
52344
52353
52361
52363
52365
52366
52367
52373
52375
52396
52398
52414
52416
52434
52438
52440
52447
52455
52460
52463
52464
52466
52467
52472
52474
52476
52484
52488
52497
52502
52507
52508
52512
52518
52537
52538
52539
52543
52545
52549
52553
52560
52565
52566
52569
52574
52579
52580
52590
52594
52596
52602
52607
52613
52628
52633
52649
52657
52672
52688
52692
52698
52705
52711
52726
52727
52731
52736
52737
52744
52750
52756
52758
52763
52767
52768
52769
52770
52777
52778
52779
52788
52791
52793
52794
52800
52818
52828
52843
52851
52856
52869
52870
52871
52890
52899
52900
52901
52903
52904
52907
52944
52952
52964
52970
52977
52981
52993
52996
53013
53014
53016
53017
53021
53026
53032
53036
53039
53050
53051
53052
53055
53057
53066
53072
53073
53076
53079
53084
53085
53092
53093
53100
53110
53113
53120
53136
53144
53151
53164
53167
53168
53169
53170
53172
53174
53175
53185
53191
53193
53201
53208
53217
53221
53224
53225
53227
53230
53239
53240
53264
53277
53278
53283
53286
53293
53296
53302
53308
53313
53314
53322
53328
53330
53333
53335
53338
53349
53353
53370
53378
53386
53392
53395
53423
53427
53428
53431
53434
53437
53439
53441
53446
53448
53450
53455
53460
53464
53471
53487
53490
53493
53510
53511
53526
53534
53538
53545
53548
53550
53551
53555
53559
53562
53567
53569
53572
53576
53584
53585
53596
53603
53613
53615
53631
53636
53646
53653
53658
53663
53666
53673
53675
53682
53692
53694
53701
53705
53706
53709
53711
53713
53715
53716
53717
53727
53730
53731
53734
53738
53753
53770
53782
53783
53791
53796
53804
53812
53814
53816
53817
53825
53838
53850
53853
53859
53863
53864
53869
53871
53877
53878
53879
53890
53914
53916
53926
53930
53933
53938
53943
53944
53953
53954
53963
53975
53979
53982
53984
53989
53990
53991
53995
54002
54005
54008
54014
54033
54036
54041
54043
54044
54046
54064
54067
54071
54074
54079
54080
54083
54084
54091
54092
54094
54099
54103
54105
54106
54109
54116
54123
54133
54136
54144
54148
54157
54171
54176
54182
54186
54192
54202
54219
54225
54229
54233
54234
54236
54242
54243
54253
54254
54280
54281
54295
54298
54303
54306
54319
54322
54332
54347
54361
54364
54368
54375
54383
54384
54388
54393
54408
54410
54414
54418
54425
54431
54435
54437
54439
54440
54445
54446
54467
54468
54480
54484
54485
54493
54495
54496
54497
54501
54502
54503
54508
54513
54515
54519
54525
54535
54536
54538
54542
54549
54551
54552
54555
54558
54563
54574
54575
54586
54590
54599
54603
54616
54626
54628
54639
54641
54650
54659
54660
54661
54665
54696
54697
54699
54703
54706
54708
54718
54726
54746
54748
54751
54753
54755
54756
54757
54763
54767
54780
54793
54794
54798
54804
54805
54807
54808
54811
54812
54819
54822
54830
54840
54841
54846
54863
54864
54865
54872
54887
54890
54891
54895
54901
54904
54911
54916
54919
54921
54923
54927
54928
54932
54937
54941
54946
54949
54951
54957
54968
54971
54972
54974
54979
54981
54990
54993
55009
55011
55013
55021
55022
55031
55032
55039
55040
55041
55044
55048
55053
55063
55064
55066
55077
55081
55085
55091
55095
55098
55100
55101
55109
55113
55114
55117
55118
55120
55124
55125
55127
55130
55136
55137
55138
55141
55146
55147
55155
55157
55158
55160
55161
55162
55163
55181
55188
55200
55202
55205
55206
55215
55217
55226
55227
55232
55237
55240
55253
55256
55266
55279
55285
55286
55289
55290
55292
55306
55320
55322
55326
55330
55332
55335
55340
55352
55363
55364
55376
55386
55387
55392
55394
55400
55410
55415
55418
55425
55426
55430
55431
55436
55449
55463
55489
55509
55514
55516
55522
55524
55537
55542
55548
55556
55558
55561
55562
55563
55567
55574
55575
55581
55582
55585
55586
55594
55604
55605
55606
55608
55611
55622
55631
55634
55641
55643
55644
55650
55652
55654
55672
55677
55692
55707
55708
55714
55719
55725
55727
55731
55732
55739
55740
55743
55752
55758
55762
55763
55766
55769
55770
55771
55788
55790
55795
55798
55800
55810
55824
55826
55833
55838
55844
55853
55862
55876
55878
55883
55890
55894
55900
55905
55909
55911
55912
55915
55929
55931
55937
55940
55948
55951
55956
55960
55965
55967
55968
55969
55970
55971
55972
55977
55985
55991
55998
56002
56008
56009
56013
56016
56017
56026
56028
56034
56035
56039
56041
56043
56045
56046
56049
56050
56060
56061
56066
56067
56072
56073
56085
56087
56094
56095
56096
56099
56101
56102
56108
56112
56113
56125
56128
56129
56131
56142
56151
56153
56155
56158
56168
56175
56186
56188
56189
56190
56192
56199
56203
56204
56213
56218
56219
56220
56223
56225
56234
56236
56237
56244
56247
56248
56252
56256
56262
56263
56275
56278
56290
56300
56316
56324
56332
56339
56341
56342
56343
56352
56358
56359
56364
56371
56374
56375
56376
56383
56386
56391
56403
56412
56416
56423
56424
56425
56433
56438
56441
56449
56451
56454
56457
56458
56461
56464
56468
56469
56476
56483
56493
56494
56501
56503
56506
56512
56517
56524
56529
56532
56533
56535
56538
56543
56552
56553
56560
56561
56564
56574
56579
56580
56585
56586
56596
56598
56602
56606
56613
56617
56619
56624
56629
56631
56632
56634
56637
56644
56652
56655
56656
56657
56659
56662
56670
56673
56679
56684
56687
56688
56692
56695
56699
56703
56705
56706
56710
56713
56717
56724
56725
56730
56733
56734
56737
56739
56757
56758
56761
56772
56781
56793
56801
56805
56806
56809
56812
56821
56823
56824
56836
56844
56847
56851
56857
56871
56873
56882
56884
56892
56895
56896
56899
56904
56909
56911
56913
56924
56925
56926
56931
56944
56946
56955
56961
56962
56966
56969
56970
56975
56989
56990
56993
57017
57022
57023
57025
57031
57041
57054
57055
57058
57060
57061
57063
57076
57082
57083
57096
57098
57102
57135
57137
57140
57142
57149
57155
57158
57162
57167
57174
57185
57197
57200
57203
57204
57208
57209
57211
57213
57217
57224
57225
57230
57233
57235
57241
57244
57253
57268
57269
57270
57275
57283
57284
57299
57308
57320
57322
57327
57335
57338
57339
57347
57352
57353
57364
57368
57373
57381
57383
57386
57387
57393
57396
57399
57403
57407
57408
57414
57420
57422
57423
57426
57432
57436
57439
57443
57445
57450
57451
57473
57482
57511
57520
57529
57534
57537
57543
57544
57548
57549
57552
57554
57564
57575
57577
57581
57587
57593
57597
57598
57603
57605
57611
57612
57615
57617
57621
57622
57624
57628
57637
57644
57645
57654
57655
57662
57683
57684
57687
57706
57708
57711
57714
57720
57725
57727
57731
57741
57743
57750
57761
57763
57766
57771
57772
57776
57794
57798
57807
57812
57825
57826
57827
57839
57846
57848
57858
57864
57868
57895
57901
57905
57906
57909
57915
57924
57937
57938
57948
57950
57953
57954
57956
57958
57964
57966
57971
57981
57984
57987
57993
57995
57998
58002
58004
58005
58009
58017
58023
58029
58038
58045
58047
58057
58058
58065
58070
58077
58079
58084
58087
58091
58111
58113
58115
58119
58126
58139
58141
58142
58143
58144
58146
58150
58151
58153
58157
58164
58170
58173
58178
58191
58192
58195
58197
58201
58203
58204
58214
58218
58226
58230
58235
58244
58249
58250
58251
58260
58261
58272
58275
58280
58283
58285
58289
58293
58299
58313
58314
58318
58325
58329
58339
58341
58354
58356
58361
58363
58365
58377
58381
58388
58391
58416
58433
58442
58447
58450
58454
58456
58483
58485
58488
58491
58494
58497
58502
58513
58516
58519
58520
58535
58538
58543
58551
58554
58556
58558
58559
58561
58564
58569
58571
58575
58580
58581
58585
58587
58590
58592
58604
58619
58624
58627
58630
58635
58643
58646
58650
58654
58664
58673
58680
58682
58688
58695
58702
58703
58705
58706
58710
58713
58717
58719
58722
58725
58726
58729
58732
58739
58746
58748
58749
58750
58752
58754
58760
58769
58772
58773
58795
58796
58797
58802
58812
58821
58826
58841
58842
58845
58846
58853
58865
58872
58876
58880
58883
58884
58885
58889
58891
58895
58910
58911
58914
58924
58926
58932
58934
58940
58943
58947
58949
58950
58955
58956
58975
58979
58980
58985
58995
59004
59006
59007
59017
59019
59031
59045
59047
59050
59052
59053
59055
59068
59076
59082
59084
59086
59097
59099
59104
59110
59117
59132
59133
59134
59139
59148
59157
59174
59177
59178
59179
59183
59184
59185
59188
59191
59203
59205
59206
59209
59215
59217
59223
59224
59231
59234
59238
59241
59246
59250
59258
59260
59262
59264
59267
59268
59292
59296
59308
59314
59315
59320
59321
59332
59336
59337
59346
59350
59351
59356
59369
59384
59386
59396
59398
59401
59410
59414
59416
59420
59427
59429
59432
59433
59434
59435
59439
59440
59441
59453
59461
59463
59464
59469
59472
59493
59496
59503
59507
59519
59533
59544
59547
59551
59558
59562
59563
59564
59569
59570
59576
59577
59578
59583
59598
59614
59616
59618
59619
59623
59628
59632
59641
59646
59648
59649
59650
59661
59664
59666
59672
59691
59694
59696
59697
59698
59700
59701
59702
59706
59709
59712
59716
59723
59727
59732
59733
59736
59739
59746
59748
59750
59758
59763
59766
59772
59774
59779
59795
59796
59801
59802
59803
59804
59807
59810
59813
59816
59818
59819
59821
59825
59826
59832
59833
59834
59845
59850
59854
59859
59861
59872
59887
59900
59902
59909
59918
59931
59932
59936
59939
59946
59955
59957
59960
59963
59965
59967
59981
59985
59990
59992
59993
60014
60018
60022
60034
60041
60053
60060
60061
60064
60067
60072
60078
60082
60085
60087
60088
60090
60096
60097
60099
60107
60116
60120
60122
60124
60126
60139
60143
60146
60154
60157
60162
60175
60176
60178
60189
60192
60195
60201
60207
60212
60215
60217
60234
60256
60259
60260
60261
60265
60271
60272
60274
60286
60287
60301
60313
60317
60318
60319
60322
60326
60330
60333
60338
60343
60344
60347
60350
60353
60367
60373
60376
60379
60380
60381
60382
60390
60393
60394
60405
60406
60409
60410
60420
60421
60430
60436
60440
60458
60460
60462
60463
60464
60467
60470
60473
60474
60482
60486
60487
60489
60501
60512
60516
60523
60525
60526
60538
60541
60543
60545
60547
60552
60557
60562
60573
60575
60583
60585
60593
60597
60599
60609
60624
60628
60639
60642
60654
60658
60670
60671
60673
60674
60676
60685
60688
60690
60694
60699
60708
60712
60713
60720
60723
60724
60739
60752
60768
60770
60773
60779
60781
60783
60785
60798
60807
60809
60833
60845
60849
60857
60859
60861
60868
60885
60886
60910
60913
60916
60917
60920
60923
60924
60926
60927
60928
60933
60936
60938
60948
60952
60960
60967
60978
60979
60982
60985
60990
60992
60996
61006
61008
61009
61016
61019
61022
61028
61029
61035
61036
61042
61046
61053
61056
61070
61077
61083
61085
61087
61088
61100
61101
61102
61105
61106
61110
61112
61113
61114
61117
61119
61126
61129
61133
61137
61140
61142
61144
61151
61152
61156
61157
61160
61167
61169
61187
61195
61196
61200
61202
61203
61206
61207
61215
61216
61217
61220
61224
61228
61236
61245
61252
61253
61255
61262
61269
61270
61272
61283
61286
61295
61301
61302
61303
61304
61309
61324
61334
61340
61351
61352
61358
61360
61363
61372
61382
61388
61391
61396
61398
61405
61413
61414
61415
61417
61418
61420
61425
61440
61443
61447
61457
61462
61463
61466
61470
61472
61476
61477
61481
61487
61494
61496
61497
61509
61529
61530
61536
61540
61547
61551
61553
61557
61558
61560
61574
61584
61586
61588
61594
61601
61604
61608
61609
61613
61615
61616
61618
61633
61635
61641
61649
61650
61658
61660
61666
61668
61669
61702
61704
61709
61710
61712
61720
61722
61724
61726
61727
61730
61732
61735
61736
61748
61750
61751
61754
61755
61760
61761
61767
61769
61770
61781
61783
61788
61792
61800
61802
61803
61806
61807
61816
61818
61821
61830
61833
61834
61837
61844
61846
61847
61855
61857
61859
61862
61866
61870
61872
61887
61901
61906
61913
61921
61927
61934
61935
61938
61943
61946
61951
61958
61974
61979
61982
61984
61986
61988
61989
62000
62011
62012
62013
62015
62020
62025
62037
62039
62051
62057
62061
62063
62064
62067
62069
62075
62081
62089
62093
62095
62096
62103
62111
62117
62119
62122
62124
62130
62138
62141
62142
62152
62167
62184
62185
62186
62188
62189
62191
62197
62214
62215
62225
62231
62235
62236
62240
62248
62250
62255
62266
62269
62280
62282
62293
62294
62301
62303
62304
62316
62320
62328
62329
62330
62335
62338
62339
62340
62354
62359
62370
62374
62379
62384
62387
62388
62399
62400
62413
62421
62422
62430
62448
62452
62453
62454
62459
62467
62475
62476
62481
62491
62493
62494
62499
62503
62505
62509
62514
62523
62538
62539
62544
62548
62551
62552
62553
62557
62560
62576
62581
62583
62591
62597
62607
62618
62622
62628
62632
62634
62635
62642
62663
62680
62684
62687
62688
62696
62704
62712
62715
62718
62720
62722
62728
62733
62735
62747
62764
62772
62779
62780
62781
62787
62791
62793
62795
62825
62833
62835
62837
62842
62848
62851
62853
62856
62859
62871
62877
62887
62889
62891
62897
62899
62900
62909
62924
62929
62930
62933
62935
62945
62951
62960
62964
62968
62975
62980
62993
63001
63008
63009
63010
63018
63019
63021
63022
63025
63028
63030
63038
63045
63049
63052
63056
63059
63063
63077
63082
63083
63084
63087
63088
63093
63100
63103
63107
63116
63120
63123
63124
63140
63141
63144
63146
63149
63160
63162
63165
63167
63168
63171
63176
63184
63185
63193
63197
63199
63200
63203
63210
63211
63219
63220
63229
63230
63254
63260
63272
63276
63279
63280
63283
63284
63290
63296
63298
63302
63305
63312
63316
63320
63321
63326
63327
63329
63330
63333
63351
63362
63363
63372
63373
63375
63378
63381
63382
63388
63396
63423
63425
63443
63448
63456
63458
63467
63483
63490
63497
63501
63505
63507
63509
63525
63534
63540
63547
63553
63557
63561
63574
63577
63580
63599
63602
63607
63608
63616
63623
63632
63641
63643
63645
63650
63655
63698
63705
63706
63715
63718
63721
63723
63729
63737
63738
63739
63741
63744
63747
63760
63773
63780
63794
63798
63810
63832
63835
63837
63840
63846
63848
63850
63854
63860
63867
63870
63875
63883
63890
63897
63905
63911
63915
63917
63919
63921
63923
63925
63941
63949
63951
63960
63966
63967
63982
63992
63993
64013
64015
64020
64024
64025
64026
64031
64033
64036
64042
64044
64047
64055
64057
64063
64064
64069
64071
64073
64074
64076
64079
64083
64092
64104
64109
64112
64113
64120
64121
64123
64131
64136
64149
64154
64157
64160
64161
64174
64178
64179
64181
64190
64193
64200
64205
64206
64209
64214
64222
64226
64228
64232
64233
64236
64239
64241
64243
64247
64248
64252
64257
64260
64284
64293
64304
64309
64311
64318
64322
64330
64334
64335
64339
64344
64347
64355
64359
64369
64374
64375
64379
64383
64391
64399
64401
64405
64413
64414
64416
64418
64421
64430
64438
64442
64450
64457
64459
64468
64473
64476
64488
64492
64512
64515
64520
64530
64533
64535
64539
64542
64545
64551
64560
64561
64564
64569
64574
64580
64586
64589
64594
64603
64610
64615
64623
64625
64630
64631
64633
64634
64641
64643
64645
64652
64657
64659
64669
64672
64684
64685
64692
64701
64703
64705
64708
64711
64720
64729
64730
64732
64733
64738
64742
64745
64748
64749
64752
64770
64772
64803
64814
64822
64826
64827
64844
64845
64847
64848
64850
64853
64854
64863
64864
64870
64874
64881
64885
64892
64895
64897
64899
64901
64913
64925
64931
64932
64934
64955
64979
65007
65011
65018
65032
65046
65053
65066
65077
65081
65083
65086
65087
65088
65089
65099
65102
65107
65109
65110
65115
65117
65128
65142
65148
65152
65154
65168
65171
65174
65175
65178
65183
65184
65191
65193
65194
65203
65204
65208
65210
65221
65225
65238
65265
65267
65272
65274
65277
65280
65306
65313
65319
65328
65346
65352
65360
65364
65381
65383
65388
65394
65395
65397
65400
65403
65404
65408
65411
65414
65419
65433
65437
65439
65459
65463
65466
65468
65469
65473
65474
65477
65483
65491
65504
65527
65529
65539
65543
65544
65551
65559
65565
65571
65588
65593
65598
65603
65605
65614
65624
65628
65634
65635
65638
65639
65641
65645
65648
65650
65658
65663
65664
65667
65670
65675
65677
65679
65682
65683
65684
65698
65714
65720
65725
65730
65735
65737
65742
65746
65754
65758
65759
65763
65764
65770
65772
65775
65782
65785
65790
65792
65793
65798
65800
65801
65807
65808
65818
65826
65829
65837
65838
65853
65860
65868
65873
65878
65889
65892
65896
65897
65904
65909
65910
65912
65914
65915
65918
65921
65928
65931
65934
65940
65951
65954
65966
65972
65977
65986
65989
65994
66001
66006
66008
66021
66022
66025
66026
66029
66038
66045
66046
66052
66054
66070
66073
66081
66082
66084
66090
66097
66099
66109
66130
66133
66136
66140
66150
66155
66162
66166
66170
66171
66172
66174
66176
66179
66187
66188
66191
66193
66202
66207
66210
66216
66227
66232
66237
66241
66242
66249
66259
66265
66267
66274
66277
66288
66290
66291
66292
66318
66319
66325
66329
66330
66332
66333
66338
66341
66342
66348
66350
66357
66363
66365
66373
66376
66382
66386
66388
66393
66397
66398
66399
66404
66407
66408
66418
66419
66425
66438
66439
66449
66460
66467
66469
66470
66472
66477
66478
66479
66489
66492
66512
66519
66523
66529
66541
66547
66552
66562
66563
66568
66569
66570
66577
66581
66590
66592
66594
66595
66596
66601
66610
66614
66627
66632
66641
66642
66645
66657
66659
66667
66674
66675
66678
66679
66683
66693
66697
66701
66705
66706
66707
66710
66717
66719
66737
66742
66746
66748
66752
66759
66764
66765
66766
66781
66784
66785
66790
66793
66794
66798
66803
66811
66816
66819
66820
66825
66835
66854
66861
66868
66871
66875
66876
66878
66881
66884
66885
66888
66893
66900
66908
66923
66935
66940
66942
66952
66956
66959
66975
66976
66979
66984
66987
66991
66992
66994
66997
66998
66999
67009
67012
67015
67016
67017
67018
67025
67027
67028
67035
67036
67042
67043
67044
67045
67047
67051
67054
67059
67063
67064
67065
67072
67075
67079
67085
67087
67092
67095
67096
67109
67110
67115
67123
67127
67129
67133
67135
67137
67146
67149
67158
67169
67192
67197
67211
67212
67219
67222
67227
67232
67236
67241
67242
67248
67250
67253
67259
67263
67264
67282
67291
67311
67313
67314
67316
67319
67327
67335
67336
67339
67345
67347
67351
67354
67361
67362
67373
67376
67379
67382
67383
67393
67397
67404
67405
67413
67415
67420
67422
67427
67428
67430
67442
67449
67454
67457
67465
67466
67472
67476
67481
67485
67488
67491
67493
67494
67495
67498
67499
67505
67506
67507
67508
67509
67514
67521
67526
67529
67534
67538
67541
67546
67551
67552
67554
67562
67564
67566
67568
67571
67575
67579
67591
67594
67595
67599
67610
67627
67633
67637
67670
67672
67673
67692
67698
67709
67712
67717
67725
67727
67729
67736
67742
67749
67751
67752
67755
67764
67766
67768
67769
67771
67774
67777
67780
67781
67785
67793
67798
67803
67805
67811
67813
67815
67818
67830
67835
67836
67838
67841
67848
67856
67859
67863
67873
67876
67881
67886
67888
67889
67891
67892
67895
67897
67899
67901
67911
67913
67915
67928
67932
67933
67935
67936
67938
67944
67946
67951
67956
67962
67964
67978
67981
67983
67987
67997
68006
68007
68010
68015
68018
68019
68029
68034
68044
68049
68050
68051
68055
68057
68059
68061
68063
68071
68072
68087
68094
68103
68109
68112
68115
68118
68130
68136
68148
68150
68153
68156
68169
68174
68179
68190
68191
68204
68211
68219
68220
68221
68222
68223
68239
68242
68244
68269
68273
68283
68290
68293
68294
68298
68309
68310
68312
68313
68327
68331
68340
68342
68347
68348
68349
68354
68356
68360
68381
68382
68384
68390
68391
68394
68395
68408
68413
68414
68416
68417
68421
68422
68423
68429
68439
68444
68460
68463
68464
68468
68480
68481
68483
68496
68497
68499
68509
68510
68527
68530
68560
68567
68568
68571
68579
68582
68594
68608
68610
68615
68618
68620
68624
68625
68628
68630
68631
68635
68642
68654
68659
68661
68666
68670
68672
68675
68679
68682
68683
68686
68696
68697
68698
68701
68704
68713
68715
68719
68720
68721
68730
68731
68738
68746
68761
68767
68794
68798
68811
68821
68823
68829
68838
68840
68841
68844
68856
68863
68873
68880
68886
68895
68911
68913
68916
68924
68929
68953
68957
68958
68961
68966
68967
68969
68970
68988
68992
68994
68996
68997
68998
68999
69013
69019
69039
69041
69044
69047
69052
69055
69062
69067
69068
69069
69077
69080
69084
69092
69097
69099
69101
69110
69112
69116
69117
69119
69127
69141
69143
69146
69152
69156
69158
69164
69170
69172
69177
69182
69184
69193
69201
69234
69243
69249
69261
69263
69274
69284
69286
69287
69289
69293
69295
69327
69333
69343
69347
69349
69350
69351
69355
69365
69366
69371
69376
69378
69390
69391
69409
69429
69434
69448
69450
69456
69466
69476
69478
69483
69484
69487
69492
69493
69500
69503
69505
69509
69511
69512
69513
69517
69524
69527
69528
69541
69552
69565
69574
69576
69582
69588
69589
69592
69593
69595
69596
69606
69609
69610
69611
69615
69619
69620
69623
69630
69657
69670
69676
69687
69691
69699
69710
69715
69717
69719
69726
69730
69739
69740
69741
69752
69755
69756
69762
69767
69768
69784
69786
69810
69815
69817
69822
69838
69839
69846
69852
69853
69857
69867
69869
69872
69875
69882
69886
69891
69892
69897
69898
69902
69909
69912
69928
69929
69933
69940
69941
69948
69954
69958
69961
69965
69971
69974
69979
69981
69985
69986
69988
69995
70012
70014
70022
70032
70033
70034
70046
70053
70059
70069
70072
70091
70092
70093
70100
70102
70105
70106
70111
70120
70127
70133
70137
70140
70144
70148
70151
70152
70153
70158
70166
70168
70172
70173
70181
70186
70191
70192
70200
70206
70211
70214
70228
70230
70234
70239
70245
70246
70247
70249
70257
70258
70259
70260
70263
70265
70268
70269
70270
70272
70276
70279
70287
70292
70296
70301
70306
70317
70319
70322
70323
70325
70328
70330
70331
70334
70342
70352
70356
70358
70359
70363
70364
70367
70377
70378
70389
70392
70397
70399
70400
70412
70423
70425
70428
70436
70445
70453
70454
70456
70457
70459
70467
70470
70474
70475
70477
70481
70487
70490
70491
70495
70496
70500
70501
70503
70506
70508
70511
70519
70521
70522
70526
70529
70538
70542
70546
70562
70565
70571
70578
70579
70586
70589
70593
70594
70596
70597
70603
70609
70611
70612
70630
70635
70643
70645
70646
70647
70649
70650
70651
70656
70660
70664
70685
70688
70694
70698
70704
70712
70719
70720
70732
70735
70740
70747
70750
70756
70761
70762
70764
70765
70766
70769
70785
70787
70790
70798
70804
70806
70808
70812
70815
70823
70828
70831
70833
70843
70847
70849
70850
70852
70861
70870
70874
70875
70876
70878
70880
70881
70884
70885
70886
70897
70902
70908
70910
70922
70924
70928
70935
70938
70939
70940
70942
70952
70955
70957
70961
70965
70968
70971
70977
70984
70987
70993
70997
71001
71005
71006
71007
71008
71020
71025
71028
71059
71061
71087
71094
71097
71099
71100
71107
71108
71114
71115
71117
71118
71120
71125
71140
71144
71151
71152
71154
71155
71159
71161
71164
71169
71175
71183
71185
71189
71199
71201
71217
71221
71227
71232
71235
71243
71251
71258
71265
71271
71278
71292
71295
71303
71304
71309
71319
71325
71326
71327
71329
71330
71334
71356
71359
71375
71378
71383
71384
71395
71396
71399
71402
71411
71413
71424
71429
71432
71435
71443
71446
71447
71448
71458
71476
71485
71488
71504
71505
71509
71520
71525
71528
71530
71531
71537
71538
71545
71551
71555
71558
71559
71562
71568
71569
71571
71572
71575
71579
71585
71588
71604
71605
71606
71612
71615
71616
71620
71632
71633
71639
71650
71652
71655
71663
71669
71679
71690
71691
71696
71699
71707
71709
71713
71720
71727
71728
71733
71739
71742
71745
71747
71752
71753
71768
71783
71789
71793
71798
71804
71808
71809
71810
71815
71820
71836
71838
71844
71852
71854
71855
71866
71868
71871
71873
71879
71882
71887
71888
71895
71897
71902
71904
71907
71910
71916
71917
71930
71932
71936
71940
71941
71947
71950
71951
71952
71955
71957
71958
71961
71963
71974
71979
71981
71985
71986
71988
71995
72002
72010
72017
72022
72028
72032
72033
72035
72056
72061
72065
72072
72073
72075
72079
72081
72092
72113
72117
72124
72128
72146
72147
72154
72167
72169
72174
72187
72193
72201
72205
72210
72218
72220
72221
72223
72228
72230
72231
72234
72235
72248
72249
72254
72256
72257
72258
72262
72267
72272
72275
72278
72286
72290
72298
72305
72308
72310
72311
72316
72325
72340
72341
72347
72359
72366
72368
72369
72373
72382
72385
72387
72393
72406
72412
72414
72417
72423
72424
72429
72436
72437
72443
72446
72447
72463
72465
72470
72473
72474
72476
72481
72486
72487
72489
72498
72500
72506
72508
72524
72526
72530
72537
72545
72562
72568
72569
72571
72576
72578
72582
72583
72588
72590
72605
72606
72608
72612
72622
72628
72629
72632
72638
72640
72645
72649
72651
72653
72658
72666
72669
72681
72682
72688
72691
72697
72701
72703
72705
72708
72709
72715
72716
72725
72727
72728
72734
72737
72741
72742
72745
72748
72749
72751
72756
72762
72776
72780
72785
72787
72799
72802
72819
72823
72826
72838
72847
72849
72858
72861
72863
72870
72874
72875
72886
72889
72895
72901
72910
72911
72913
72915
72920
72927
72932
72938
72940
72949
72951
72955
72959
72972
72973
72986
72990
72995
72996
73011
73015
73018
73021
73027
73030
73039
73043
73045
73050
73057
73059
73062
73065
73067
73071
73072
73073
73079
73082
73087
73088
73093
73103
73108
73111
73118
73124
73127
73129
73130
73131
73135
73136
73138
73141
73142
73143
73146
73149
73150
73154
73157
73158
73171
73176
73177
73186
73190
73192
73196
73199
73202
73204
73208
73209
73211
73218
73219
73221
73230
73234
73235
73236
73245
73247
73249
73250
73252
73253
73255
73260
73271
73278
73279
73286
73292
73298
73308
73311
73315
73316
73321
73322
73326
73329
73333
73334
73346
73351
73379
73392
73395
73398
73402
73405
73409
73417
73425
73427
73439
73440
73447
73449
73451
73455
73459
73470
73479
73480
73487
73492
73493
73500
73506
73509
73510
73511
73514
73519
73534
73536
73538
73557
73577
73579
73580
73582
73585
73586
73592
73602
73604
73605
73611
73615
73616
73618
73619
73626
73628
73629
73657
73658
73665
73677
73680
73682
73686
73687
73691
73692
73693
73694
73705
73707
73710
73724
73733
73736
73737
73749
73750
73752
73753
73761
73771
73780
73782
73789
73792
73801
73806
73812
73819
73820
73821
73822
73828
73833
73842
73844
73848
73852
73855
73856
73857
73862
73871
73876
73877
73878
73879
73888
73892
73899
73906
73909
73914
73923
73924
73925
73927
73928
73929
73935
73940
73948
73950
73958
73966
73970
73975
73983
73988
73993
73994
74005
74007
74021
74024
74031
74033
74037
74039
74041
74045
74047
74049
74060
74074
74081
74086
74092
74095
74098
74102
74107
74108
74112
74118
74133
74136
74137
74140
74141
74152
74165
74166
74169
74170
74172
74194
74195
74198
74199
74224
74229
74230
74231
74243
74245
74247
74254
74255
74258
74274
74279
74287
74288
74289
74290
74294
74296
74303
74305
74308
74311
74313
74324
74327
74337
74345
74346
74347
74348
74353
74360
74361
74364
74380
74388
74390
74397
74405
74413
74414
74415
74416
74422
74423
74434
74438
74445
74446
74450
74464
74468
74472
74476
74485
74488
74493
74497
74502
74503
74505
74509
74510
74511
74514
74518
74532
74548
74563
74564
74565
74567
74578
74588
74590
74592
74602
74605
74614
74615
74618
74621
74624
74631
74637
74639
74640
74644
74647
74648
74649
74654
74661
74668
74673
74677
74679
74690
74703
74712
74718
74719
74726
74729
74770
74772
74776
74783
74786
74788
74793
74799
74801
74803
74811
74825
74827
74834
74837
74840
74843
74867
74870
74882
74890
74891
74897
74900
74904
74905
74911
74913
74918
74929
74938
74946
74948
74952
74954
74961
74973
74974
74983
74998
74999
75006
75007
75008
75021
75027
75029
75031
75039
75048
75051
75053
75054
75058
75060
75067
75068
75071
75073
75081
75089
75092
75095
75099
75114
75116
75120
75123
75125
75131
75133
75139
75141
75145
75149
75158
75160
75161
75162
75166
75167
75179
75181
75182
75187
75206
75208
75209
75213
75223
75224
75226
75235
75238
75254
75264
75277
75278
75280
75281
75282
75286
75293
75295
75301
75306
75307
75312
75318
75322
75325
75328
75331
75334
75335
75339
75340
75341
75348
75351
75353
75357
75358
75360
75370
75384
75406
75411
75418
75421
75441
75443
75444
75446
75451
75456
75465
75479
75491
75495
75496
75511
75512
75515
75536
75537
75538
75539
75541
75542
75543
75545
75549
75557
75565
75583
75584
75585
75591
75598
75599
75600
75605
75608
75619
75624
75629
75630
75636
75643
75646
75647
75655
75675
75685
75691
75694
75695
75696
75698
75704
75709
75711
75713
75714
75719
75720
75725
75726
75729
75731
75742
75748
75755
75758
75760
75761
75762
75765
75767
75768
75769
75778
75782
75785
75787
75794
75802
75803
75808
75812
75814
75818
75827
75834
75847
75854
75855
75860
75861
75862
75869
75870
75871
75873
75875
75879
75884
75888
75889
75891
75892
75894
75900
75905
75906
75907
75909
75915
75924
75929
75933
75934
75939
75940
75942
75946
75949
75952
75962
75966
75973
75991
75992
75993
76021
76040
76049
76064
76069
76072
76077
76096
76103
76105
76110
76111
76112
76113
76119
76123
76129
76130
76135
76148
76153
76156
76157
76161
76162
76164
76168
76170
76176
76187
76206
76208
76211
76216
76218
76226
76227
76230
76233
76236
76241
76245
76251
76257
76260
76261
76267
76272
76281
76284
76289
76295
76296
76299
76314
76316
76319
76339
76354
76379
76388
76394
76401
76402
76409
76410
76417
76426
76428
76439
76442
76453
76454
76459
76464
76478
76486
76495
76504
76507
76508
76519
76521
76531
76532
76538
76539
76546
76554
76561
76563
76566
76569
76570
76573
76576
76581
76589
76591
76601
76602
76609
76621
76622
76628
76629
76633
76635
76639
76640
76646
76653
76655
76656
76657
76659
76664
76668
76670
76680
76683
76693
76697
76702
76703
76705
76719
76725
76728
76731
76738
76741
76753
76759
76761
76763
76769
76777
76781
76782
76787
76794
76808
76810
76817
76820
76829
76840
76842
76843
76846
76849
76850
76858
76865
76866
76867
76870
76874
76883
76893
76894
76897
76902
76908
76922
76924
76927
76929
76933
76935
76939
76949
76957
76959
76960
76961
76964
76972
76973
76977
76986
76997
76998
77002
77012
77023
77029
77032
77033
77034
77039
77041
77044
77046
77047
77048
77057
77066
77068
77070
77071
77075
77079
77084
77091
77093
77099
77114
77115
77118
77120
77131
77135
77147
77149
77150
77154
77163
77164
77168
77170
77193
77194
77209
77225
77232
77233
77234
77237
77241
77242
77254
77257
77258
77276
77281
77300
77308
77310
77321
77322
77328
77332
77335
77336
77344
77349
77354
77364
77370
77373
77381
77390
77393
77401
77402
77403
77420
77422
77423
77425
77426
77428
77430
77442
77445
77449
77450
77451
77460
77479
77480
77486
77494
77498
77501
77503
77506
77507
77514
77516
77529
77530
77531
77536
77544
77545
77560
77563
77573
77576
77583
77592
77597
77600
77604
77607
77610
77613
77616
77622
77624
77632
77639
77640
77645
77647
77652
77659
77662
77670
77677
77682
77683
77691
77693
77694
77699
77712
77716
77718
77720
77723
77728
77729
77730
77734
77740
77745
77748
77750
77751
77752
77753
77762
77765
77769
77771
77772
77778
77786
77791
77793
77801
77804
77808
77811
77816
77825
77827
77835
77844
77845
77856
77857
77860
77868
77870
77871
77877
77883
77887
77891
77892
77895
77896
77909
77911
77915
77916
77918
77921
77922
77927
77931
77932
77934
77947
77953
77956
77960
77972
77977
77982
77984
77987
78000
78007
78017
78022
78023
78024
78029
78032
78034
78038
78039
78040
78046
78049
78051
78059
78066
78068
78078
78084
78091
78092
78094
78102
78104
78109
78117
78122
78130
78134
78137
78142
78144
78152
78153
78160
78161
78168
78170
78172
78173
78184
78188
78191
78192
78193
78197
78208
78217
78237
78239
78247
78249
78253
78261
78269
78279
78281
78283
78284
78286
78288
78294
78296
78300
78303
78324
78340
78343
78345
78346
78347
78350
78354
78357
78358
78363
78376
78377
78383
78387
78389
78390
78401
78405
78411
78414
78417
78420
78434
78435
78439
78440
78464
78466
78483
78487
78488
78497
78501
78503
78505
78512
78514
78518
78522
78534
78541
78543
78567
78571
78577
78578
78580
78585
78591
78596
78597
78599
78605
78606
78610
78623
78625
78627
78629
78631
78634
78635
78639
78643
78649
78651
78662
78666
78671
78672
78674
78679
78680
78687
78688
78690
78693
78701
78710
78714
78732
78743
78744
78749
78750
78758
78761
78762
78764
78765
78770
78778
78782
78790
78793
78795
78808
78816
78819
78821
78828
78830
78832
78833
78834
78840
78843
78847
78851
78854
78855
78863
78873
78874
78878
78879
78882
78888
78892
78893
78897
78900
78915
78916
78927
78938
78946
78952
78953
78956
78966
78974
78978
78981
78986
78990
78993
79007
79009
79010
79019
79020
79030
79036
79038
79039
79047
79050
79052
79060
79063
79081
79082
79085
79087
79094
79095
79102
79104
79108
79110
79111
79113
79117
79119
79124
79132
79133
79141
79153
79158
79171
79175
79181
79190
79196
79197
79205
79207
79213
79215
79219
79232
79233
79241
79244
79246
79250
79253
79261
79264
79269
79272
79277
79285
79293
79296
79305
79310
79316
79325
79328
79332
79337
79354
79355
79358
79360
79361
79365
79366
79370
79385
79401
79405
79407
79409
79413
79417
79427
79428
79433
79441
79443
79444
79447
79450
79460
79471
79478
79479
79487
79489
79501
79507
79511
79514
79518
79524
79536
79546
79547
79551
79553
79566
79569
79573
79575
79579
79581
79583
79586
79588
79602
79603
79607
79611
79621
79644
79649
79651
79652
79658
79660
79664
79671
79673
79676
79682
79684
79693
79696
79699
79703
79704
79706
79718
79725
79729
79748
79749
79756
79767
79770
79771
79772
79784
79785
79792
79793
79803
79811
79812
79814
79832
79836
79844
79848
79854
79857
79860
79864
79865
79881
79882
79883
79891
79895
79907
79908
79910
79912
79914
79921
79927
79930
79936
79938
79942
79944
79945
79946
79951
79958
79959
79963
79968
79978
79981
79988
79989
79999
80002
80005
80012
80014
80019
80021
80034
80044
80046
80047
80050
80057
80063
80073
80081
80090
80097
80101
80109
80135
80137
80138
80162
80164
80168
80169
80170
80173
80182
80193
80195
80197
80198
80200
80201
80205
80209
80221
80222
80230
80231
80235
80240
80241
80257
80262
80268
80270
80280
80284
80287
80299
80303
80304
80306
80307
80314
80315
80319
80327
80335
80337
80338
80341
80344
80352
80355
80364
80370
80372
80376
80386
80387
80397
80401
80405
80406
80419
80427
80430
80446
80457
80459
80462
80463
80468
80470
80477
80480
80485
80488
80496
80503
80505
80528
80532
80544
80547
80549
80550
80570
80578
80580
80591
80593
80596
80602
80618
80620
80628
80631
80640
80641
80643
80648
80650
80657
80659
80660
80663
80666
80669
80676
80683
80685
80694
80699
80703
80706
80712
80720
80721
80722
80725
80727
80741
80746
80747
80750
80761
80762
80764
80765
80774
80788
80791
80793
80799
80800
80805
80813
80819
80821
80832
80836
80837
80841
80844
80847
80850
80853
80857
80863
80864
80865
80867
80871
80880
80886
80893
80895
80896
80916
80917
80919
80920
80927
80928
80929
80931
80940
80944
80946
80953
80957
80960
80964
80967
80973
80974
80998
81002
81008
81010
81021
81022
81025
81031
81033
81039
81051
81056
81060
81063
81067
81076
81083
81084
81096
81101
81102
81103
81105
81116
81118
81120
81125
81130
81138
81144
81149
81159
81160
81166
81171
81186
81193
81194
81200
81201
81205
81207
81211
81212
81220
81222
81231
81233
81244
81250
81255
81265
81268
81274
81276
81277
81280
81285
81288
81292
81294
81304
81305
81314
81322
81328
81330
81331
81334
81338
81348
81350
81351
81353
81365
81385
81387
81389
81395
81396
81397
81401
81405
81407
81413
81416
81417
81421
81430
81431
81432
81433
81434
81435
81458
81460
81465
81470
81472
81474
81476
81477
81479
81486
81494
81495
81511
81512
81520
81523
81528
81536
81538
81552
81561
81567
81568
81570
81577
81578
81582
81583
81585
81588
81605
81614
81618
81619
81621
81630
81632
81633
81634
81642
81645
81650
81655
81659
81662
81664
81665
81672
81674
81682
81695
81697
81698
81699
81702
81726
81727
81729
81737
81738
81761
81764
81765
81766
81797
81802
81809
81812
81822
81825
81831
81834
81836
81840
81863
81865
81875
81879
81882
81888
81889
81893
81902
81921
81930
81935
81938
81948
81950
81952
81956
81959
81960
81966
81968
81975
81978
81984
81990
81997
81998
82003
82012
82017
82026
82028
82039
82048
82056
82058
82066
82081
82082
82083
82085
82093
82094
82097
82098
82111
82128
82131
82143
82148
82160
82162
82170
82187
82190
82204
82205
82207
82210
82213
82214
82221
82224
82244
82251
82254
82257
82260
82262
82278
82280
82287
82293
82295
82299
82309
82310
82316
82320
82322
82327
82331
82340
82345
82350
82358
82359
82365
82371
82372
82386
82394
82395
82398
82399
82405
82416
82426
82431
82434
82435
82447
82457
82468
82470
82476
82479
82483
82491
82497
82498
82499
82502
82510
82525
82547
82554
82559
82564
82566
82574
82576
82579
82582
82593
82604
82613
82623
82627
82628
82632
82641
82643
82649
82657
82668
82671
82685
82688
82693
82694
82700
82704
82710
82726
82728
82729
82735
82739
82740
82749
82751
82753
82755
82765
82766
82771
82778
82780
82784
82786
82787
82797
82798
82808
82819
82823
82826
82832
82833
82834
82846
82855
82856
82861
82869
82870
82878
82882
82884
82895
82896
82911
82915
82931
82934
82936
82938
82945
82947
82948
82950
82957
82958
82970
82980
82988
82991
82992
83000
83004
83005
83008
83014
83016
83022
83030
83031
83038
83044
83047
83055
83064
83070
83073
83075
83089
83091
83096
83097
83099
83101
83105
83113
83115
83126
83131
83148
83152
83162
83164
83165
83172
83173
83174
83176
83177
83178
83181
83187
83188
83196
83198
83203
83204
83215
83220
83228
83229
83230
83235
83236
83237
83242
83243
83247
83252
83254
83255
83258
83261
83262
83263
83274
83285
83287
83290
83291
83295
83299
83300
83303
83304
83311
83313
83316
83320
83326
83331
83333
83337
83340
83342
83354
83355
83356
83365
83376
83382
83384
83388
83391
83396
83399
83405
83411
83413
83416
83423
83425
83434
83438
83439
83444
83463
83465
83466
83474
83478
83480
83490
83492
83493
83497
83506
83508
83523
83524
83528
83529
83537
83551
83554
83571
83580
83581
83586
83589
83592
83593
83595
83601
83603
83616
83618
83622
83626
83629
83632
83640
83642
83645
83647
83652
83654
83655
83661
83666
83667
83678
83687
83698
83709
83711
83718
83719
83721
83728
83733
83741
83746
83755
83757
83775
83777
83781
83786
83791
83793
83802
83804
83807
83813
83815
83817
83822
83831
83833
83837
83838
83839
83842
83845
83846
83854
83866
83870
83873
83877
83885
83892
83896
83901
83913
83921
83923
83924
83931
83933
83936
83939
83953
83957
83962
83963
83964
83967
83971
83974
83985
83987
83995
83997
84001
84011
84014
84016
84019
84033
84048
84049
84057
84072
84075
84078
84085
84088
84093
84100
84101
84105
84106
84118
84124
84128
84129
84130
84131
84134
84138
84140
84148
84152
84153
84154
84155
84156
84168
84179
84183
84185
84194
84198
84207
84222
84223
84227
84231
84233
84236
84241
84249
84253
84256
84261
84267
84270
84271
84276
84284
84286
84289
84301
84315
84324
84335
84337
84344
84354
84362
84371
84374
84383
84384
84386
84395
84398
84410
84411
84412
84416
84419
84424
84426
84429
84432
84443
84446
84455
84461
84462
84466
84471
84472
84473
84475
84478
84481
84485
84486
84497
84503
84505
84510
84522
84532
84536
84541
84551
84554
84555
84556
84557
84559
84562
84564
84567
84581
84584
84591
84593
84596
84600
84607
84612
84613
84619
84623
84624
84629
84632
84636
84638
84639
84642
84650
84657
84662
84665
84669
84670
84675
84678
84683
84684
84686
84688
84697
84698
84704
84710
84712
84714
84716
84717
84734
84735
84741
84745
84753
84761
84765
84768
84769
84772
84776
84779
84783
84790
84807
84829
84840
84842
84845
84848
84849
84850
84852
84853
84875
84877
84880
84884
84895
84896
84897
84901
84920
84929
84933
84936
84941
84944
84949
84957
84960
84962
84967
84968
84972
84974
84978
84979
84980
84984
84990
84995
84999
85002
85020
85025
85043
85045
85050
85053
85074
85075
85079
85095
85106
85107
85111
85114
85116
85117
85120
85131
85136
85148
85155
85157
85165
85166
85173
85174
85181
85183
85187
85188
85190
85202
85208
85211
85224
85225
85227
85229
85231
85233
85235
85244
85245
85261
85266
85268
85276
85277
85279
85281
85286
85287
85290
85293
85301
85309
85315
85318
85319
85325
85326
85328
85337
85338
85354
85362
85364
85365
85371
85372
85381
85382
85383
85389
85392
85393
85394
85399
85400
85402
85404
85415
85420
85421
85424
85430
85432
85439
85447
85454
85456
85457
85459
85462
85475
85476
85480
85487
85497
85498
85503
85504
85506
85518
85522
85523
85526
85530
85534
85536
85537
85546
85547
85553
85556
85559
85560
85565
85570
85572
85579
85583
85588
85592
85598
85599
85601
85608
85609
85612
85623
85631
85638
85643
85644
85645
85649
85670
85671
85672
85681
85685
85700
85706
85712
85714
85717
85718
85725
85728
85731
85734
85735
85736
85739
85751
85758
85760
85761
85762
85771
85780
85782
85790
85794
85796
85800
85802
85804
85805
85824
85835
85841
85858
85859
85866
85873
85880
85896
85897
85900
85904
85918
85922
85925
85926
85927
85928
85930
85931
85934
85950
85959
85967
85972
85974
85975
85977
85981
85983
85986
86024
86027
86028
86031
86035
86043
86044
86045
86058
86059
86064
86076
86078
86083
86085
86092
86093
86100
86103
86104
86106
86109
86123
86131
86136
86146
86149
86157
86159
86165
86167
86178
86183
86186
86187
86192
86195
86197
86203
86206
86221
86224
86228
86245
86247
86254
86257
86261
86271
86273
86274
86276
86280
86283
86285
86298
86300
86305
86307
86311
86312
86313
86320
86326
86329
86330
86331
86333
86341
86343
86345
86348
86352
86361
86362
86367
86369
86370
86372
86385
86387
86389
86390
86393
86399
86402
86404
86406
86409
86427
86429
86433
86434
86442
86447
86449
86450
86451
86453
86466
86468
86474
86481
86484
86494
86495
86498
86499
86508
86513
86529
86530
86547
86549
86553
86554
86575
86577
86578
86580
86583
86584
86596
86597
86603
86605
86608
86611
86613
86616
86623
86625
86633
86638
86640
86642
86648
86652
86658
86666
86672
86679
86683
86688
86689
86691
86692
86696
86702
86709
86713
86714
86716
86717
86718
86719
86723
86724
86732
86734
86735
86737
86739
86750
86753
86759
86764
86767
86768
86770
86774
86778
86779
86799
86805
86812
86813
86816
86822
86824
86826
86827
86830
86831
86833
86836
86839
86848
86850
86857
86871
86877
86878
86879
86881
86885
86886
86889
86891
86894
86903
86910
86919
86922
86923
86932
86942
86945
86949
86952
86955
86959
86963
86979
86980
86985
86989
86996
87007
87009
87013
87018
87019
87023
87024
87029
87033
87034
87036
87039
87045
87047
87056
87058
87069
87092
87099
87122
87128
87129
87136
87139
87144
87160
87166
87172
87174
87177
87184
87190
87192
87203
87209
87213
87214
87221
87226
87236
87240
87245
87246
87247
87252
87257
87258
87259
87260
87277
87287
87290
87296
87298
87300
87313
87320
87324
87330
87332
87333
87335
87340
87341
87347
87349
87360
87361
87373
87375
87392
87395
87399
87406
87407
87416
87420
87424
87427
87428
87430
87455
87456
87457
87460
87464
87465
87481
87484
87495
87503
87505
87507
87508
87510
87517
87522
87524
87529
87534
87544
87549
87551
87556
87560
87566
87567
87569
87572
87592
87593
87596
87598
87600
87607
87609
87611
87613
87627
87631
87641
87643
87645
87655
87659
87664
87667
87671
87675
87677
87679
87682
87685
87703
87716
87717
87718
87719
87720
87733
87741
87742
87751
87756
87759
87762
87763
87772
87789
87791
87800
87801
87802
87803
87804
87805
87806
87810
87813
87829
87837
87845
87854
87869
87880
87883
87884
87892
87893
87902
87906
87910
87912
87914
87927
87932
87941
87945
87952
87954
87958
87960
87963
87967
87972
87973
87974
87976
87981
87982
87986
87993
87999
88001
88003
88012
88027
88032
88040
88041
88042
88053
88055
88057
88074
88104
88105
88116
88118
88122
88127
88140
88141
88149
88150
88152
88153
88154
88155
88166
88167
88170
88173
88187
88191
88199
88202
88207
88208
88211
88213
88217
88232
88234
88253
88257
88260
88266
88270
88278
88279
88281
88283
88285
88286
88288
88291
88294
88295
88303
88310
88313
88316
88320
88350
88357
88359
88366
88367
88375
88380
88383
88384
88386
88387
88397
88399
88401
88405
88410
88412
88413
88417
88418
88430
88439
88442
88443
88446
88459
88460
88462
88466
88469
88480
88482
88484
88486
88488
88498
88502
88505
88512
88514
88529
88531
88541
88546
88552
88557
88567
88569
88573
88583
88593
88601
88609
88611
88614
88617
88622
88624
88632
88635
88645
88647
88657
88659
88663
88665
88671
88681
88682
88691
88702
88704
88705
88713
88720
88725
88736
88737
88739
88751
88753
88757
88759
88772
88779
88780
88791
88795
88804
88810
88818
88820
88825
88848
88867
88872
88876
88879
88886
88889
88891
88898
88899
88903
88905
88906
88915
88917
88918
88924
88929
88932
88941
88953
88959
88961
88964
88976
88979
88984
88987
88989
88999
89004
89006
89013
89027
89030
89032
89034
89045
89047
89048
89053
89063
89074
89079
89084
89086
89095
89096
89100
89103
89104
89108
89110
89112
89116
89123
89129
89132
89134
89143
89145
89153
89154
89163
89167
89171
89173
89183
89193
89197
89204
89205
89207
89210
89219
89225
89227
89229
89231
89236
89244
89250
89259
89268
89271
89278
89281
89284
89288
89294
89297
89305
89309
89315
89347
89348
89349
89350
89353
89368
89369
89377
89379
89387
89388
89393
89395
89399
89401
89422
89430
89433
89435
89441
89442
89449
89451
89455
89456
89462
89463
89472
89478
89479
89483
89487
89491
89501
89514
89521
89526
89536
89538
89541
89544
89548
89559
89564
89568
89582
89584
89587
89588
89589
89602
89607
89608
89615
89617
89622
89626
89630
89638
89640
89643
89644
89645
89651
89658
89668
89681
89687
89688
89691
89694
89697
89701
89705
89709
89712
89713
89718
89727
89733
89762
89772
89774
89777
89779
89780
89786
89787
89791
89797
89799
89804
89810
89812
89825
89828
89831
89832
89837
89839
89841
89856
89860
89862
89867
89868
89882
89883
89887
89889
89890
89891
89894
89905
89908
89919
89932
89935
89939
89946
89947
89948
89950
89951
89952
89963
89974
89979
89982
89987
89989
89991
89995
89998
90006
90009
90024
90026
90040
90048
90049
90051
90056
90065
90066
90067
90073
90078
90083
90087
90090
90098
90106
90115
90116
90120
90125
90129
90136
90146
90158
90168
90172
90175
90182
90186
90205
90206
90209
90210
90212
90217
90220
90224
90230
90231
90232
90236
90237
90238
90241
90253
90255
90256
90257
90264
90265
90271
90272
90279
90281
90286
90294
90298
90306
90313
90318
90328
90331
90332
90336
90361
90364
90370
90380
90412
90414
90417
90445
90446
90452
90454
90461
90468
90474
90480
90490
90492
90493
90500
90501
90504
90506
90508
90515
90519
90525
90526
90527
90534
90543
90550
90559
90576
90582
90583
90584
90592
90597
90600
90606
90627
90630
90634
90636
90655
90659
90660
90661
90662
90665
90667
90672
90674
90675
90677
90692
90694
90700
90701
90703
90706
90713
90724
90732
90734
90739
90745
90757
90760
90761
90773
90775
90776
90780
90786
90787
90791
90794
90796
90798
90806
90809
90814
90818
90821
90825
90828
90831
90832
90834
90840
90845
90850
90854
90856
90861
90863
90868
90873
90874
90881
90886
90891
90899
90913
90914
90917
90920
90927
90928
90931
90942
90947
90949
90952
90956
90958
90962
90974
90978
90983
90988
90999
91004
91011
91016
91021
91028
91035
91041
91044
91046
91057
91061
91062
91067
91073
91076
91078
91080
91082
91085
91087
91096
91099
91100
91106
91112
91114
91115
91117
91118
91124
91125
91130
91131
91135
91146
91147
91148
91160
91165
91173
91174
91185
91188
91196
91197
91200
91203
91209
91211
91219
91220
91225
91227
91229
91236
91238
91242
91248
91255
91260
91264
91265
91269
91273
91280
91282
91285
91286
91295
91303
91307
91311
91314
91327
91333
91340
91342
91347
91348
91356
91359
91365
91372
91379
91387
91388
91398
91405
91413
91420
91424
91457
91461
91462
91471
91477
91478
91485
91487
91488
91489
91510
91511
91522
91528
91529
91537
91543
91551
91556
91561
91566
91568
91573
91575
91577
91578
91579
91580
91588
91589
91590
91598
91604
91610
91614
91617
91627
91630
91631
91632
91633
91642
91651
91652
91653
91665
91668
91671
91675
91682
91686
91688
91696
91698
91699
91703
91709
91712
91721
91723
91724
91728
91729
91735
91739
91742
91749
91761
91763
91782
91784
91786
91797
91803
91804
91808
91809
91813
91820
91821
91832
91835
91840
91842
91850
91854
91863
91865
91866
91872
91876
91882
91887
91888
91891
91892
91908
91916
91924
91927
91930
91938
91949
91957
91960
91964
91966
91967
91972
91973
91980
91988
91991
91994
91999
92002
92009
92021
92032
92038
92045
92046
92048
92049
92052
92062
92066
92070
92071
92075
92085
92089
92091
92094
92097
92100
92112
92113
92115
92118
92121
92125
92126
92128
92133
92134
92139
92141
92147
92149
92155
92165
92170
92171
92174
92179
92180
92183
92188
92201
92205
92209
92215
92221
92222
92226
92233
92237
92246
92247
92248
92254
92261
92262
92264
92267
92268
92270
92272
92274
92278
92279
92281
92285
92291
92292
92315
92324
92328
92330
92331
92339
92341
92342
92346
92352
92358
92362
92363
92366
92367
92368
92373
92374
92378
92381
92388
92393
92394
92404
92412
92419
92421
92428
92433
92434
92436
92438
92450
92451
92452
92456
92460
92461
92465
92467
92482
92488
92497
92505
92513
92514
92516
92520
92525
92534
92536
92545
92546
92548
92549
92553
92557
92572
92598
92599
92600
92602
92608
92611
92617
92619
92621
92630
92636
92637
92639
92651
92652
92659
92660
92665
92671
92679
92681
92682
92686
92690
92695
92699
92705
92706
92707
92714
92718
92737
92744
92745
92746
92749
92761
92764
92779
92783
92789
92795
92811
92815
92821
92826
92827
92831
92832
92835
92839
92842
92848
92851
92852
92853
92883
92884
92885
92895
92899
92900
92903
92908
92910
92911
92932
92936
92942
92945
92948
92949
92951
92966
92967
92969
92971
92973
92977
92985
92986
92990
92991
92999
93003
93005
93007
93008
93011
93014
93018
93023
93037
93044
93049
93056
93062
93068
93069
93075
93079
93081
93086
93094
93101
93103
93111
93112
93117
93120
93121
93126
93132
93144
93145
93151
93154
93155
93164
93168
93176
93177
93179
93182
93188
93205
93210
93216
93221
93226
93232
93234
93245
93250
93251
93264
93266
93268
93278
93280
93282
93290
93296
93300
93301
93312
93317
93327
93329
93331
93335
93336
93338
93361
93362
93363
93372
93375
93377
93379
93382
93383
93385
93390
93391
93396
93430
93437
93446
93448
93453
93456
93461
93463
93467
93472
93475
93476
93477
93489
93491
93496
93502
93507
93508
93517
93521
93522
93532
93534
93540
93541
93546
93550
93557
93559
93568
93569
93590
93610
93617
93618
93620
93628
93632
93636
93642
93647
93655
93658
93664
93680
93682
93684
93685
93686
93691
93694
93705
93718
93719
93725
93731
93735
93738
93739
93740
93741
93744
93752
93758
93762
93767
93778
93783
93787
93791
93792
93797
93799
93800
93814
93819
93822
93832
93839
93848
93852
93861
93866
93879
93882
93884
93887
93894
93896
93899
93900
93904
93907
93910
93917
93920
93921
93929
93932
93936
93943
93953
93957
93961
93963
93975
93980
93984
93988
93992
93995
94014
94015
94022
94023
94044
94051
94052
94055
94056
94057
94059
94060
94065
94076
94088
94099
94108
94109
94113
94115
94130
94135
94138
94139
94140
94143
94148
94152
94153
94162
94164
94168
94171
94187
94191
94192
94196
94197
94199
94201
94203
94204
94207
94212
94219
94223
94235
94238
94240
94256
94259
94260
94263
94268
94272
94282
94283
94289
94301
94312
94313
94324
94328
94343
94347
94352
94362
94363
94365
94373
94375
94376
94383
94391
94405
94409
94410
94415
94422
94425
94429
94430
94431
94440
94441
94451
94461
94463
94467
94470
94475
94483
94493
94510
94514
94515
94526
94536
94546
94552
94554
94561
94562
94565
94575
94583
94585
94587
94595
94603
94614
94622
94624
94634
94640
94648
94659
94660
94664
94668
94675
94676
94678
94681
94683
94690
94709
94715
94716
94725
94730
94736
94738
94742
94750
94751
94756
94760
94762
94764
94771
94772
94774
94779
94785
94795
94798
94803
94811
94812
94814
94821
94824
94835
94840
94846
94848
94861
94882
94885
94887
94892
94895
94899
94903
94905
94909
94911
94913
94927
94930
94931
94940
94948
94951
94959
94968
94974
94978
94981
94982
94985
94987
94994
95000
95004
95005
95008
95011
95015
95018
95020
95025
95039
95040
95041
95042
95046
95049
95053
95057
95059
95061
95062
95066
95069
95075
95078
95079
95081
95084
95085
95091
95092
95102
95104
95111
95112
95120
95122
95137
95140
95161
95171
95172
95180
95182
95190
95192
95197
95199
95204
95206
95207
95216
95225
95226
95228
95230
95233
95235
95236
95238
95240
95246
95247
95250
95252
95258
95259
95265
95267
95275
95281
95284
95285
95293
95296
95297
95313
95317
95320
95326
95359
95365
95366
95370
95372
95374
95376
95379
95380
95384
95387
95391
95399
95402
95403
95415
95416
95419
95422
95425
95427
95431
95434
95437
95438
95444
95463
95464
95465
95466
95470
95480
95483
95486
95503
95507
95511
95512
95513
95525
95529
95530
95539
95541
95543
95552
95553
95556
95561
95562
95566
95567
95572
95574
95579
95580
95589
95597
95601
95606
95612
95613
95622
95625
95639
95663
95665
95668
95672
95673
95680
95682
95694
95701
95702
95713
95720
95721
95728
95732
95733
95736
95738
95744
95756
95762
95772
95775
95779
95790
95809
95811
95819
95820
95824
95827
95831
95840
95846
95847
95851
95853
95859
95876
95898
95899
95902
95904
95916
95917
95919
95920
95921
95927
95929
95933
95937
95948
95957
95958
95963
95973
95989
96008
96015
96024
96027
96031
96033
96039
96044
96045
96047
96053
96077
96081
96082
96084
96094
96095
96123
96147
96150
96152
96156
96158
96162
96163
96169
96170
96186
96200
96208
96211
96218
96219
96222
96225
96231
96232
96246
96254
96257
96260
96269
96271
96272
96273
96274
96279
96280
96288
96300
96303
96304
96305
96312
96315
96324
96329
96331
96336
96345
96350
96351
96354
96372
96376
96388
96393
96399
96402
96404
96408
96409
96412
96414
96418
96422
96425
96427
96428
96430
96451
96452
96453
96458
96462
96463
96465
96482
96484
96490
96492
96499
96500
96505
96508
96510
96511
96518
96520
96524
96527
96529
96534
96536
96541
96544
96547
96550
96554
96556
96558
96561
96563
96569
96572
96576
96581
96586
96597
96600
96620
96625
96629
96641
96644
96647
96658
96664
96668
96670
96676
96677
96690
96694
96715
96724
96726
96735
96752
96758
96762
96768
96769
96777
96785
96786
96787
96788
96791
96798
96799
96807
96815
96819
96824
96830
96831
96833
96843
96844
96848
96851
96858
96859
96863
96868
96872
96888
96907
96911
96913
96915
96917
96922
96924
96928
96931
96933
96936
96937
96942
96952
96961
96963
96968
96971
96978
96986
96988
96990
96995
96996
96997
97005
97010
97014
97015
97021
97027
97029
97036
97038
97041
97050
97051
97057
97058
97063
97073
97079
97092
97103
97107
97108
97110
97112
97114
97115
97117
97119
97127
97134
97141
97144
97146
97147
97150
97151
97152
97163
97171
97176
97177
97187
97190
97196
97212
97215
97217
97221
97224
97228
97229
97231
97234
97240
97254
97257
97261
97262
97267
97278
97279
97280
97281
97289
97298
97301
97308
97312
97313
97318
97319
97323
97325
97329
97336
97338
97346
97351
97355
97366
97376
97378
97384
97388
97390
97394
97399
97400
97401
97408
97419
97431
97433
97434
97440
97447
97448
97454
97455
97462
97463
97464
97471
97472
97473
97480
97489
97490
97494
97495
97506
97508
97515
97530
97538
97541
97553
97560
97564
97566
97573
97575
97577
97579
97585
97586
97600
97604
97605
97607
97608
97610
97613
97617
97623
97624
97628
97643
97646
97648
97660
97662
97664
97669
97673
97674
97678
97680
97681
97689
97690
97708
97709
97717
97722
97723
97724
97733
97734
97735
97742
97747
97760
97761
97764
97774
97782
97785
97786
97791
97792
97793
97798
97799
97800
97802
97813
97814
97819
97822
97824
97835
97838
97841
97843
97844
97845
97847
97848
97854
97866
97870
97871
97883
97896
97901
97902
97903
97904
97905
97911
97912
97913
97931
97932
97934
97935
97940
97944
97946
97955
97958
97959
97985
97988
97994
98011
98019
98021
98022
98026
98027
98037
98043
98046
98057
98066
98067
98071
98074
98077
98089
98090
98097
98103
98107
98110
98117
98120
98125
98127
98128
98132
98133
98140
98142
98143
98146
98147
98150
98151
98152
98155
98157
98158
98162
98163
98164
98168
98170
98172
98179
98199
98205
98207
98208
98221
98225
98228
98231
98239
98241
98243
98244
98251
98256
98257
98267
98269
98276
98277
98284
98297
98299
98300
98303
98307
98321
98322
98340
98346
98350
98352
98356
98358
98362
98364
98366
98374
98377
98381
98383
98392
98402
98405
98407
98411
98415
98416
98417
98421
98426
98442
98446
98452
98454
98470
98471
98475
98482
98485
98499
98500
98503
98509
98510
98511
98512
98520
98528
98529
98539
98540
98545
98548
98555
98559
98565
98571
98577
98589
98593
98595
98597
98613
98614
98623
98625
98626
98633
98637
98639
98642
98645
98646
98649
98651
98659
98663
98668
98669
98674
98676
98679
98684
98687
98689
98692
98696
98708
98711
98712
98719
98725
98727
98731
98732
98740
98744
98748
98750
98757
98758
98765
98778
98794
98801
98818
98819
98822
98833
98834
98840
98870
98872
98884
98903
98904
98905
98913
98930
98934
98938
98948
98950
98952
98959
98962
98969
98976
98981
98986
98989
98990
98996
98999
99005
99007
99011
99017
99025
99030
99036
99038
99039
99040
99043
99072
99074
99082
99086
99088
99090
99099
99103
99108
99113
99118
99123
99130
99138
99139
99140
99152
99153
99156
99158
99165
99168
99169
99175
99185
99192
99195
99203
99212
99225
99226
99233
99244
99245
99252
99253
99254
99256
99260
99262
99271
99272
99276
99280
99282
99283
99284
99286
99309
99317
99319
99322
99331
99337
99357
99364
99366
99368
99384
99386
99394
99400
99402
99406
99410
99411
99418
99424
99428
99429
99433
99436
99437
99438
99442
99453
99471
99472
99474
99482
99483
99484
99486
99500
99501
99507
99510
99514
99516
99522
99523
99525
99526
99535
99539
99540
99547
99555
99559
99560
99561
99562
99566
99568
99576
99588
99592
99593
99598
99606
99607
99612
99614
99620
99632
99640
99643
99644
99646
99649
99650
99655
99664
99666
99676
99677
99680
99684
99685
99686
99698
99701
99709
99721
99724
99725
99732
99735
99743
99748
99750
99752
99759
99762
99766
99767
99768
99777
99786
99790
99792
99794
99807
99811
99812
99819
99824
99825
99826
99831
99833
99842
99845
99852
99856
99864
99867
99871
99873
99876
99884
99887
99894
99897
99902
99904
99907
99914
99916
99920
99926
99930
99932
99933
99935
99941
99953
99968
99982
99984
99986
99994
100002
100010
100012
100020
100022
100025
100026
100037
100039
100040
100042
100044
100052
100053
100060
100062
100065
100068
100069
100070
100090
100105
100109
100116
100117
100128
100151
100158
100161
100165
100177
100178
100181
100188
100193
100194
100195
100204
100205
100206
100209
100213
100216
100217
100220
100222
100229
100231
100232
100234
100240
100241
100247
100252
100258
100266
100269
100275
100281
100282
100284
100285
100289
100295
100296
100299
100304
100321
100323
100324
100330
100333
100340
100352
100354
100359
100361
100365
100368
100369
100370
100372
100373
100375
100378
100379
100385
100386
100390
100395
100396
100397
100435
100440
100441
100442
100444
100446
100454
100458
100459
100460
100465
100466
100470
100472
100475
100480
100481
100485
100489
100490
100493
100501
100504
100511
100513
100519
100528
100529
100539
100548
100550
100556
100558
100561
100565
100574
100582
100592
100595
100596
100625
100626
100632
100646
100651
100656
100665
100682
100683
100690
100691
100695
100696
100699
100701
100708
100711
100714
100716
100719
100726
100734
100747
100748
100758
100763
100767
100773
100775
100781
100784
100789
100791
100797
100819
100825
100830
100831
100834
100845
100850
100853
100870
100881
100883
100886
100887
100888
100889
100891
100896
100897
100903
100919
100944
100950
100951
100952
100959
100961
100967
100970
100971
100979
100980
100992
100994
100995
100997
100998
101000
101004
101010
101011
101012
101027
101030
101041
101053
101059
101072
101073
101088
101089
101090
101103
101109
101112
101123
101128
101129
101134
101157
101159
101179
101185
101191
101197
101198
101205
101209
101212
101214
101215
101219
101231
101241
101242
101245
101246
101247
101250
101259
101266
101276
101281
101282
101287
101289
101307
101311
101321
101324
101328
101333
101339
101343
101348
101350
101351
101353
101358
101375
101378
101379
101385
101387
101395
101400
101404
101405
101407
101409
101415
101426
101433
101436
101443
101446
101448
101449
101451
101459
101463
101467
101468
101470
101477
101479
101484
101492
101499
101505
101510
101513
101517
101523
101524
101526
101528
101530
101534
101535
101536
101538
101546
101548
101551
101556
101573
101577
101583
101597
101600
101606
101608
101611
101612
101616
101619
101620
101626
101629
101633
101640
101655
101657
101659
101660
101663
101665
101667
101668
101683
101689
101693
101697
101702
101709
101723
101726
101727
101741
101742
101748
101764
101766
101770
101773
101780
101785
101790
101792
101793
101794
101795
101799
101821
101823
101835
101841
101845
101846
101848
101858
101864
101865
101869
101870
101872
101877
101879
101889
101892
101894
101898
101903
101906
101911
101920
101923
101924
101930
101936
101944
101946
101947
101949
101951
101952
101956
101957
101958
101962
101967
101969
101976
101979
101988
101990
101993
101997
102000
102003
102006
102009
102015
102016
102025
102026
102028
102030
102034
102046
102053
102054
102057
102068
102069
102073
102077
102081
102085
102086
102088
102094
102097
102099
102102
102118
102120
102122
102125
102134
102138
102153
102167
102168
102169
102176
102177
102183
102194
102195
102198
102200
102205
102213
102214
102215
102219
102223
102225
102229
102233
102249
102259
102263
102264
102265
102270
102275
102280
102281
102282
102301
102306
102307
102311
102315
102323
102326
102328
102331
102334
102335
102338
102342
102344
102353
102359
102360
102361
102364
102368
102370
102383
102385
102403
102405
102406
102407
102408
102411
102419
102421
102428
102437
102439
102446
102447
102450
102454
102455
102458
102462
102465
102467
102469
102473
102485
102489
102491
102505
102513
102516
102518
102519
102520
102522
102523
102525
102535
102537
102552
102554
102562
102566
102580
102584
102585
102594
102597
102600
102601
102617
102618
102632
102634
102636
102643
102644
102646
102653
102656
102657
102668
102675
102676
102678
102679
102690
102691
102698
102705
102707
102711
102714
102716
102718
102736
102748
102750
102751
102753
102756
102759
102760
102761
102763
102764
102768
102771
102775
102776
102785
102789
102791
102800
102803
102804
102810
102812
102817
102819
102821
102826
102829
102833
102834
102835
102841
102849
102850
102852
102853
102866
102873
102877
102882
102884
102888
102890
102894
102898
102900
102911
102913
102924
102934
102936
102938
102946
102947
102950
102952
102957
102958
102961
102964
102971
102976
102988
102992
102995
103004
103017
103021
103029
103030
103040
103042
103044
103047
103054
103057
103058
103067
103076
103078
103097
103113
103114
103116
103119
103121
103129
103133
103140
103145
103147
103150
103153
103160
103166
103170
103191
103201
103207
103227
103242
103250
103269
103270
103280
103301
103303
103304
103310
103316
103318
103319
103326
103332
103342
103356
103370
103375
103386
103398
103400
103405
103412
103417
103422
103424
103429
103432
103439
103442
103443
103446
103447
103448
103461
103463
103464
103471
103484
103485
103486
103490
103494
103496
103498
103500
103503
103509
103521
103523
103528
103542
103559
103575
103581
103582
103592
103596
103603
103604
103612
103636
103641
103650
103660
103662
103667
103668
103670
103673
103676
103678
103680
103681
103685
103688
103695
103699
103700
103703
103704
103706
103707
103715
103721
103732
103739
103741
103746
103752
103760
103766
103769
103770
103771
103780
103782
103785
103794
103796
103798
103805
103807
103811
103813
103814
103817
103826
103833
103837
103838
103841
103842
103849
103854
103856
103861
103862
103865
103870
103871
103878
103890
103894
103895
103905
103910
103911
103914
103918
103922
103926
103938
103939
103947
103952
103956
103961
103962
103965
103968
103978
103979
103984
103995
103996
104000
104002
104004
104010
104011
104015
104017
104026
104033
104034
104038
104039
104041
104044
104046
104050
104053
104056
104059
104061
104066
104067
104068
104073
104075
104084
104087
104093
104101
104102
104103
104105
104106
104109
104110
104112
104113
104117
104123
104134
104135
104139
104140
104142
104148
104154
104157
104158
104160
104163
104164
104169
104170
104171
104172
104193
104202
104208
104214
104230
104233
104236
104253
104256
104259
104261
104264
104265
104266
104277
104278
104286
104290
104291
104292
104293
104296
104299
104302
104307
104314
104315
104322
104323
104326
104327
104328
104330
104332
104335
104338
104340
104345
104348
104349
104354
104357
104361
104371
104383
104389
104395
104396
104399
104423
104430
104433
104434
104439
104442
104444
104446
104452
104459
104463
104465
104472
104473
104474
104478
104484
104486
104488
104495
104496
104505
104520
104521
104523
104527
104528
104534
104535
104536
104538
104542
104550
104554
104555
104566
104567
104568
104569
104571
104581
104585
104587
104588
104589
104593
104598
104600
104604
104611
104617
104620
104621
104624
104628
104629
104639
104645
104650
104654
104656
104657
104659
104660
104661
104663
104676
104677
104678
104684
104686
104689
104692
104694
104701
104703
104709
104712
104719
104726
104728
104733
104739
104748
104751
104756
104759
104760
104764
104769
104778
104779
104780
104784
104790
104797
104799
104802
104814
104815
104816
104818
104820
104822
104825
104826
104828
104837
104840
104854
104861
104863
104869
104881
104890
104893
104897
104899
104901
104903
104910
104915
104931
104934
104942
104944
104946
104953
104957
104964
104967
104974
104982
104985
104987
104988
104990
104999
105001
105002
105003
105008
105012
105014
105019
105025
105039
105041
105043
105053
105060
105062
105063
105071
105073
105076
105081
105082
105083
105088
105089
105098
105101
105105
105110
105111
105112
105114
105127
105134
105135
105140
105143
105148
105173
105179
105185
105187
105189
105194
105197
105202
105210
105214
105215
105226
105228
105230
105231
105236
105242
105246
105247
105250
105253
105254
105257
105262
105268
105270
105277
105278
105280
105285
105292
105309
105315
105324
105325
105328
105330
105332
105334
105337
105344
105345
105347
105348
105350
105351
105352
105356
105359
105363
105364
105366
105368
105376
105378
105383
105389
105392
105394
105412
105415
105417
105434
105437
105440
105443
105454
105456
105457
105462
105467
105472
105476
105485
105486
105487
105492
105503
105504
105511
105517
105520
105525
105526
105529
105534
105538
105540
105544
105550
105552
105561
105563
105572
105574
105578
105582
105584
105586
105595
105596
105612
105613
105622
105623
105625
105628
105638
105650
105653
105659
105667
105675
105678
105680
105686
105699
105701
105706
105707
105717
105720
105721
105723
105725
105733
105743
105748
105753
105755
105764
105770
105773
105779
105785
105789
105791
105793
105804
105817
105818
105827
105836
105840
105875
105877
105878
105899
105904
105907
105910
105914
105915
105917
105918
105932
105935
105936
105946
105950
105957
105960
105963
105979
105982
105989
106005
106006
106015
106016
106032
106039
106043
106045
106050
106055
106056
106059
106061
106076
106080
106087
106088
106089
106093
106097
106101
106103
106117
106119
106127
106137
106142
106143
106145
106153
106156
106157
106172
106173
106192
106200
106201
106202
106205
106208
106211
106226
106230
106231
106236
106245
106256
106261
106269
106271
106277
106288
106301
106304
106308
106314
106323
106326
106336
106339
106345
106346
106348
106349
106351
106359
106366
106368
106377
106380
106382
106395
106396
106397
106398
106401
106415
106417
106420
106425
106433
106436
106443
106446
106447
106451
106460
106469
106475
106477
106486
106488
106492
106495
106496
106499
106504
106507
106511
106537
106539
106553
106556
106565
106574
106581
106592
106605
106606
106610
106615
106622
106626
106634
106637
106639
106640
106650
106652
106657
106664
106668
106673
106674
106678
106691
106702
106710
106711
106712
106716
106718
106727
106738
106745
106746
106748
106750
106759
106769
106772
106785
106786
106788
106790
106792
106794
106800
106804
106811
106812
106818
106822
106823
106831
106832
106833
106839
106848
106849
106850
106852
106854
106855
106860
106868
106870
106871
106873
106882
106896
106911
106917
106924
106925
106936
106958
106965
106971
106975
106982
107010
107012
107017
107019
107020
107031
107033
107034
107036
107039
107043
107049
107055
107062
107069
107071
107083
107091
107101
107102
107111
107112
107119
107128
107133
107135
107136
107147
107150
107155
107160
107161
107173
107186
107192
107194
107196
107201
107207
107210
107216
107230
107232
107234
107242
107246
107247
107248
107254
107260
107263
107267
107268
107271
107274
107289
107290
107291
107297
107299
107308
107310
107313
107326
107336
107340
107346
107350
107353
107373
107380
107384
107387
107393
107398
107406
107408
107409
107410
107414
107424
107425
107428
107432
107433
107434
107438
107442
107448
107450
107451
107453
107455
107457
107466
107473
107476
107477
107493
107496
107500
107502
107504
107510
107511
107517
107525
107534
107537
107538
107541
107545
107549
107553
107556
107558
107559
107562
107564
107582
107585
107587
107601
107620
107630
107633
107636
107640
107646
107658
107663
107667
107668
107673
107677
107682
107685
107695
107697
107706
107707
107710
107712
107716
107717
107723
107734
107736
107738
107741
107743
107748
107753
107763
107764
107766
107767
107772
107778
107786
107799
107802
107804
107811
107820
107823
107832
107837
107841
107845
107847
107852
107855
107861
107874
107876
107894
107896
107899
107908
107913
107927
107934
107939
107944
107945
107956
107971
107976
107977
107981
107982
107984
107986
107988
108004
108006
108007
108011
108012
108016
108019
108020
108022
108025
108026
108027
108035
108038
108041
108046
108048
108052
108055
108063
108064
108065
108075
108082
108086
108090
108101
108109
108111
108113
108115
108117
108135
108140
108141
108163
108166
108174
108187
108192
108200
108214
108218
108220
108221
108223
108226
108227
108234
108238
108241
108250
108262
108263
108270
108277
108280
108285
108292
108296
108297
108298
108301
108302
108307
108309
108310
108314
108316
108317
108324
108328
108336
108340
108355
108358
108363
108368
108383
108388
108389
108401
108405
108406
108409
108416
108422
108424
108426
108428
108429
108433
108441
108442
108446
108447
108450
108454
108458
108465
108467
108477
108480
108481
108495
108499
108504
108508
108520
108522
108529
108534
108537
108550
108558
108562
108563
108568
108569
108579
108593
108603
108612
108616
108626
108627
108635
108644
108654
108664
108671
108678
108680
108681
108683
108686
108688
108689
108698
108699
108700
108701
108704
108705
108710
108711
108714
108718
108723
108726
108729
108738
108741
108742
108751
108755
108757
108758
108763
108764
108769
108783
108790
108794
108800
108807
108812
108820
108824
108825
108828
108829
108841
108854
108858
108859
108866
108867
108874
108880
108886
108890
108891
108902
108912
108929
108937
108941
108943
108970
108973
108981
108984
108995
108998
109009
109010
109013
109017
109029
109033
109034
109035
109038
109039
109043
109046
109049
109054
109063
109077
109079
109089
109092
109093
109101
109103
109108
109127
109135
109137
109138
109141
109143
109144
109146
109149
109154
109158
109162
109164
109170
109172
109175
109177
109185
109201
109209
109212
109217
109219
109226
109234
109243
109251
109252
109253
109254
109262
109266
109274
109276
109283
109284
109293
109295
109298
109307
109308
109309
109326
109333
109338
109346
109353
109360
109363
109365
109366
109368
109369
109374
109382
109385
109389
109392
109393
109396
109410
109415
109422
109429
109435
109444
109448
109452
109454
109456
109468
109472
109483
109484
109490
109498
109503
109509
109522
109529
109534
109536
109540
109541
109544
109545
109550
109551
109552
109557
109562
109563
109565
109570
109575
109577
109579
109585
109589
109593
109594
109595
109601
109603
109608
109615
109616
109620
109622
109625
109629
109630
109631
109632
109641
109645
109648
109651
109652
109655
109667
109671
109676
109698
109705
109709
109719
109723
109725
109734
109739
109740
109769
109770
109787
109789
109791
109796
109797
109798
109800
109806
109813
109816
109817
109823
109826
109830
109832
109833
109834
109839
109848
109855
109862
109865
109867
109872
109884
109885
109886
109888
109902
109910
109917
109921
109928
109930
109933
109935
109943
109946
109952
109953
109958
109962
109963
109968
109985
109986
109990
110003
110014
110029
110031
110042
110046
110058
110061
110064
110065
110069
110071
110072
110085
110090
110096
110106
110111
110113
110117
110122
110129
110131
110141
110152
110153
110156
110157
110164
110167
110180
110182
110184
110196
110199
110202
110204
110205
110206
110207
110209
110213
110218
110222
110237
110245
110252
110253
110254
110265
110272
110273
110275
110285
110290
110294
110295
110298
110301
110309
110311
110322
110324
110328
110329
110333
110336
110342
110343
110346
110347
110353
110355
110356
110359
110362
110364
110370
110371
110381
110382
110384
110386
110388
110389
110397
110398
110401
110403
110404
110408
110409
110418
110421
110427
110435
110437
110444
110456
110457
110468
110469
110478
110481
110497
110500
110507
110508
110511
110513
110522
110530
110531
110546
110549
110550
110567
110569
110572
110575
110582
110586
110588
110597
110606
110607
110608
110609
110614
110621
110630
110636
110642
110653
110659
110666
110680
110682
110685
110688
110691
110706
110724
110732
110737
110742
110747
110748
110758
110761
110762
110771
110775
110777
110781
110784
110786
110794
110796
110805
110810
110814
110816
110819
110826
110828
110831
110832
110833
110834
110837
110840
110851
110852
110853
110855
110859
110877
110883
110884
110891
110892
110900
110903
110904
110906
110911
110915
110925
110946
110948
110960
110962
110963
110973
110974
110978
110979
110985
110994
111001
111011
111013
111021
111024
111030
111031
111033
111039
111040
111049
111057
111068
111071
111088
111108
111110
111114
111115
111116
111121
111141
111149
111151
111153
111156
111157
111158
111167
111184
111192
111193
111197
111203
111205
111206
111207
111208
111210
111216
111218
111229
111233
111235
111239
111244
111249
111250
111261
111262
111271
111273
111287
111288
111294
111295
111301
111308
111309
111318
111324
111336
111350
111351
111357
111370
111378
111383
111386
111387
111390
111394
111398
111409
111415
111417
111420
111431
111432
111435
111437
111438
111442
111450
111452
111457
111459
111465
111469
111476
111486
111490
111498
111499
111504
111508
111513
111517
111524
111548
111550
111551
111554
111555
111556
111557
111569
111575
111579
111593
111596
111597
111607
111631
111639
111641
111645
111646
111663
111665
111668
111670
111673
111675
111677
111679
111697
111700
111710
111714
111720
111725
111733
111739
111742
111745
111747
111750
111751
111756
111764
111765
111771
111778
111782
111784
111785
111793
111801
111816
111822
111830
111832
111840
111844
111866
111870
111882
111883
111897
111902
111907
111911
111919
111929
111935
111939
111941
111942
111943
111945
111967
111969
111976
111978
111979
111982
111984
111989
111990
111995
112004
112012
112014
112016
112023
112027
112031
112032
112033
112034
112040
112041
112044
112046
112049
112051
112060
112071
112072
112075
112078
112082
112090
112100
112112
112114
112119
112131
112133
112135
112139
112148
112152
112154
112156
112162
112164
112166
112167
112177
112197
112199
112200
112201
112203
112204
112206
112223
112224
112225
112230
112232
112233
112235
112248
112249
112250
112251
112252
112260
112261
112262
112263
112275
112277
112288
112294
112298
112300
112303
112311
112313
112314
112331
112333
112342
112364
112372
112374
112375
112382
112384
112385
112386
112399
112401
112408
112414
112418
112426
112429
112432
112435
112436
112439
112444
112445
112452
112457
112459
112462
112464
112484
112486
112487
112488
112490
112498
112501
112503
112507
112532
112549
112557
112563
112564
112570
112572
112585
112592
112594
112595
112599
112600
112610
112613
112621
112645
112654
112655
112661
112663
112670
112675
112677
112678
112684
112686
112688
112690
112692
112693
112696
112699
112700
112704
112705
112711
112719
112725
112735
112749
112754
112763
112767
112773
112790
112799
112803
112805
112810
112812
112818
112823
112827
112831
112833
112850
112852
112857
112861
112863
112864
112867
112877
112879
112888
112889
112890
112896
112899
112903
112905
112923
112924
112925
112926
112933
112940
112947
112948
112950
112951
112954
112956
112958
112960
112963
112973
112975
112978
112988
112996
113009
113013
113018
113019
113022
113028
113032
113034
113036
113037
113046
113066
113075
113085
113092
113100
113105
113126
113131
113132
113140
113147
113148
113149
113157
113161
113182
113187
113189
113197
113201
113204
113205
113208
113209
113217
113219
113237
113250
113253
113259
113260
113262
113264
113271
113275
113286
113288
113289
113296
113297
113302
113307
113311
113325
113355
113359
113364
113367
113374
113378
113383
113391
113401
113403
113408
113415
113417
113436
113437
113438
113440
113441
113458
113464
113468
113472
113473
113478
113483
113486
113489
113509
113510
113511
113513
113520
113526
113529
113545
113550
113554
113557
113559
113563
113571
113576
113577
113581
113582
113587
113593
113611
113617
113618
113622
113623
113631
113633
113635
113644
113648
113651
113653
113656
113658
113667
113668
113669
113674
113677
113678
113681
113682
113683
113690
113695
113701
113702
113704
113706
113711
113713
113718
113721
113735
113736
113740
113743
113750
113755
113769
113771
113774
113779
113780
113785
113790
113800
113802
113825
113826
113831
113837
113841
113843
113847
113849
113858
113862
113875
113876
113881
113887
113896
113899
113906
113910
113911
113915
113920
113921
113928
113937
113938
113942
113950
113961
113966
113969
113970
113971
113973
113977
113983
114004
114010
114011
114013
114026
114033
114044
114046
114052
114055
114065
114068
114080
114083
114084
114086
114095
114096
114101
114104
114111
114115
114133
114134
114138
114143
114149
114150
114163
114170
114180
114182
114183
114187
114190
114194
114195
114196
114197
114205
114206
114214
114221
114224
114228
114231
114244
114247
114252
114254
114258
114260
114261
114262
114274
114275
114280
114287
114291
114300
114308
114310
114312
114313
114323
114326
114331
114332
114339
114343
114354
114359
114361
114370
114371
114372
114373
114378
114392
114394
114395
114406
114411
114412
114414
114415
114419
114431
114435
114438
114445
114449
114460
114470
114475
114488
114493
114495
114497
114502
114509
114512
114518
114522
114524
114526
114532
114536
114539
114546
114547
114549
114552
114553
114561
114562
114586
114590
114636
114639
114644
114649
114654
114656
114658
114659
114660
114663
114673
114675
114677
114679
114683
114687
114696
114707
114709
114712
114713
114715
114727
114738
114740
114746
114751
114756
114761
114774
114776
114781
114782
114791
114792
114797
114805
114807
114822
114823
114825
114828
114830
114831
114832
114834
114843
114847
114848
114856
114859
114865
114867
114870
114872
114879
114880
114886
114888
114891
114893
114901
114906
114909
114912
114914
114917
114920
114922
114929
114930
114935
114945
114956
114964
114970
114971
114978
114982
114990
115006
115009
115012
115019
115026
115035
115041
115049
115058
115062
115109
115113
115118
115121
115133
115135
115137
115142
115152
115153
115155
115156
115158
115160
115170
115173
115182
115183
115184
115185
115198
115199
115200
115201
115210
115222
115227
115231
115239
115245
115246
115252
115255
115264
115277
115286
115294
115300
115311
115314
115321
115322
115325
115326
115330
115335
115338
115341
115348
115358
115363
115370
115397
115398
115401
115405
115410
115411
115412
115415
115418
115426
115437
115438
115456
115458
115473
115475
115476
115477
115478
115479
115488
115490
115491
115492
115495
115505
115515
115516
115524
115525
115526
115532
115533
115538
115553
115560
115561
115567
115577
115583
115587
115588
115597
115599
115611
115615
115633
115635
115638
115647
115653
115655
115667
115668
115670
115681
115687
115688
115698
115706
115712
115716
115721
115722
115723
115725
115731
115735
115747
115757
115759
115762
115763
115764
115766
115772
115775
115780
115782
115785
115787
115789
115791
115795
115804
115805
115807
115814
115821
115828
115830
115843
115850
115854
115855
115857
115860
115861
115862
115866
115871
115876
115878
115882
115883
115886
115888
115902
115907
115908
115914
115921
115923
115926
115927
115933
115938
115941
115944
115948
115949
115978
115982
115984
115992
115996
116008
116011
116013
116033
116035
116036
116038
116039
116044
116053
116060
116063
116065
116066
116076
116084
116093
116096
116098
116120
116121
116126
116127
116130
116131
116134
116135
116137
116138
116144
116146
116150
116153
116161
116166
116168
116169
116180
116189
116190
116193
116201
116202
116205
116206
116208
116210
116212
116215
116217
116222
116225
116227
116228
116230
116231
116238
116241
116246
116249
116254
116255
116263
116270
116271
116277
116288
116292
116300
116320
116322
116323
116326
116328
116329
116332
116338
116342
116345
116347
116360
116366
116371
116384
116385
116394
116405
116406
116436
116437
116441
116443
116450
116461
116462
116463
116465
116473
116478
116496
116503
116504
116505
116519
116522
116538
116546
116552
116556
116565
116573
116575
116579
116580
116593
116603
116608
116621
116627
116631
116633
116636
116645
116648
116667
116669
116677
116684
116688
116690
116691
116692
116696
116697
116701
116706
116707
116708
116709
116711
116716
116719
116720
116724
116739
116743
116750
116758
116759
116761
116767
116769
116772
116776
116778
116781
116787
116790
116793
116794
116796
116798
116804
116810
116817
116819
116821
116824
116832
116833
116836
116841
116843
116851
116857
116859
116860
116862
116872
116880
116891
116898
116902
116908
116914
116923
116925
116930
116940
116951
116958
116962
116964
116975
116977
116980
116984
116987
116988
117001
117002
117005
117006
117010
117012
117015
117021
117027
117036
117039
117042
117047
117049
117057
117062
117063
117065
117072
117075
117076
117077
117082
117085
117093
117100
117116
117120
117127
117133
117138
117140
117143
117144
117149
117163
117167
117171
117173
117175
117177
117179
117187
117191
117192
117201
117211
117214
117220
117222
117224
117225
117230
117236
117240
117241
117242
117248
117251
117252
117253
117258
117265
117280
117283
117288
117289
117296
117297
117300
117304
117307
117309
117310
117313
117314
117315
117330
117332
117333
117337
117339
117343
117345
117351
117363
117366
117369
117370
117371
117376
117384
117393
117395
117406
117415
117418
117426
117427
117428
117430
117441
117443
117444
117450
117451
117455
117457
117459
117462
117465
117473
117474
117484
117491
117495
117503
117507
117513
117518
117527
117529
117531
117534
117536
117542
117555
117557
117563
117565
117566
117572
117580
117587
117594
117608
117614
117620
117630
117632
117635
117639
117644
117649
117660
117661
117666
117670
117673
117680
117690
117692
117695
117700
117701
117704
117710
117722
117726
117727
117732
117743
117744
117754
117756
117760
117766
117773
117774
117783
117786
117790
117799
117800
117803
117817
117819
117822
117824
117827
117832
117835
117837
117841
117850
117851
117852
117855
117857
117863
117865
117870
117873
117875
117878
117881
117883
117887
117896
117898
117905
117917
117934
117935
117944
117945
117946
117947
117951
117954
117968
117969
117971
117978
117982
117986
117988
117995
118004
118010
118014
118021
118022
118024
118032
118034
118037
118040
118041
118045
118049
118054
118055
118059
118066
118069
118076
118080
118083
118087
118094
118095
118105
118107
118110
118111
118113
118114
118132
118140
118141
118144
118150
118159
118161
118162
118168
118171
118175
118199
118202
118208
118212
118219
118220
118227
118237
118247
118249
118252
118263
118264
118274
118275
118278
118284
118291
118304
118306
118308
118311
118315
118323
118334
118337
118345
118346
118347
118348
118350
118359
118374
118375
118376
118377
118379
118387
118391
118403
118405
118410
118422
118430
118432
118433
118437
118438
118442
118444
118455
118468
118476
118477
118488
118494
118497
118500
118505
118526
118532
118536
118543
118557
118571
118575
118576
118578
118579
118580
118581
118583
118585
118595
118596
118600
118606
118608
118610
118612
118618
118623
118626
118634
118635
118638
118640
118641
118647
118650
118651
118658
118660
118663
118671
118673
118678
118681
118685
118686
118690
118694
118698
118699
118707
118709
118713
118714
118715
118720
118721
118723
118727
118735
118739
118740
118744
118745
118747
118750
118754
118759
118761
118764
118768
118771
118780
118782
118785
118788
118790
118801
118813
118817
118818
118821
118825
118829
118830
118831
118833
118837
118840
118845
118847
118849
118857
118862
118869
118875
118880
118890
118893
118896
118901
118911
118915
118924
118930
118937
118947
118948
118955
118957
118960
118965
118972
118974
118981
118982
118990
118992
118999
119017
119020
119026
119042
119045
119046
119055
119066
119068
119070
119073
119078
119094
119099
119100
119101
119110
119111
119120
119124
119135
119138
119141
119143
119144
119156
119163
119171
119176
119179
119185
119187
119190
119201
119203
119218
119219
119228
119234
119238
119241
119248
119249
119252
119264
119277
119281
119282
119292
119295
119296
119307
119312
119313
119314
119320
119326
119331
119343
119344
119348
119351
119354
119363
119372
119373
119374
119378
119379
119385
119389
119393
119396
119411
119416
119417
119425
119430
119431
119435
119438
119455
119461
119482
119486
119492
119497
119498
119507
119512
119526
119536
119539
119542
119548
119549
119551
119552
119554
119559
119563
119571
119575
119578
119583
119584
119594
119598
119604
119613
119616
119647
119652
119654
119655
119657
119660
119664
119667
119669
119678
119683
119684
119690
119702
119703
119705
119713
119715
119716
119720
119722
119727
119728
119730
119731
119758
119762
119766
119768
119770
119771
119773
119774
119778
119787
119788
119793
119801
119804
119810
119812
119821
119825
119826
119829
119830
119831
119843
119848
119855
119861
119862
119864
119878
119880
119882
119883
119900
119901
119902
119903
119914
119915
119917
119919
119928
119940
119943
119947
119954
119955
119967
119972
119974
119975
119978
119980
119981
119990
119992
119995
119996
119997
119998
120008
120010
120014
120019
120022
120025
120026
120034
120039
120048
120049
120060
120061
120070
120074
120082
120086
120088
120104
120110
120125
120127
120130
120133
120137
120141
120143
120150
120158
120159
120162
120170
120177
120181
120183
120184
120185
120187
120193
120195
120199
120202
120205
120214
120220
120225
120243
120245
120252
120267
120270
120271
120278
120288
120290
120298
120300
120310
120320
120323
120326
120333
120334
120335
120338
120359
120366
120368
120369
120370
120381
120383
120386
120408
120417
120418
120419
120426
120430
120436
120442
120447
120458
120467
120470
120473
120474
120477
120481
120482
120494
120515
120521
120526
120538
120545
120549
120551
120554
120559
120562
120566
120570
120571
120573
120576
120577
120582
120584
120590
120595
120611
120612
120613
120618
120625
120639
120640
120642
120646
120650
120654
120657
120660
120670
120671
120672
120675
120676
120678
120682
120685
120690
120691
120693
120703
120710
120713
120717
120740
120749
120750
120754
120756
120758
120764
120765
120771
120772
120778
120806
120809
120814
120818
120821
120828
120841
120844
120846
120848
120853
120872
120878
120880
120881
120887
120894
120896
120897
120899
120901
120903
120906
120909
120910
120913
120917
120918
120921
120923
120924
120927
120934
120938
120939
120943
120944
120946
120956
120957
120958
120962
120968
120978
120986
120990
121007
121010
121011
121024
121025
121030
121033
121037
121045
121067
121075
121078
121083
121085
121086
121095
121104
121107
121108
121131
121137
121138
121144
121149
121150
121151
121164
121167
121182
121190
121200
121203
121209
121211
121215
121218
121219
121221
121223
121227
121230
121235
121244
121249
121256
121259
121262
121266
121275
121284
121296
121298
121304
121305
121308
121314
121317
121321
121334
121337
121340
121355
121356
121359
121360
121368
121379
121380
121381
121386
121391
121397
121398
121420
121434
121440
121450
121452
121455
121456
121464
121469
121470
121476
121482
121483
121484
121489
121490
121498
121503
121504
121508
121512
121518
121519
121525
121530
121540
121542
121545
121548
121549
121552
121559
121565
121568
121569
121573
121589
121590
121598
121599
121604
121605
121610
121621
121622
121624
121627
121641
121642
121645
121652
121653
121654
121675
121685
121688
121689
121690
121692
121696
121701
121706
121711
121712
121715
121721
121724
121728
121729
121736
121741
121747
121750
121761
121762
121764
121767
121771
121775
121777
121788
121791
121793
121795
121802
121805
121813
121817
121834
121839
121849
121852
121855
121856
121857
121858
121859
121860
121861
121870
121874
121877
121878
121879
121887
121888
121890
121894
121897
121910
121911
121913
121919
121921
121922
121928
121929
121934
121935
121936
121938
121951
121954
121956
121972
121979
121980
121992
121993
121998
122000
122001
122020
122021
122024
122027
122028
122030
122034
122036
122037
122041
122051
122052
122055
122063
122066
122068
122072
122079
122080
122081
122083
122086
122111
122113
122115
122117
122118
122120
122124
122127
122139
122155
122158
122165
122176
122177
122181
122182
122185
122198
122203
122204
122209
122211
122217
122223
122224
122229
122234
122238
122240
122250
122253
122254
122257
122258
122260
122265
122282
122284
122286
122287
122289
122304
122307
122308
122312
122315
122334
122338
122343
122346
122350
122353
122373
122381
122385
122388
122392
122398
122401
122412
122414
122427
122436
122449
122457
122458
122464
122465
122473
122478
122484
122494
122497
122499
122500
122501
122502
122503
122505
122507
122515
122516
122520
122521
122526
122536
122545
122550
122551
122553
122556
122557
122567
122575
122578
122593
122599
122609
122613
122617
122629
122632
122655
122666
122667
122669
122672
122676
122690
122698
122700
122701
122703
122707
122713
122719
122721
122724
122732
122733
122737
122738
122743
122744
122752
122770
122776
122789
122791
122797
122803
122813
122816
122820
122825
122828
122830
122832
122836
122840
122845
122846
122851
122854
122862
122863
122870
122883
122887
122889
122893
122894
122900
122906
122912
122931
122932
122933
122949
122952
122955
122963
122971
122974
122976
122977
122989
122992
123002
123003
123004
123010
123015
123031
123036
123042
123045
123046
123052
123056
123057
123058
123061
123062
123067
123070
123073
123078
123082
123088
123091
123094
123095
123097
123098
123101
123108
123113
123114
123115
123118
123122
123123
123125
123126
123136
123146
123152
123153
123158
123162
123163
123180
123189
123194
123208
123222
123245
123249
123254
123265
123268
123274
123281
123289
123290
123291
123292
123294
123301
123304
123312
123313
123315
123317
123322
123323
123331
123343
123351
123352
123353
123363
123366
123369
123370
123372
123373
123378
123382
123386
123397
123398
123401
123403
123405
123412
123419
123424
123426
123433
123446
123449
123461
123467
123470
123471
123477
123478
123486
123493
123499
123500
123512
123534
123536
123540
123541
123547
123549
123554
123559
123561
123562
123570
123571
123576
123580
123581
123586
123594
123599
123604
123605
123607
123608
123613
123620
123628
123634
123639
123650
123652
123656
123665
123669
123672
123680
123681
123683
123684
123687
123694
123698
123701
123703
123709
123710
123711
123718
123720
123726
123733
123735
123766
123768
123771
123775
123780
123797
123813
123814
123816
123822
123833
123838
123844
123850
123852
123855
123863
123868
123871
123873
123876
123877
123883
123886
123889
123901
123907
123921
123922
123927
123949
123952
123968
123971
123972
123976
123993
123998
124018
124022
124034
124041
124045
124056
124067
124072
124075
124077
124080
124081
124093
124096
124111
124115
124124
124127
124131
124135
124138
124140
124142
124143
124144
124147
124148
124169
124172
124193
124195
124197
124201
124209
124212
124218
124229
124233
124236
124238
124240
124244
124260
124264
124267
124268
124276
124278
124281
124282
124291
124297
124310
124312
124315
124317
124318
124319
124333
124341
124347
124352
124356
124359
124376
124377
124382
124384
124386
124397
124401
124403
124404
124411
124416
124421
124424
124429
124430
124438
124440
124442
124448
124450
124459
124460
124470
124479
124480
124481
124484
124490
124492
124500
124518
124530
124531
124538
124550
124553
124555
124560
124576
124577
124580
124582
124584
124586
124587
124608
124614
124617
124621
124634
124636
124639
124641
124642
124645
124649
124650
124652
124661
124671
124678
124683
124684
124685
124686
124694
124701
124706
124707
124720
124726
124729
124733
124738
124746
124763
124767
124769
124772
124775
124786
124791
124792
124796
124806
124814
124818
124819
124826
124828
124833
124840
124847
124848
124856
124857
124861
124862
124865
124867
124873
124874
124876
124882
124883
124899
124902
124906
124911
124912
124917
124928
124935
124938
124939
124944
124946
124964
124978
124979
124982
124984
124989
124991
124997
125007
125008
125010
125011
125023
125024
125028
125031
125032
125039
125040
125045
125048
125049
125052
125058
125061
125065
125069
125070
125072
125078
125083
125087
125088
125090
125091
125096
125100
125106
125112
125119
125124
125127
125132
125146
125150
125151
125155
125157
125158
125162
125170
125172
125173
125175
125176
125179
125181
125189
125191
125192
125193
125195
125198
125205
125211
125212
125213
125217
125220
125222
125245
125246
125250
125256
125276
125277
125292
125294
125303
125306
125307
125309
125311
125317
125330
125331
125338
125346
125349
125351
125360
125363
125365
125369
125379
125383
125392
125397
125398
125403
125408
125418
125419
125420
125425
125428
125435
125436
125445
125447
125454
125458
125463
125464
125466
125469
125472
125485
125489
125494
125495
125499
125505
125518
125519
125528
125565
125570
125571
125572
125577
125582
125592
125595
125597
125599
125603
125610
125620
125621
125637
125638
125646
125654
125660
125661
125662
125668
125670
125675
125679
125682
125692
125695
125699
125703
125706
125707
125716
125721
125722
125731
125736
125740
125743
125744
125746
125758
125764
125768
125771
125772
125773
125778
125779
125781
125786
125788
125792
125796
125797
125802
125809
125811
125813
125822
125826
125827
125830
125841
125846
125856
125866
125872
125874
125879
125880
125883
125893
125894
125898
125901
125905
125912
125918
125920
125922
125925
125939
125952
125962
125981
125983
125994
125996
125997
126006
126008
126014
126022
126023
126025
126031
126032
126047
126055
126061
126064
126067
126068
126069
126071
126076
126079
126084
126090
126099
126102
126103
126107
126108
126114
126116
126117
126121
126128
126132
126133
126134
126137
126140
126144
126146
126150
126162
126170
126173
126175
126179
126181
126182
126183
126184
126185
126188
126193
126195
126200
126206
126208
126209
126234
126236
126237
126247
126251
126253
126256
126262
126264
126267
126276
126282
126283
126292
126298
126305
126307
126316
126322
126330
126339
126344
126362
126365
126368
126372
126389
126393
126395
126401
126406
126408
126409
126414
126417
126424
126425
126431
126449
126469
126470
126495
126503
126515
126518
126520
126521
126525
126528
126545
126557
126568
126582
126590
126595
126597
126603
126604
126615
126620
126627
126633
126635
126640
126642
126643
126651
126657
126658
126671
126681
126682
126687
126693
126695
126696
126706
126707
126711
126712
126724
126727
126728
126731
126734
126741
126747
126748
126752
126757
126777
126782
126790
126796
126799
126805
126812
126814
126816
126818
126822
126828
126831
126842
126843
126846
126856
126862
126865
126871
126872
126873
126879
126883
126885
126888
126894
126896
126903
126907
126908
126914
126917
126918
126927
126930
126932
126937
126954
126955
126959
126963
126968
126970
126982
126989
126991
126997
127004
127006
127007
127012
127014
127015
127018
127024
127027
127029
127036
127037
127041
127047
127050
127054
127065
127067
127071
127072
127074
127076
127077
127080
127088
127091
127113
127116
127122
127123
127133
127137
127146
127148
127150
127151
127152
127153
127165
127167
127169
127180
127188
127193
127195
127202
127214
127217
127223
127228
127231
127245
127253
127255
127260
127275
127294
127295
127303
127304
127308
127309
127311
127316
127317
127325
127339
127341
127346
127347
127352
127364
127366
127377
127379
127384
127385
127389
127393
127395
127398
127399
127401
127404
127405
127414
127416
127418
127421
127423
127436
127438
127440
127445
127447
127450
127453
127459
127465
127469
127491
127496
127501
127507
127511
127512
127528
127530
127541
127558
127559
127561
127573
127576
127584
127596
127598
127600
127604
127611
127612
127613
127615
127621
127623
127624
127625
127626
127627
127631
127634
127636
127638
127639
127648
127650
127652
127653
127655
127659
127663
127665
127671
127673
127677
127683
127688
127694
127697
127700
127706
127708
127710
127721
127725
127726
127731
127732
127735
127736
127743
127750
127755
127759
127760
127769
127783
127798
127802
127803
127813
127819
127821
127824
127833
127846
127850
127851
127865
127866
127870
127871
127873
127877
127880
127882
127889
127892
127893
127900
127901
127906
127907
127926
127929
127934
127937
127939
127940
127959
127962
127971
127976
127981
127984
127988
128003
128006
128008
128021
128027
128031
128032
128034
128036
128039
128041
128048
128049
128051
128053
128061
128070
128074
128076
128087
128089
128090
128091
128098
128099
128102
128113
128115
128125
128128
128130
128133
128142
128155
128160
128162
128163
128166
128178
128179
128182
128187
128192
128202
128205
128206
128217
128219
128221
128235
128236
128238
128239
128240
128242
128243
128266
128268
128269
128276
128279
128282
128284
128286
128288
128289
128292
128297
128298
128308
128314
128316
128319
128320
128329
128330
128333
128357
128358
128361
128362
128363
128368
128372
128375
128380
128385
128386
128391
128396
128405
128412
128429
128433
128443
128451
128453
128454
128455
128465
128466
128467
128468
128469
128473
128474
128478
128481
128485
128495
128503
128506
128508
128509
128515
128520
128523
128530
128533
128544
128553
128560
128561
128567
128574
128585
128587
128588
128600
128603
128614
128624
128633
128637
128640
128644
128652
128655
128657
128663
128666
128686
128687
128688
128689
128691
128695
128696
128698
128703
128708
128711
128724
128725
128728
128750
128751
128755
128756
128757
128760
128765
128766
128771
128773
128781
128784
128793
128794
128797
128804
128808
128823
128835
128836
128841
128850
128853
128854
128855
128867
128870
128881
128894
128899
128903
128910
128918
128930
128938
128939
128940
128942
128949
128951
128963
128977
128989
128995
128999
129003
129015
129021
129026
129029
129032
129036
129041
129046
129049
129050
129052
129055
129065
129066
129084
129087
129089
129097
129104
129108
129111
129112
129118
129125
129130
129134
129136
129158
129166
129169
129170
129173
129175
129176
129181
129183
129190
129192
129194
129207
129212
129218
129225
129229
129231
129237
129241
129247
129252
129256
129266
129270
129271
129279
129286
129287
129291
129292
129300
129303
129316
129317
129319
129321
129324
129326
129329
129340
129344
129350
129352
129354
129360
129361
129386
129400
129402
129405
129416
129430
129431
129434
129440
129442
129446
129447
129453
129456
129462
129463
129465
129469
129476
129477
129478
129479
129499
129512
129515
129517
129518
129523
129525
129528
129533
129537
129552
129558
129560
129564
129567
129576
129577
129579
129585
129597
129603
129606
129608
129611
129613
129615
129616
129617
129618
129622
129623
129630
129633
129636
129640
129646
129648
129656
129663
129666
129669
129670
129672
129673
129674
129688
129701
129708
129722
129727
129734
129742
129749
129750
129756
129758
129763
129769
129770
129781
129787
129788
129792
129796
129799
129801
129804
129808
129809
129812
129826
129829
129836
129840
129843
129858
129859
129865
129867
129876
129877
129880
129881
129884
129887
129896
129906
129907
129911
129914
129917
129920
129921
129923
129929
129937
129944
129949
129953
129954
129955
129956
129958
129960
129961
129971
129975
129981
129995
130002
130004
130006
130007
130017
130020
130022
130029
130032
130036
130038
130039
130040
130047
130052
130053
130058
130066
130070
130071
130078
130085
130086
130087
130089
130090
130092
130100
130111
130119
130128
130129
130133
130137
130142
130153
130156
130179
130188
130191
130192
130197
130201
130202
130208
130209
130214
130222
130242
130249
130251
130252
130287
130289
130309
130315
130321
130327
130328
130330
130331
130332
130337
130345
130349
130358
130362
130367
130373
130381
130382
130383
130388
130389
130390
130391
130396
130397
130398
130400
130402
130411
130415
130417
130418
130425
130431
130433
130441
130443
130446
130447
130451
130456
130459
130471
130472
130473
130476
130477
130482
130490
130492
130495
130497
130498
130502
130507
130510
130511
130522
130526
130533
130537
130539
130548
130549
130558
130565
130566
130570
130580
130582
130604
130610
130619
130632
130636
130640
130643
130644
130668
130674
130676
130687
130711
130715
130716
130721
130724
130739
130742
130754
130756
130759
130760
130762
130771
130772
130777
130781
130787
130791
130793
130803
130807
130810
130813
130816
130824
130827
130830
130838
130839
130850
130856
130866
130867
130879
130885
130889
130893
130898
130903
130907
130939
130940
130949
130952
130962
130964
130965
130969
130974
130978
130998
131000
131003
131007
131009
131010
131012
131013
131018
131021
131022
131036
131041
131057
131071
131072
131084
131086
131096
131104
131105
131107
131108
131112
131114
131115
131127
131133
131138
131139
131142
131149
131162
131165
131174
131190
131192
131193
131196
131198
131199
131200
131202
131203
131206
131207
131209
131218
131220
131221
131223
131227
131229
131230
131238
131243
131248
131249
131251
131262
131270
131271
131283
131294
131299
131301
131305
131313
131331
131334
131340
131341
131342
131343
131345
131348
131358
131360
131364
131365
131366
131370
131373
131374
131382
131406
131408
131410
131420
131423
131426
131430
131433
131434
131437
131440
131445
131458
131459
131465
131470
131473
131481
131485
131487
131488
131505
131506
131515
131517
131522
131525
131529
131533
131536
131540
131541
131543
131544
131548
131559
131561
131574
131577
131579
131582
131583
131591
131600
131608
131611
131627
131629
131633
131635
131637
131638
131639
131641
131652
131667
131671
131673
131682
131685
131690
131702
131713
131717
131723
131728
131733
131735
131742
131762
131765
131769
131774
131783
131788
131789
131795
131806
131808
131811
131817
131821
131822
131825
131826
131828
131829
131831
131836
131837
131842
131853
131859
131864
131874
131878
131879
131880
131885
131887
131888
131893
131896
131897
131902
131903
131910
131913
131917
131942
131950
131951
131961
131963
131971
131975
131977
131988
131995
132001
132007
132009
132018
132020
132028
132032
132035
132039
132040
132047
132052
132058
132059
132063
132064
132065
132068
132072
132077
132083
132093
132103
132104
132112
132113
132124
132129
132131
132132
132133
132140
132143
132159
132161
132166
132168
132171
132175
132185
132200
132206
132213
132215
132236
132238
132248
132251
132258
132260
132267
132270
132283
132291
132293
132294
132296
132300
132301
132305
132307
132309
132310
132311
132319
132322
132325
132329
132335
132337
132338
132340
132350
132355
132356
132362
132363
132368
132370
132372
132380
132381
132382
132386
132388
132391
132392
132394
132397
132401
132404
132405
132406
132412
132413
132419
132430
132436
132438
132441
132442
132445
132451
132460
132468
132494
132498
132503
132510
132512
132525
132529
132530
132536
132538
132539
132540
132551
132559
132563
132567
132580
132589
132590
132591
132595
132597
132604
132605
132606
132615
132616
132622
132623
132624
132625
132626
132632
132638
132643
132651
132662
132664
132672
132675
132681
132686
132690
132692
132702
132716
132728
132730
132731
132733
132735
132741
132744
132749
132756
132768
132773
132774
132780
132783
132790
132807
132815
132841
132843
132844
132848
132857
132859
132863
132876
132877
132879
132890
132899
132900
132904
132905
132907
132922
132926
132942
132944
132949
132952
132954
132957
132963
132968
132972
132975
132987
132998
133000
133002
133005
133011
133022
133031
133034
133037
133041
133045
133054
133059
133067
133072
133073
133078
133079
133084
133087
133089
133090
133093
133103
133107
133110
133121
133129
133132
133141
133145
133185
133187
133188
133190
133198
133202
133205
133217
133220
133240
133241
133243
133244
133254
133276
133282
133283
133287
133297
133308
133314
133315
133321
133326
133327
133332
133336
133344
133346
133358
133361
133366
133369
133378
133380
133383
133385
133389
133395
133405
133406
133407
133408
133409
133411
133412
133413
133421
133425
133440
133451
133453
133455
133458
133459
133479
133482
133484
133487
133488
133489
133504
133505
133510
133517
133523
133525
133532
133533
133547
133548
133550
133553
133554
133562
133565
133566
133571
133588
133596
133598
133600
133602
133606
133613
133618
133620
133624
133632
133641
133644
133646
133648
133654
133659
133662
133666
133667
133668
133671
133672
133674
133676
133686
133692
133695
133701
133703
133707
133709
133712
133716
133718
133720
133721
133724
133728
133732
133733
133734
133739
133742
133751
133764
133770
133772
133774
133782
133784
133787
133803
133812
133814
133816
133821
133823
133829
133833
133849
133850
133851
133852
133853
133863
133869
133883
133885
133887
133889
133898
133902
133909
133914
133917
133918
133920
133925
133943
133948
133949
133961
133965
133969
133971
133973
133974
133979
133992
133997
134001
134007
134008
134010
134012
134013
134017
134018
134020
134028
134032
134039
134041
134057
134063
134067
134068
134076
134079
134084
134085
134096
134102
134103
134105
134106
134107
134112
134118
134124
134130
134132
134147
134152
134157
134158
134161
134162
134165
134172
134176
134183
134184
134185
134187
134190
134191
134192
134200
134207
134208
134213
134221
134225
134229
134235
134236
134237
134243
134247
134248
134251
134252
134253
134264
134271
134273
134275
134277
134279
134284
134292
134301
134303
134304
134310
134315
134319
134324
134328
134335
134337
134338
134340
134347
134363
134373
134376
134379
134382
134387
134390
134393
134399
134405
134408
134411
134415
134418
134419
134432
134434
134437
134442
134444
134448
134450
134451
134456
134464
134467
134472
134475
134489
134490
134493
134497
134498
134499
134501
134502
134506
134509
134510
134514
134517
134521
134526
134527
134532
134534
134541
134550
134566
134572
134578
134584
134590
134595
134601
134607
134615
134617
134619
134624
134625
134631
134638
134643
134657
134669
134680
134681
134699
134714
134716
134718
134719
134728
134736
134737
134739
134741
134742
134743
134745
134746
134751
134753
134755
134758
134766
134774
134775
134777
134802
134810
134811
134826
134832
134842
134845
134846
134851
134853
134858
134862
134872
134877
134882
134883
134887
134890
134893
134896
134899
134903
134906
134908
134912
134918
134924
134927
134929
134930
134934
134938
134943
134944
134953
134962
134975
134977
134992
135004
135019
135020
135031
135049
135051
135052
135057
135059
135060
135062
135064
135065
135076
135077
135081
135084
135086
135091
135093
135094
135095
135104
135105
135107
135115
135117
135121
135123
135134
135139
135141
135148
135153
135154
135155
135159
135165
135168
135170
135195
135201
135202
135204
135211
135214
135215
135220
135221
135224
135231
135234
135237
135248
135259
135264
135272
135280
135286
135290
135291
135293
135294
135295
135296
135297
135300
135301
135305
135309
135314
135315
135318
135323
135328
135330
135336
135342
135348
135351
135355
135357
135359
135361
135367
135368
135379
135380
135387
135388
135395
135403
135409
135410
135416
135418
135422
135424
135426
135430
135437
135455
135462
135463
135471
135472
135475
135482
135491
135494
135495
135497
135501
135506
135507
135509
135513
135515
135524
135536
135540
135553
135561
135565
135566
135567
135571
135576
135581
135589
135593
135605
135606
135610
135615
135618
135619
135625
135626
135632
135651
135664
135665
135671
135674
135683
135686
135687
135695
135697
135716
135719
135723
135728
135735
135737
135754
135759
135762
135778
135779
135781
135783
135784
135786
135789
135791
135806
135810
135811
135814
135821
135836
135840
135853
135859
135861
135867
135873
135884
135888
135894
135901
135905
135909
135911
135915
135920
135936
135939
135940
135947
135959
135963
135964
135968
135969
135973
135988
135993
135999
136004
136017
136021
136026
136029
136031
136038
136060
136065
136075
136079
136088
136091
136093
136098
136101
136102
136103
136104
136108
136111
136114
136123
136126
136134
136143
136149
136153
136160
136161
136168
136170
136172
136175
136176
136198
136201
136204
136207
136221
136234
136242
136245
136251
136253
136258
136271
136276
136278
136280
136282
136284
136290
136291
136306
136317
136318
136320
136324
136325
136327
136330
136334
136337
136338
136351
136355
136356
136359
136361
136384
136386
136396
136398
136400
136406
136414
136416
136417
136419
136420
136426
136434
136441
136442
136443
136444
136452
136453
136457
136473
136475
136477
136479
136480
136481
136486
136491
136496
136498
136503
136504
136513
136514
136516
136517
136521
136522
136523
136524
136526
136528
136540
136542
136549
136550
136552
136559
136561
136565
136569
136572
136585
136587
136594
136605
136608
136609
136615
136617
136619
136634
136636
136637
136645
136659
136666
136668
136669
136679
136680
136681
136684
136691
136696
136706
136713
136723
136728
136746
136749
136750
136751
136753
136756
136766
136774
136784
136788
136789
136791
136795
136807
136811
136818
136819
136827
136842
136850
136851
136853
136854
136857
136859
136863
136868
136873
136877
136880
136885
136892
136896
136898
136899
136905
136906
136907
136908
136911
136913
136917
136921
136923
136929
136937
136948
136951
136954
136963
136965
136970
136974
136977
136980
136984
136994
136995
137000
137007
137012
137022
137023
137027
137035
137045
137050
137056
137059
137069
137070
137079
137081
137083
137085
137087
137091
137093
137095
137096
137103
137112
137123
137125
137128
137133
137137
137139
137140
137144
137147
137149
137153
137154
137155
137159
137167
137183
137193
137194
137200
137205
137209
137211
137212
137220
137224
137232
137243
137246
137251
137256
137261
137266
137278
137284
137290
137292
137294
137299
137304
137328
137329
137334
137337
137338
137340
137341
137342
137344
137347
137361
137365
137366
137372
137381
137385
137402
137412
137427
137432
137437
137446
137448
137458
137460
137461
137468
137473
137488
137496
137502
137505
137530
137540
137541
137545
137547
137548
137550
137557
137566
137574
137580
137582
137587
137588
137591
137592
137597
137605
137611
137627
137630
137642
137649
137658
137659
137663
137675
137677
137684
137691
137702
137706
137712
137717
137718
137730
137731
137732
137737
137743
137744
137751
137752
137756
137759
137760
137786
137788
137793
137797
137809
137811
137813
137814
137816
137820
137829
137831
137832
137834
137837
137845
137849
137851
137852
137854
137859
137861
137862
137870
137871
137883
137897
137898
137900
137901
137903
137909
137912
137914
137915
137927
137928
137929
137935
137936
137939
137943
137947
137950
137957
137974
137981
137983
137996
137997
138009
138015
138017
138018
138034
138039
138041
138047
138050
138057
138066
138070
138079
138086
138089
138090
138093
138096
138100
138107
138108
138110
138116
138123
138126
138131
138132
138145
138148
138154
138157
138166
138169
138177
138183
138192
138199
138202
138204
138213
138214
138221
138231
138232
138235
138236
138238
138246
138253
138254
138256
138270
138274
138276
138283
138284
138286
138289
138300
138314
138320
138321
138322
138325
138326
138335
138336
138340
138355
138359
138362
138368
138370
138377
138382
138384
138386
138394
138395
138397
138398
138400
138401
138408
138416
138423
138431
138447
138461
138467
138474
138477
138483
138486
138491
138498
138499
138503
138504
138506
138508
138516
138521
138524
138527
138531
138546
138549
138555
138569
138571
138578
138579
138584
138589
138591
138592
138593
138594
138598
138599
138600
138604
138615
138641
138642
138643
138651
138657
138658
138670
138682
138693
138694
138719
138723
138726
138729
138737
138740
138747
138748
138753
138754
138755
138756
138761
138762
138768
138774
138778
138786
138790
138795
138800
138803
138808
138813
138814
138823
138833
138835
138843
138844
138854
138859
138863
138870
138877
138881
138886
138890
138901
138905
138907
138916
138917
138918
138919
138925
138928
138935
138946
138954
138959
138960
138964
138965
138968
138973
138975
138982
138992
138993
138995
138997
138999
139002
139004
139006
139012
139014
139024
139029
139042
139043
139046
139048
139057
139062
139064
139068
139072
139077
139086
139087
139091
139098
139105
139107
139112
139114
139117
139119
139123
139124
139126
139128
139137
139141
139145
139146
139147
139161
139167
139171
139172
139175
139178
139186
139187
139188
139192
139204
139209
139212
139213
139216
139218
139223
139227
139234
139241
139247
139249
139250
139253
139254
139262
139278
139290
139296
139300
139309
139312
139321
139331
139334
139336
139337
139339
139340
139341
139353
139354
139357
139367
139368
139370
139374
139381
139384
139388
139390
139391
139397
139399
139407
139410
139412
139421
139434
139436
139445
139450
139455
139459
139460
139461
139473
139477
139482
139489
139495
139503
139505
139529
139533
139540
139556
139561
139562
139565
139575
139583
139589
139591
139597
139601
139603
139610
139618
139619
139630
139631
139636
139640
139646
139647
139650
139651
139653
139666
139679
139680
139688
139690
139695
139696
139704
139708
139710
139720
139738
139740
139745
139749
139754
139760
139765
139773
139778
139781
139785
139796
139797
139802
139803
139804
139808
139810
139811
139818
139820
139823
139829
139832
139835
139836
139839
139845
139846
139852
139853
139860
139863
139867
139869
139873
139876
139887
139891
139894
139904
139907
139909
139911
139916
139919
139926
139934
139939
139942
139952
139956
139958
139968
139970
139972
139974
139980
139991
139992
140004
140008
140017
140021
140023
140031
140046
140051
140052
140057
140064
140065
140069
140071
140072
140073
140075
140076
140077
140093
140103
140107
140112
140113
140115
140124
140129
140130
140132
140147
140153
140159
140165
140172
140175
140184
140186
140187
140188
140194
140198
140204
140211
140234
140235
140238
140240
140241
140242
140246
140248
140251
140255
140263
140265
140288
140292
140296
140297
140310
140317
140318
140328
140329
140333
140341
140351
140363
140365
140368
140375
140380
140391
140394
140398
140400
140415
140419
140420
140429
140431
140435
140436
140437
140440
140441
140446
140458
140460
140462
140464
140471
140476
140477
140482
140483
140499
140500
140509
140516
140560
140562
140571
140572
140575
140577
140580
140585
140589
140590
140594
140596
140599
140604
140613
140624
140627
140629
140633
140640
140642
140644
140645
140647
140649
140654
140661
140664
140673
140677
140682
140687
140688
140699
140701
140702
140703
140705
140707
140719
140720
140727
140731
140733
140734
140736
140745
140746
140754
140764
140767
140769
140773
140785
140795
140803
140805
140808
140812
140814
140817
140820
140824
140828
140837
140848
140853
140857
140858
140870
140871
140877
140878
140880
140881
140882
140884
140887
140896
140899
140901
140905
140906
140907
140909
140910
140915
140919
140921
140941
140945
140947
140962
140963
140968
140969
140971
140974
140976
140982
140990
140992
140993
140995
140998
140999
141001
141020
141025
141032
141049
141051
141070
141073
141082
141085
141089
141090
141091
141100
141103
141119
141125
141131
141135
141136
141137
141150
141151
141158
141165
141169
141172
141177
141183
141186
141187
141191
141194
141209
141230
141245
141246
141247
141248
141257
141260
141262
141264
141266
141269
141276
141284
141286
141290
141291
141298
141299
141302
141307
141309
141315
141317
141320
141329
141330
141331
141333
141334
141339
141340
141341
141345
141346
141350
141355
141361
141369
141371
141375
141376
141377
141385
141390
141392
141397
141404
141405
141409
141417
141422
141423
141426
141428
141430
141443
141448
141449
141461
141464
141472
141475
141478
141481
141487
141490
141500
141506
141514
141520
141521
141522
141524
141531
141539
141547
141553
141563
141564
141574
141575
141581
141583
141586
141588
141591
141593
141596
141601
141605
141610
141621
141625
141640
141644
141650
141654
141657
141659
141665
141670
141676
141677
141678
141679
141682
141693
141694
141704
141707
141709
141718
141721
141726
141728
141730
141735
141736
141738
141742
141744
141748
141750
141752
141755
141762
141764
141769
141770
141779
141782
141784
141786
141797
141799
141805
141821
141822
141824
141829
141833
141845
141850
141853
141855
141868
141871
141874
141885
141893
141899
141903
141904
141905
141909
141910
141911
141913
141919
141920
141930
141945
141947
141949
141954
141956
141960
141978
141981
141983
141984
141990
141992
141994
142003
142008
142009
142012
142024
142030
142038
142046
142062
142066
142068
142070
142071
142072
142073
142087
142102
142104
142122
142130
142136
142141
142143
142145
142162
142163
142165
142167
142171
142175
142178
142182
142188
142193
142197
142199
142203
142204
142221
142231
142235
142241
142243
142245
142253
142254
142255
142262
142265
142266
142268
142272
142273
142274
142278
142288
142293
142297
142308
142309
142324
142328
142329
142336
142346
142349
142357
142365
142366
142372
142375
142377
142383
142388
142404
142415
142421
142427
142431
142433
142436
142437
142439
142451
142459
142463
142464
142474
142476
142477
142484
142485
142487
142489
142514
142515
142522
142526
142528
142530
142533
142539
142542
142543
142550
142552
142556
142560
142565
142581
142588
142600
142608
142614
142622
142630
142637
142645
142650
142653
142654
142656
142659
142661
142668
142678
142680
142685
142690
142691
142696
142706
142709
142717
142718
142721
142723
142733
142736
142741
142742
142745
142750
142751
142752
142757
142761
142763
142771
142786
142790
142795
142797
142810
142811
142815
142817
142820
142836
142851
142861
142869
142873
142883
142885
142887
142890
142902
142905
142910
142913
142915
142923
142929
142931
142934
142935
142937
142943
142951
142955
142957
142967
142977
142980
142981
142988
142989
142991
142992
142993
142999
143019
143020
143023
143026
143030
143033
143037
143038
143041
143050
143051
143060
143062
143074
143085
143092
143100
143101
143105
143106
143108
143124
143127
143129
143135
143147
143164
143171
143175
143178
143180
143185
143193
143198
143200
143209
143210
143214
143216
143218
143220
143223
143224
143225
143228
143237
143242
143243
143244
143255
143266
143271
143277
143279
143280
143284
143285
143286
143292
143293
143295
143301
143302
143309
143328
143330
143331
143332
143339
143343
143349
143360
143365
143369
143382
143399
143401
143405
143409
143416
143419
143425
143427
143428
143432
143436
143439
143441
143443
143445
143446
143454
143455
143462
143477
143478
143480
143481
143490
143494
143497
143498
143500
143503
143512
143520
143536
143537
143541
143542
143549
143555
143556
143558
143561
143566
143582
143585
143591
143596
143607
143612
143614
143615
143622
143627
143633
143634
143635
143636
143640
143648
143651
143662
143673
143676
143680
143684
143688
143691
143692
143696
143705
143712
143717
143718
143720
143721
143732
143733
143742
143748
143753
143754
143755
143757
143768
143774
143779
143790
143796
143807
143810
143812
143813
143816
143824
143827
143828
143831
143834
143835
143838
143840
143842
143843
143846
143847
143857
143866
143872
143887
143889
143893
143902
143908
143917
143920
143929
143931
143935
143939
143940
143946
143948
143956
143958
143959
143960
143963
143973
143974
143983
143990
143992
144000
144005
144010
144014
144020
144025
144029
144040
144050
144053
144054
144059
144102
144103
144115
144149
144168
144174
144176
144186
144187
144200
144202
144208
144211
144213
144221
144225
144226
144231
144235
144236
144237
144239
144241
144245
144258
144260
144263
144264
144267
144271
144276
144280
144286
144289
144290
144291
144294
144300
144304
144309
144310
144316
144326
144332
144334
144335
144338
144349
144350
144358
144364
144367
144369
144370
144371
144379
144384
144387
144389
144392
144396
144402
144413
144420
144426
144427
144429
144433
144436
144439
144441
144446
144456
144457
144459
144461
144462
144466
144467
144468
144471
144474
144478
144481
144486
144489
144496
144499
144507
144514
144515
144516
144519
144522
144524
144526
144530
144536
144538
144541
144542
144551
144552
144558
144560
144570
144581
144582
144585
144587
144590
144594
144598
144599
144603
144606
144610
144611
144613
144617
144619
144624
144626
144629
144640
144651
144655
144657
144659
144664
144665
144666
144667
144674
144682
144687
144689
144699
144704
144707
144709
144710
144711
144717
144719
144724
144741
144748
144750
144753
144754
144757
144759
144760
144761
144763
144766
144768
144769
144770
144779
144783
144786
144788
144789
144790
144792
144803
144807
144811
144815
144827
144829
144833
144840
144846
144848
144851
144854
144857
144871
144872
144873
144874
144879
144882
144885
144886
144888
144892
144896
144899
144901
144902
144907
144910
144911
144914
144918
144922
144923
144936
144943
144944
144946
144949
144958
144960
144962
144964
144967
144970
144973
144978
144989
144993
145004
145005
145011
145019
145023
145025
145030
145040
145052
145060
145061
145068
145077
145079
145080
145095
145096
145107
145117
145124
145125
145127
145128
145130
145138
145143
145146
145149
145153
145164
145169
145174
145177
145183
145184
145187
145197
145200
145203
145211
145215
145223
145225
145227
145229
145235
145249
145254
145255
145275
145277
145279
145282
145284
145302
145313
145316
145319
145321
145330
145331
145342
145347
145357
145365
145373
145381
145389
145391
145408
145410
145412
145416
145419
145426
145441
145446
145449
145451
145464
145466
145467
145468
145476
145482
145486
145502
145517
145524
145528
145530
145533
145540
145543
145544
145562
145566
145569
145570
145571
145577
145578
145581
145584
145588
145591
145598
145602
145605
145606
145608
145613
145615
145622
145630
145631
145634
145636
145640
145648
145649
145650
145657
145659
145676
145678
145682
145686
145694
145706
145714
145728
145733
145738
145739
145744
145748
145750
145753
145761
145767
145770
145773
145778
145780
145786
145788
145792
145800
145803
145804
145806
145816
145822
145830
145832
145834
145842
145852
145859
145862
145866
145870
145871
145872
145879
145886
145888
145889
145895
145896
145899
145901
145911
145914
145923
145926
145927
145928
145929
145934
145936
145941
145943
145946
145947
145948
145949
145962
145966
145975
145976
145977
145978
145980
145982
145991
145996
146000
146012
146016
146017
146019
146020
146024
146031
146036
146039
146040
146041
146046
146050
146059
146065
146066
146067
146070
146074
146075
146089
146092
146094
146100
146104
146109
146112
146115
146120
146123
146124
146125
146126
146134
146136
146145
146156
146159
146162
146167
146173
146180
146182
146184
146185
146188
146201
146213
146214
146232
146234
146238
146241
146245
146247
146250
146262
146265
146269
146270
146279
146281
146282
146291
146302
146304
146311
146313
146317
146320
146326
146329
146333
146335
146343
146363
146366
146369
146370
146374
146379
146395
146400
146402
146403
146405
146407
146409
146410
146411
146422
146433
146439
146440
146442
146446
146455
146457
146458
146466
146468
146471
146472
146478
146493
146498
146501
146504
146509
146510
146519
146527
146534
146536
146537
146554
146560
146566
146568
146569
146571
146601
146606
146626
146635
146639
146645
146655
146656
146664
146671
146682
146695
146703
146707
146709
146733
146736
146741
146747
146751
146754
146761
146765
146768
146771
146779
146783
146789
146794
146796
146801
146809
146813
146820
146827
146843
146844
146856
146859
146866
146877
146881
146882
146884
146885
146890
146892
146893
146894
146895
146896
146915
146921
146922
146926
146928
146939
146940
146941
146943
146947
146949
146952
146954
146959
146968
146972
146982
146995
147008
147011
147014
147041
147047
147051
147055
147059
147064
147065
147074
147075
147081
147083
147086
147091
147102
147109
147113
147114
147125
147132
147135
147149
147154
147155
147158
147161
147170
147173
147177
147178
147179
147186
147198
147201
147204
147207
147208
147210
147214
147218
147221
147222
147225
147233
147240
147243
147256
147260
147269
147272
147273
147274
147285
147300
147307
147318
147319
147324
147329
147335
147341
147343
147344
147350
147353
147356
147361
147367
147368
147385
147389
147393
147395
147402
147404
147408
147409
147414
147415
147418
147419
147420
147425
147429
147439
147442
147443
147447
147449
147450
147466
147476
147479
147480
147483
147484
147486
147488
147489
147492
147493
147501
147505
147507
147513
147516
147518
147525
147530
147534
147535
147538
147547
147554
147558
147563
147565
147569
147578
147581
147586
147590
147594
147599
147601
147602
147616
147621
147624
147630
147632
147637
147638
147646
147649
147653
147657
147662
147672
147678
147683
147684
147689
147699
147714
147720
147721
147732
147735
147737
147742
147760
147767
147770
147781
147789
147793
147802
147809
147822
147825
147833
147837
147857
147859
147870
147872
147874
147876
147881
147882
147884
147888
147895
147897
147901
147907
147912
147913
147917
147919
147933
147935
147938
147940
147959
147965
147966
147969
147973
147974
147983
147984
147985
147991
147996
147997
147998
148000
148012
148013
148023
148041
148042
148045
148046
148049
148052
148053
148067
148069
148073
148080
148082
148092
148097
148107
148108
148116
148119
148125
148131
148136
148143
148152
148158
148171
148176
148187
148188
148190
148194
148195
148199
148201
148204
148212
148242
148244
148247
148252
148262
148274
148275
148277
148283
148290
148293
148297
148301
148307
148310
148316
148326
148327
148335
148339
148341
148346
148355
148356
148359
148364
148365
148369
148390
148392
148401
148412
148413
148414
148417
148422
148425
148428
148435
148437
148438
148440
148443
148457
148461
148462
148468
148470
148473
148475
148479
148499
148513
148521
148525
148541
148545
148548
148551
148557
148566
148575
148580
148582
148593
148595
148601
148603
148610
148612
148616
148619
148630
148631
148637
148647
148648
148652
148656
148658
148663
148666
148670
148671
148674
148680
148685
148686
148690
148699
148700
148712
148714
148727
148728
148730
148731
148746
148747
148749
148751
148754
148760
148761
148765
148769
148772
148775
148777
148779
148782
148794
148796
148797
148801
148802
148806
148814
148820
148826
148827
148828
148829
148833
148841
148843
148848
148853
148858
148860
148877
148881
148882
148885
148888
148889
148895
148896
148898
148899
148900
148901
148904
148905
148948
148953
148958
148961
148963
148968
148971
148977
148980
148981
148985
149002
149003
149007
149008
149010
149011
149018
149023
149035
149037
149040
149042
149045
149047
149058
149059
149060
149061
149062
149063
149072
149076
149077
149078
149080
149082
149091
149092
149094
149097
149099
149101
149104
149105
149106
149110
149123
149125
149128
149132
149133
149140
149149
149150
149157
149175
149178
149187
149188
149189
149204
149208
149211
149212
149213
149218
149220
149223
149226
149228
149267
149280
149287
149289
149291
149292
149295
149302
149304
149325
149331
149338
149341
149346
149348
149350
149351
149361
149363
149365
149369
149371
149377
149378
149379
149382
149383
149389
149397
149398
149399
149409
149415
149422
149425
149431
149441
149449
149453
149457
149460
149467
149468
149469
149474
149475
149483
149488
149490
149503
149505
149518
149520
149523
149530
149531
149550
149551
149555
149557
149561
149575
149576
149579
149580
149584
149596
149604
149605
149611
149613
149621
149624
149633
149644
149645
149656
149658
149660
149661
149662
149667
149670
149672
149684
149685
149688
149693
149694
149699
149704
149707
149722
149725
149734
149735
149745
149746
149747
149750
149751
149758
149759
149762
149763
149774
149794
149798
149799
149800
149810
149814
149817
149822
149824
149825
149830
149836
149840
149845
149846
149850
149860
149863
149864
149865
149866
149871
149879
149880
149886
149889
149894
149899
149902
149916
149921
149924
149927
149931
149932
149933
149936
149943
149945
149947
149952
149955
149960
149966
149967
149970
149971
149972
149974
149987
150005
150007
150010
150012
150014
150015
150017
150019
150023
150024
150030
150033
150035
150036
150040
150046
150047
150049
150059
150064
150066
150072
150077
150079
150084
150088
150093
150096
150105
150113
150117
150118
150121
150126
150127
150130
150137
150138
150143
150144
150146
150159
150161
150163
150165
150174
150176
150183
150184
150186
150190
150193
150212
150214
150221
150226
150233
150245
150246
150253
150256
150268
150273
150274
150279
150281
150285
150293
150294
150299
150306
150319
150334
150339
150341
150345
150349
150354
150369
150381
150387
150396
150400
150403
150404
150416
150418
150420
150429
150430
150431
150446
150450
150451
150452
150453
150462
150465
150466
150474
150495
150499
150504
150511
150515
150518
150519
150523
150524
150527
150547
150565
150568
150569
150570
150571
150572
150574
150579
150590
150593
150594
150595
150597
150601
150607
150613
150617
150618
150622
150623
150625
150626
150629
150635
150640
150648
150650
150651
150652
150656
150662
150663
150666
150670
150671
150673
150680
150681
150687
150691
150692
150695
150703
150705
150706
150710
150719
150720
150721
150726
150733
150740
150742
150743
150754
150758
150772
150775
150777
150784
150787
150792
150793
150798
150800
150811
150820
150827
150830
150835
150840
150841
150844
150848
150855
150857
150863
150870
150886
150887
150889
150890
150901
150915
150923
150928
150935
150936
150939
150940
150960
150962
150969
150984
150996
150997
150999
151000
151012
151013
151020
151021
151024
151026
151028
151031
151032
151047
151048
151049
151056
151072
151073
151076
151079
151088
151092
151095
151099
151101
151107
151109
151114
151119
151120
151126
151129
151133
151143
151146
151150
151155
151157
151160
151168
151169
151175
151177
151179
151181
151189
151191
151193
151196
151197
151199
151202
151203
151204
151210
151212
151213
151224
151226
151229
151238
151243
151247
151250
151253
151255
151266
151270
151271
151277
151279
151282
151288
151291
151293
151294
151296
151306
151311
151323
151328
151329
151334
151336
151347
151353
151354
151371
151372
151387
151399
151412
151414
151424
151425
151426
151431
151433
151435
151436
151438
151446
151447
151452
151454
151465
151469
151472
151477
151484
151512
151516
151517
151518
151522
151527
151532
151552
151554
151556
151564
151570
151572
151578
151579
151580
151583
151588
151597
151606
151610
151617
151618
151625
151626
151634
151636
151637
151640
151644
151645
151652
151656
151657
151659
151664
151673
151678
151683
151688
151689
151690
151691
151694
151696
151697
151699
151704
151710
151719
151722
151731
151734
151741
151744
151746
151750
151752
151755
151757
151761
151762
151771
151773
151783
151786
151792
151794
151798
151801
151807
151816
151817
151825
151828
151829
151832
151834
151840
151847
151865
151871
151872
151877
151878
151882
151888
151891
151892
151893
151895
151901
151904
151905
151909
151916
151918
151925
151928
151938
151939
151942
151943
151948
151962
151963
151967
151971
151972
151975
151980
151981
151982
151985
152000
152004
152008
152015
152022
152023
152031
152038
152047
152063
152081
152084
152092
152093
152102
152110
152111
152114
152116
152117
152118
152120
152122
152126
152128
152129
152132
152135
152140
152144
152150
152152
152154
152163
152170
152174
152179
152180
152181
152187
152194
152207
152213
152220
152222
152224
152226
152234
152238
152262
152264
152268
152272
152273
152276
152280
152281
152293
152306
152319
152324
152329
152333
152342
152348
152354
152358
152371
152373
152390
152406
152410
152413
152419
152420
152423
152427
152433
152434
152437
152440
152442
152453
152456
152461
152472
152473
152481
152482
152497
152502
152507
152511
152516
152517
152519
152527
152530
152534
152537
152546
152547
152549
152550
152551
152553
152556
152563
152570
152584
152589
152601
152603
152604
152608
152614
152617
152620
152626
152636
152640
152650
152653
152656
152661
152666
152669
152671
152676
152690
152694
152698
152699
152700
152704
152707
152712
152714
152720
152722
152723
152726
152729
152734
152738
152745
152751
152756
152761
152775
152779
152785
152787
152794
152796
152797
152800
152804
152808
152813
152815
152819
152820
152831
152832
152834
152835
152836
152840
152844
152848
152850
152855
152859
152863
152877
152879
152890
152894
152898
152904
152910
152913
152917
152922
152923
152928
152936
152947
152955
152960
152966
152967
152970
152974
152980
152983
152986
152988
152994
152995
152999
153001
153002
153004
153006
153010
153012
153017
153019
153021
153025
153036
153037
153042
153046
153050
153052
153061
153064
153069
153072
153076
153103
153104
153107
153113
153122
153124
153126
153129
153134
153135
153138
153139
153142
153151
153162
153163
153169
153170
153176
153179
153187
153188
153192
153203
153207
153209
153224
153226
153229
153235
153239
153240
153250
153254
153259
153265
153267
153275
153277
153290
153302
153308
153310
153313
153317
153320
153322
153324
153325
153326
153329
153332
153334
153336
153337
153342
153349
153355
153359
153363
153366
153369
153374
153376
153385
153386
153394
153395
153396
153398
153403
153415
153418
153428
153432
153435
153436
153437
153444
153448
153455
153463
153466
153467
153469
153473
153480
153483
153487
153490
153492
153495
153497
153499
153504
153507
153511
153520
153521
153523
153528
153529
153533
153534
153536
153540
153542
153545
153549
153550
153551
153555
153569
153571
153574
153581
153585
153587
153588
153615
153633
153653
153661
153665
153670
153671
153676
153677
153687
153688
153697
153698
153699
153701
153706
153707
153713
153714
153727
153729
153739
153743
153754
153755
153757
153764
153770
153782
153786
153793
153797
153800
153802
153806
153814
153817
153819
153823
153828
153830
153839
153840
153846
153856
153864
153873
153880
153882
153895
153908
153915
153927
153944
153956
153963
153970
153975
153987
153993
154000
154002
154005
154006
154007
154013
154017
154018
154022
154024
154025
154027
154033
154036
154037
154041
154058
154069
154079
154084
154092
154096
154097
154098
154100
154106
154111
154114
154116
154121
154125
154130
154133
154134
154135
154140
154141
154142
154147
154158
154163
154167
154169
154185
154198
154201
154202
154208
154209
154212
154214
154225
154226
154229
154241
154247
154249
154260
154261
154262
154265
154270
154271
154274
154278
154279
154282
154286
154295
154296
154306
154308
154312
154314
154330
154340
154351
154355
154363
154366
154373
154375
154377
154383
154387
154388
154390
154392
154393
154401
154404
154407
154415
154417
154420
154425
154429
154442
154445
154447
154454
154456
154465
154468
154474
154491
154497
154499
154505
154509
154521
154524
154531
154542
154551
154556
154569
154570
154571
154578
154581
154592
154593
154607
154612
154627
154628
154631
154633
154638
154639
154647
154653
154661
154662
154667
154674
154681
154684
154692
154695
154696
154700
154712
154715
154718
154721
154731
154732
154734
154737
154740
154751
154752
154756
154757
154758
154764
154774
154784
154790
154794
154801
154805
154815
154823
154827
154828
154829
154835
154839
154869
154873
154876
154888
154890
154891
154893
154896
154908
154910
154915
154921
154924
154926
154935
154939
154941
154942
154943
154953
154954
154962
154965
154973
154980
154983
154995
155009
155011
155013
155018
155032
155034
155044
155051
155057
155060
155062
155063
155069
155074
155075
155078
155079
155083
155092
155104
155107
155109
155114
155115
155120
155123
155127
155133
155138
155153
155160
155169
155173
155180
155185
155186
155199
155200
155203
155205
155206
155208
155224
155229
155236
155237
155248
155249
155254
155260
155274
155275
155276
155291
155299
155302
155308
155313
155315
155316
155319
155324
155332
155337
155341
155342
155343
155355
155361
155371
155372
155375
155382
155384
155386
155387
155390
155397
155398
155410
155413
155417
155440
155444
155448
155451
155454
155456
155463
155464
155474
155481
155483
155484
155489
155493
155494
155496
155500
155502
155506
155507
155511
155514
155522
155535
155536
155542
155544
155546
155554
155557
155559
155567
155568
155571
155575
155577
155578
155587
155595
155597
155606
155608
155613
155618
155619
155621
155630
155634
155635
155656
155665
155666
155683
155687
155699
155703
155705
155706
155707
155708
155713
155718
155728
155737
155745
155754
155755
155759
155772
155778
155779
155780
155783
155785
155788
155789
155790
155791
155795
155797
155800
155803
155804
155805
155809
155818
155821
155826
155830
155842
155850
155854
155856
155858
155868
155869
155871
155876
155882
155887
155890
155894
155909
155910
155915
155920
155934
155940
155951
155955
155956
155957
155959
155968
155971
155975
155993
155995
155996
156010
156011
156018
156021
156025
156028
156036
156039
156043
156044
156049
156053
156057
156064
156065
156067
156088
156090
156096
156101
156102
156130
156145
156149
156155
156159
156166
156183
156192
156194
156206
156225
156228
156233
156239
156241
156247
156248
156253
156254
156255
156257
156264
156266
156274
156278
156281
156295
156296
156298
156307
156309
156313
156315
156319
156320
156322
156336
156339
156346
156348
156352
156361
156362
156364
156365
156366
156373
156376
156378
156380
156386
156388
156390
156402
156403
156406
156412
156421
156426
156429
156437
156438
156439
156443
156446
156447
156454
156463
156474
156476
156480
156485
156487
156488
156490
156498
156500
156501
156507
156524
156526
156534
156541
156544
156552
156555
156559
156562
156565
156569
156581
156592
156595
156596
156597
156602
156607
156617
156620
156621
156622
156631
156632
156636
156638
156650
156656
156658
156660
156666
156667
156674
156688
156694
156704
156708
156710
156712
156719
156726
156728
156729
156730
156734
156735
156736
156740
156744
156749
156750
156756
156766
156776
156778
156786
156788
156793
156797
156798
156800
156803
156805
156815
156825
156843
156850
156853
156854
156860
156872
156873
156874
156879
156884
156894
156896
156897
156900
156903
156910
156913
156917
156923
156926
156928
156931
156936
156953
156954
156956
156957
156960
156972
156973
156980
156982
156983
156989
156991
156992
157003
157008
157011
157020
157022
157023
157042
157045
157046
157049
157051
157055
157062
157065
157068
157082
157087
157092
157096
157098
157099
157108
157130
157132
157143
157144
157148
157149
157153
157158
157162
157163
157165
157170
157176
157177
157181
157183
157189
157197
157198
157207
157208
157211
157212
157214
157216
157218
157224
157227
157228
157232
157233
157237
157243
157244
157245
157246
157251
157258
157259
157260
157266
157267
157268
157275
157278
157280
157283
157290
157292
157298
157301
157319
157351
157352
157354
157360
157361
157364
157366
157367
157369
157375
157392
157397
157398
157402
157403
157408
157410
157422
157432
157434
157441
157448
157452
157454
157462
157468
157471
157472
157487
157488
157500
157502
157508
157509
157526
157527
157528
157536
157537
157539
157540
157545
157549
157553
157560
157564
157568
157574
157576
157578
157582
157585
157588
157589
157598
157604
157610
157626
157633
157634
157642
157649
157658
157659
157663
157665
157666
157672
157687
157690
157693
157697
157699
157701
157721
157732
157739
157742
157751
157758
157761
157762
157768
157781
157782
157784
157790
157796
157810
157811
157816
157820
157832
157834
157845
157848
157862
157865
157868
157873
157895
157900
157908
157910
157916
157918
157919
157923
157926
157933
157935
157937
157944
157946
157948
157950
157957
157961
157965
157970
157974
157978
157981
157985
157986
157988
157995
158002
158005
158018
158028
158029
158033
158038
158040
158041
158044
158057
158064
158065
158086
158098
158101
158103
158108
158109
158116
158120
158128
158134
158140
158141
158145
158149
158157
158158
158161
158165
158168
158177
158193
158209
158216
158220
158224
158228
158238
158245
158253
158255
158257
158261
158262
158267
158273
158283
158285
158289
158299
158307
158309
158315
158318
158322
158326
158330
158341
158344
158345
158352
158366
158368
158370
158373
158375
158383
158384
158393
158395
158396
158399
158408
158414
158419
158421
158425
158433
158442
158448
158451
158462
158464
158468
158472
158480
158482
158483
158489
158492
158500
158504
158511
158520
158523
158525
158530
158536
158538
158542
158543
158544
158557
158563
158566
158569
158578
158587
158593
158599
158600
158602
158603
158606
158608
158614
158615
158626
158630
158636
158637
158642
158643
158648
158653
158656
158663
158666
158670
158673
158675
158691
158693
158696
158697
158702
158713
158715
158718
158721
158723
158724
158725
158731
158735
158737
158750
158758
158759
158764
158770
158782
158798
158800
158802
158804
158805
158807
158818
158823
158833
158834
158835
158839
158849
158854
158860
158863
158870
158886
158894
158895
158903
158914
158922
158945
158946
158950
158955
158957
158981
158983
158993
158996
159010
159023
159024
159029
159043
159046
159059
159060
159069
159071
159075
159087
159090
159092
159093
159098
159103
159107
159117
159119
159122
159130
159136
159138
159162
159163
159171
159172
159175
159177
159180
159188
159192
159193
159196
159199
159201
159205
159207
159208
159216
159218
159222
159231
159235
159244
159245
159246
159257
159259
159268
159269
159273
159284
159286
159287
159293
159299
159300
159307
159310
159319
159329
159330
159340
159341
159344
159356
159358
159366
159370
159377
159380
159382
159388
159390
159396
159403
159408
159415
159420
159427
159438
159439
159445
159447
159453
159457
159461
159466
159471
159476
159482
159486
159491
159506
159511
159529
159542
159549
159550
159556
159565
159575
159593
159597
159598
159599
159606
159611
159615
159617
159625
159626
159635
159637
159640
159641
159644
159646
159652
159659
159660
159661
159676
159678
159688
159699
159710
159711
159712
159714
159721
159723
159726
159728
159730
159738
159746
159748
159751
159765
159770
159771
159774
159787
159816
159821
159822
159842
159849
159858
159861
159871
159879
159889
159890
159892
159932
159938
159940
159952
159966
159967
159970
159972
159973
159978
159995
160000
160004
160009
160014
160018
160019
160033
160042
160044
160050
160059
160068
160069
160074
160078
160083
160084
160086
160104
160105
160113
160124
160131
160145
160152
160156
160157
160168
160178
160180
160184
160185
160187
160195
160202
160203
160208
160209
160210
160211
160218
160221
160225
160230
160235
160248
160251
160255
160258
160260
160262
160266
160272
160276
160292
160294
160315
160318
160319
160324
160326
160328
160333
160336
160342
160343
160344
160346
160347
160348
160350
160351
160353
160356
160383
160384
160386
160395
160400
160411
160421
160423
160437
160442
160447
160451
160453
160456
160462
160467
160469
160471
160477
160482
160483
160486
160489
160498
160499
160500
160501
160503
160504
160507
160514
160518
160519
160520
160521
160522
160525
160532
160538
160548
160553
160555
160564
160575
160577
160578
160580
160581
160592
160607
160608
160617
160620
160622
160630
160631
160633
160635
160637
160649
160650
160656
160663
160666
160670
160671
160674
160686
160693
160694
160697
160701
160708
160711
160716
160717
160720
160722
160736
160738
160739
160750
160754
160762
160771
160788
160806
160811
160812
160813
160818
160824
160830
160834
160841
160844
160855
160865
160866
160868
160869
160872
160876
160878
160879
160880
160881
160901
160907
160908
160914
160926
160930
160934
160940
160941
160942
160944
160945
160950
160952
160954
160958
160961
160965
160968
160975
160988
160992
160996
160997
161000
161006
161007
161008
161009
161010
161014
161016
161018
161019
161027
161037
161043
161046
161056
161060
161063
161067
161068
161072
161073
161076
161079
161085
161093
161095
161098
161099
161111
161120
161124
161128
161134
161136
161144
161146
161149
161152
161157
161162
161163
161166
161168
161174
161179
161180
161181
161194
161202
161207
161208
161210
161211
161213
161218
161220
161231
161233
161237
161240
161252
161265
161268
161272
161276
161279
161282
161288
161290
161294
161295
161304
161305
161321
161324
161336
161345
161347
161349
161362
161367
161376
161386
161391
161393
161395
161396
161402
161405
161406
161411
161423
161424
161427
161429
161431
161449
161457
161462
161467
161477
161495
161496
161498
161503
161510
161511
161518
161521
161524
161527
161528
161529
161532
161539
161543
161548
161553
161558
161562
161565
161567
161578
161587
161590
161599
161608
161622
161631
161633
161634
161638
161639
161647
161649
161654
161668
161670
161673
161682
161684
161689
161691
161705
161710
161719
161720
161732
161735
161737
161756
161758
161764
161783
161787
161788
161808
161814
161816
161818
161821
161831
161836
161847
161855
161862
161864
161868
161869
161871
161884
161885
161886
161890
161893
161894
161896
161898
161901
161911
161913
161915
161916
161927
161933
161934
161935
161952
161961
161964
161965
161966
161967
161969
161978
161983
161990
161991
161992
161997
161999
162000
162017
162019
162020
162025
162027
162029
162031
162038
162046
162047
162049
162056
162059
162070
162074
162075
162077
162083
162084
162086
162087
162088
162091
162093
162094
162096
162099
162100
162108
162109
162112
162117
162124
162126
162128
162130
162131
162137
162145
162147
162152
162159
162172
162173
162178
162184
162187
162189
162207
162210
162213
162214
162221
162225
162226
162228
162229
162230
162250
162256
162257
162258
162260
162261
162262
162271
162272
162274
162275
162276
162277
162279
162289
162296
162305
162306
162307
162308
162315
162318
162330
162335
162337
162346
162347
162348
162356
162357
162362
162368
162378
162387
162395
162407
162408
162409
162412
162414
162415
162422
162428
162432
162437
162453
162464
162468
162473
162489
162490
162491
162497
162513
162520
162523
162525
162529
162534
162537
162546
162550
162558
162561
162563
162568
162570
162571
162582
162586
162587
162598
162608
162614
162621
162622
162623
162624
162630
162634
162636
162637
162647
162655
162658
162659
162660
162661
162662
162673
162675
162676
162677
162680
162687
162688
162692
162697
162702
162703
162706
162707
162723
162724
162728
162737
162742
162747
162754
162766
162772
162777
162781
162786
162787
162791
162794
162803
162811
162812
162813
162814
162821
162823
162825
162832
162843
162851
162854
162856
162858
162859
162861
162862
162877
162879
162880
162881
162884
162888
162899
162900
162906
162908
162919
162920
162923
162941
162949
162953
162962
162963
162967
162982
162989
162991
162994
162997
163014
163016
163019
163025
163030
163037
163040
163047
163063
163067
163073
163075
163078
163080
163090
163099
163102
163108
163112
163114
163129
163142
163145
163147
163149
163152
163163
163165
163174
163177
163185
163189
163191
163199
163203
163206
163217
163222
163229
163230
163231
163237
163238
163239
163240
163250
163255
163257
163268
163270
163276
163281
163285
163301
163316
163320
163323
163327
163330
163333
163336
163337
163342
163355
163368
163381
163382
163385
163387
163388
163390
163395
163400
163401
163406
163408
163413
163416
163418
163420
163421
163423
163433
163436
163442
163444
163445
163458
163459
163461
163471
163473
163474
163477
163479
163480
163482
163484
163493
163518
163540
163543
163547
163549
163550
163554
163566
163567
163570
163576
163583
163591
163596
163600
163601
163632
163636
163643
163648
163651
163655
163659
163672
163683
163685
163694
163695
163706
163709
163710
163712
163714
163715
163731
163750
163751
163752
163754
163768
163771
163772
163781
163782
163789
163790
163792
163803
163806
163808
163815
163818
163819
163823
163824
163825
163835
163841
163851
163854
163858
163859
163867
163868
163869
163877
163885
163886
163898
163900
163903
163910
163916
163929
163930
163932
163938
163962
163963
163967
163973
163974
163979
163984
163985
163990
163996
164005
164012
164014
164021
164026
164027
164030
164034
164037
164049
164055
164057
164058
164084
164087
164088
164091
164098
164100
164104
164108
164112
164115
164117
164119
164121
164124
164142
164151
164164
164165
164168
164171
164173
164177
164178
164191
164196
164199
164205
164211
164231
164232
164238
164246
164255
164261
164268
164269
164270
164273
164286
164295
164302
164313
164319
164325
164326
164328
164334
164337
164346
164349
164351
164352
164360
164364
164365
164372
164383
164389
164410
164417
164419
164424
164426
164432
164438
164440
164442
164444
164456
164469
164470
164478
164487
164489
164494
164496
164497
164502
164503
164519
164521
164522
164531
164539
164545
164548
164551
164554
164555
164563
164566
164568
164573
164581
164591
164595
164600
164601
164606
164608
164609
164610
164611
164616
164627
164629
164634
164635
164641
164642
164644
164647
164659
164661
164662
164663
164677
164680
164690
164697
164705
164720
164723
164734
164735
164736
164741
164745
164750
164756
164759
164761
164762
164776
164783
164790
164794
164796
164798
164807
164809
164817
164822
164828
164829
164839
164850
164853
164856
164860
164870
164872
164876
164879
164880
164883
164885
164891
164900
164902
164903
164904
164915
164916
164920
164922
164929
164934
164936
164938
164942
164945
164948
164950
164955
164957
164972
164973
164974
164984
164986
164990
164993
164996
165006
165014
165021
165032
165036
165039
165050
165059
165068
165070
165086
165092
165099
165103
165104
165105
165107
165111
165115
165119
165126
165128
165139
165141
165144
165153
165165
165177
165183
165195
165201
165213
165215
165223
165227
165269
165272
165275
165276
165279
165282
165288
165293
165305
165306
165307
165310
165311
165316
165330
165340
165344
165349
165356
165357
165359
165367
165368
165372
165378
165381
165388
165392
165393
165395
165400
165409
165414
165429
165432
165435
165439
165440
165443
165457
165460
165461
165467
165468
165477
165490
165491
165494
165495
165498
165501
165507
165508
165514
165525
165527
165544
165545
165547
165559
165569
165577
165578
165581
165582
165589
165590
165593
165600
165606
165609
165619
165624
165635
165645
165648
165650
165659
165662
165670
165690
165692
165698
165703
165712
165714
165715
165718
165719
165729
165733
165736
165741
165746
165748
165750
165752
165764
165765
165774
165779
165785
165795
165802
165805
165817
165824
165830
165831
165834
165836
165838
165848
165856
165858
165861
165863
165875
165877
165879
165880
165891
165901
165902
165907
165926
165927
165933
165936
165937
165938
165941
165942
165943
165945
165950
165952
165955
165957
165964
165966
165970
165972
165974
165975
165989
165990
166005
166006
166007
166008
166011
166014
166018
166019
166021
166024
166026
166031
166032
166034
166037
166038
166039
166047
166048
166049
166056
166062
166063
166067
166070
166087
166091
166092
166094
166100
166103
166104
166106
166113
166115
166118
166122
166123
166145
166154
166156
166157
166171
166183
166188
166189
166191
166194
166196
166201
166206
166208
166209
166215
166216
166223
166227
166228
166229
166233
166238
166239
166244
166255
166259
166262
166263
166273
166285
166292
166298
166302
166310
166314
166315
166317
166323
166325
166326
166328
166329
166338
166342
166346
166352
166357
166359
166361
166362
166378
166381
166386
166393
166395
166396
166400
166410
166421
166428
166433
166438
166439
166441
166462
166463
166472
166473
166476
166482
166492
166495
166499
166500
166503
166504
166513
166515
166517
166521
166523
166529
166532
166533
166544
166558
166559
166569
166579
166583
166592
166594
166601
166603
166608
166609
166618
166648
166651
166653
166658
166659
166660
166672
166680
166684
166685
166688
166692
166697
166699
166703
166708
166714
166717
166719
166734
166737
166744
166746
166750
166759
166763
166769
166774
166776
166779
166791
166798
166807
166808
166815
166821
166822
166823
166834
166836
166839
166840
166855
166861
166868
166874
166876
166877
166881
166882
166890
166892
166901
166902
166909
166924
166925
166936
166945
166946
166953
166955
166958
166960
166961
166969
166970
166972
166979
166980
166984
166987
166991
166997
167002
167007
167014
167024
167029
167032
167037
167038
167040
167043
167044
167046
167047
167048
167055
167056
167060
167066
167067
167070
167075
167077
167084
167085
167086
167094
167097
167107
167109
167111
167113
167117
167118
167119
167121
167126
167132
167134
167138
167140
167152
167160
167169
167171
167180
167191
167195
167208
167212
167215
167217
167221
167224
167245
167246
167252
167259
167263
167269
167276
167278
167280
167282
167284
167309
167313
167314
167316
167327
167329
167350
167362
167363
167368
167379
167380
167382
167392
167394
167395
167408
167415
167427
167430
167434
167435
167453
167463
167468
167471
167472
167475
167481
167486
167493
167497
167498
167502
167504
167513
167521
167525
167526
167529
167530
167532
167540
167541
167547
167549
167562
167564
167570
167577
167579
167585
167589
167597
167601
167604
167615
167629
167633
167637
167652
167658
167659
167660
167663
167664
167668
167670
167674
167677
167690
167692
167698
167699
167700
167702
167703
167707
167708
167712
167724
167727
167733
167736
167753
167770
167780
167783
167788
167794
167797
167799
167807
167822
167824
167827
167845
167848
167850
167865
167875
167878
167884
167891
167892
167895
167900
167915
167924
167925
167927
167928
167929
167938
167939
167942
167945
167948
167954
167956
167959
167962
167970
167974
167975
167977
167979
167980
167990
167998
168000
168001
168005
168013
168015
168020
168026
168028
168032
168033
168037
168038
168039
168057
168061
168066
168068
168070
168077
168083
168087
168090
168091
168098
168105
168107
168108
168111
168126
168127
168131
168139
168143
168148
168159
168166
168177
168189
168195
168197
168203
168207
168210
168213
168223
168236
168241
168246
168253
168254
168260
168261
168263
168272
168276
168289
168291
168294
168306
168311
168313
168319
168327
168328
168333
168335
168337
168340
168349
168357
168358
168363
168366
168368
168370
168381
168383
168384
168391
168393
168400
168401
168405
168406
168408
168411
168416
168418
168421
168425
168428
168435
168443
168449
168452
168457
168468
168481
168482
168484
168488
168495
168498
168500
168506
168516
168520
168523
168525
168529
168537
168555
168560
168569
168577
168587
168592
168595
168604
168605
168612
168617
168618
168620
168625
168628
168634
168635
168648
168654
168655
168658
168665
168667
168668
168669
168670
168674
168679
168681
168688
168692
168693
168694
168695
168702
168712
168713
168714
168722
168727
168731
168746
168749
168751
168752
168756
168758
168760
168762
168770
168774
168775
168779
168783
168785
168798
168807
168809
168818
168821
168829
168830
168835
168837
168838
168840
168847
168857
168867
168871
168875
168883
168887
168888
168889
168891
168901
168909
168914
168916
168923
168931
168934
168937
168940
168943
168950
168957
168959
168960
168961
168963
168967
168969
168970
168980
168983
168995
168997
169004
169006
169010
169014
169017
169022
169029
169030
169033
169037
169040
169041
169046
169056
169057
169058
169066
169071
169073
169077
169079
169084
169086
169087
169092
169093
169109
169112
169114
169120
169124
169130
169131
169135
169136
169155
169156
169157
169162
169173
169180
169187
169188
169189
169198
169200
169215
169230
169238
169240
169246
169256
169262
169273
169283
169292
169294
169304
169315
169327
169332
169338
169343
169346
169353
169357
169358
169360
169365
169367
169370
169379
169383
169391
169393
169398
169405
169410
169414
169415
169422
169441
169448
169457
169476
169477
169480
169484
169490
169493
169497
169504
169509
169511
169512
169517
169519
169523
169535
169538
169539
169541
169542
169546
169553
169565
169576
169579
169585
169598
169606
169607
169618
169619
169625
169632
169640
169646
169657
169658
169661
169665
169673
169674
169676
169678
169689
169692
169695
169697
169698
169700
169701
169703
169710
169714
169715
169720
169732
169733
169734
169740
169746
169758
169761
169764
169772
169779
169780
169783
169786
169793
169795
169797
169809
169811
169815
169829
169830
169833
169835
169843
169846
169850
169862
169864
169874
169877
169888
169897
169898
169911
169916
169917
169930
169933
169936
169943
169949
169953
169954
169965
169969
169973
169974
169975
169985
169992
169997
170005
170023
170024
170039
170043
170051
170061
170062
170064
170075
170079
170084
170095
170098
170110
170113
170128
170131
170132
170133
170134
170135
170161
170172
170175
170176
170180
170190
170196
170197
170198
170203
170215
170219
170223
170227
170228
170229
170232
170235
170236
170252
170268
170270
170271
170282
170284
170286
170287
170289
170290
170299
170300
170308
170310
170314
170318
170319
170323
170326
170328
170331
170333
170334
170340
170341
170344
170350
170351
170354
170366
170379
170384
170392
170393
170407
170411
170418
170423
170432
170438
170444
170448
170449
170453
170461
170470
170472
170482
170491
170495
170505
170507
170512
170514
170515
170519
170521
170523
170530
170532
170543
170544
170546
170552
170554
170557
170558
170564
170567
170570
170571
170572
170573
170575
170579
170585
170605
170611
170613
170614
170616
170620
170636
170638
170647
170654
170661
170662
170665
170669
170672
170679
170683
170685
170687
170694
170695
170696
170698
170704
170707
170714
170720
170730
170737
170739
170742
170743
170746
170751
170753
170757
170758
170762
170765
170767
170777
170779
170788
170794
170801
170807
170808
170815
170822
170825
170835
170838
170847
170853
170857
170859
170862
170863
170865
170874
170885
170886
170887
170891
170898
170907
170911
170913
170930
170938
170942
170947
170952
170953
170956
170964
170971
170975
170983
170985
170988
170996
171000
171001
171004
171005
171014
171020
171021
171036
171037
171040
171049
171053
171059
171062
171068
171069
171070
171072
171076
171087
171096
171100
171101
171115
171121
171123
171134
171137
171144
171150
171154
171155
171157
171167
171171
171173
171175
171176
171177
171186
171189
171193
171196
171198
171199
171213
171218
171221
171223
171224
171227
171228
171229
171234
171235
171244
171248
171249
171253
171257
171264
171271
171273
171278
171280
171283
171287
171289
171300
171307
171309
171310
171316
171317
171319
171322
171327
171334
171335
171339
171341
171345
171351
171361
171367
171372
171378
171379
171381
171385
171389
171393
171395
171399
171401
171403
171404
171406
171408
171413
171414
171425
171426
171430
171434
171437
171440
171441
171442
171445
171449
171450
171451
171456
171465
171473
171474
171482
171486
171492
171493
171495
171496
171498
171502
171506
171510
171513
171515
171520
171522
171525
171531
171537
171540
171549
171555
171560
171578
171579
171581
171585
171586
171587
171593
171594
171596
171608
171614
171617
171622
171627
171642
171653
171663
171666
171685
171697
171705
171729
171734
171735
171740
171742
171746
171752
171760
171762
171768
171778
171780
171781
171787
171804
171806
171816
171821
171822
171823
171844
171845
171847
171849
171859
171866
171867
171868
171876
171881
171883
171885
171886
171889
171893
171896
171899
171901
171908
171914
171931
171933
171944
171946
171950
171951
171953
171959
171960
171965
171970
171973
171974
171979
171981
171988
171995
172008
172012
172015
172022
172042
172056
172062
172071
172075
172083
172084
172090
172098
172099
172101
172103
172109
172123
172125
172131
172132
172133
172135
172139
172145
172146
172147
172158
172159
172160
172161
172163
172165
172167
172169
172179
172180
172191
172196
172198
172206
172210
172213
172221
172225
172227
172239
172243
172244
172245
172246
172256
172258
172263
172268
172271
172273
172275
172280
172282
172285
172286
172287
172291
172294
172297
172302
172303
172304
172309
172313
172319
172321
172322
172327
172328
172334
172338
172346
172355
172359
172361
172363
172364
172367
172381
172385
172390
172392
172393
172395
172397
172400
172406
172408
172411
172415
172416
172420
172422
172435
172437
172439
172442
172447
172448
172457
172462
172466
172469
172473
172478
172488
172493
172508
172512
172518
172526
172527
172528
172529
172530
172532
172536
172537
172552
172556
172560
172567
172575
172581
172590
172591
172592
172601
172613
172629
172639
172644
172647
172657
172659
172673
172675
172685
172689
172691
172692
172694
172695
172703
172704
172705
172709
172716
172724
172727
172736
172737
172739
172740
172743
172745
172749
172750
172753
172758
172762
172763
172766
172777
172778
172780
172788
172793
172799
172808
172811
172813
172817
172825
172833
172845
172848
172851
172856
172858
172861
172862
172863
172877
172879
172884
172893
172897
172902
172904
172927
172931
172932
172933
172939
172949
172951
172962
172966
172969
172975
172984
172988
172993
172994
172996
173001
173006
173007
173009
173011
173012
173014
173018
173023
173026
173034
173037
173038
173041
173055
173057
173058
173067
173069
173072
173079
173081
173092
173095
173101
173105
173107
173115
173127
173129
173138
173145
173154
173155
173156
173158
173159
173163
173166
173170
173180
173190
173192
173202
173203
173213
173216
173221
173230
173234
173241
173247
173249
173254
173259
173268
173270
173274
173275
173289
173290
173301
173305
173308
173310
173311
173313
173316
173325
173328
173334
173335
173336
173337
173340
173343
173346
173348
173349
173361
173363
173364
173366
173369
173375
173379
173382
173384
173386
173387
173388
173389
173390
173396
173397
173402
173406
173419
173421
173422
173423
173426
173428
173431
173437
173440
173446
173450
173455
173462
173464
173479
173487
173496
173497
173500
173506
173508
173519
173524
173527
173528
173533
173542
173548
173549
173565
173570
173578
173589
173593
173597
173604
173610
173611
173614
173617
173619
173620
173630
173631
173635
173636
173638
173644
173655
173656
173659
173663
173681
173685
173686
173689
173693
173698
173701
173702
173706
173713
173717
173723
173724
173726
173727
173729
173738
173740
173741
173750
173753
173756
173758
173765
173766
173785
173788
173789
173793
173796
173800
173801
173803
173807
173810
173814
173817
173820
173823
173830
173844
173845
173848
173849
173851
173862
173863
173869
173874
173877
173879
173883
173884
173890
173906
173908
173919
173925
173927
173932
173933
173948
173950
173953
173965
173970
173973
173975
173983
173984
173987
173993
174000
174002
174006
174008
174011
174019
174025
174026
174027
174041
174055
174059
174062
174077
174082
174084
174088
174093
174095
174102
174109
174114
174119
174122
174128
174136
174139
174148
174151
174155
174162
174179
174192
174194
174196
174204
174207
174216
174217
174219
174222
174236
174239
174253
174258
174262
174265
174268
174269
174277
174280
174296
174306
174315
174316
174328
174332
174339
174341
174343
174345
174350
174354
174360
174369
174370
174373
174378
174379
174382
174384
174390
174395
174403
174406
174412
174413
174414
174422
174425
174431
174435
174438
174440
174447
174455
174461
174463
174465
174472
174475
174479
174483
174486
174495
174497
174499
174521
174523
174525
174526
174531
174532
174537
174540
174545
174546
174548
174554
174565
174567
174569
174579
174584
174590
174599
174600
174604
174606
174611
174616
174622
174625
174629
174636
174642
174647
174651
174655
174661
174666
174670
174672
174673
174677
174680
174684
174690
174694
174697
174699
174703
174706
174718
174729
174734
174737
174738
174740
174741
174747
174749
174752
174757
174758
174762
174786
174790
174797
174802
174806
174821
174831
174837
174840
174841
174843
174847
174860
174861
174865
174868
174875
174882
174887
174893
174894
174895
174899
174907
174909
174921
174925
174928
174929
174931
174935
174939
174940
174941
174942
174944
174955
174959
174961
174962
174964
174965
174968
174969
174979
174982
174990
174996
174997
174998
175000
175008
175011
175013
175022
175027
175034
175035
175039
175041
175044
175049
175050
175051
175058
175061
175069
175072
175094
175105
175108
175111
175112
175114
175118
175121
175122
175125
175127
175134
175143
175145
175146
175149
175150
175151
175162
175163
175165
175171
175173
175175
175176
175178
175180
175181
175188
175196
175209
175228
175231
175238
175246
175248
175250
175263
175273
175274
175284
175287
175290
175294
175296
175297
175298
175302
175309
175312
175313
175318
175327
175329
175330
175331
175337
175346
175351
175353
175363
175364
175365
175372
175373
175374
175377
175378
175387
175389
175396
175404
175413
175417
175422
175426
175427
175428
175434
175439
175444
175445
175456
175469
175471
175472
175474
175481
175483
175484
175493
175494
175497
175503
175504
175505
175526
175530
175534
175543
175545
175553
175554
175557
175569
175575
175576
175577
175584
175592
175604
175610
175612
175614
175619
175622
175633
175634
175636
175649
175659
175666
175672
175674
175680
175682
175683
175691
175692
175700
175701
175708
175710
175712
175715
175716
175724
175725
175729
175730
175738
175741
175754
175760
175762
175764
175767
175768
175770
175771
175773
175775
175779
175785
175786
175787
175793
175796
175798
175801
175805
175807
175815
175816
175820
175824
175825
175827
175834
175835
175839
175851
175854
175855
175860
175863
175872
175878
175879
175883
175888
175889
175892
175893
175897
175903
175931
175933
175961
175962
175967
175973
175983
175984
175985
175986
175994
175999
176008
176018
176019
176021
176022
176023
176031
176032
176038
176041
176043
176050
176053
176064
176070
176073
176081
176084
176085
176102
176103
176114
176116
176117
176126
176131
176134
176143
176144
176145
176146
176147
176156
176160
176165
176167
176169
176170
176175
176188
176191
176192
176196
176197
176201
176204
176207
176224
176235
176253
176255
176266
176270
176275
176276
176283
176297
176303
176305
176314
176317
176318
176319
176332
176343
176346
176349
176355
176357
176361
176368
176373
176374
176382
176409
176410
176421
176422
176424
176434
176435
176446
176470
176473
176479
176480
176483
176491
176492
176495
176500
176508
176518
176525
176526
176533
176535
176538
176548
176551
176556
176557
176561
176562
176563
176573
176574
176578
176580
176595
176599
176608
176614
176620
176626
176628
176631
176636
176642
176645
176646
176647
176650
176655
176656
176657
176669
176670
176673
176677
176678
176680
176688
176692
176699
176708
176714
176723
176724
176725
176726
176730
176734
176735
176736
176747
176750
176751
176755
176770
176774
176784
176788
176794
176797
176810
176817
176819
176842
176846
176852
176854
176858
176860
176863
176864
176865
176866
176867
176875
176889
176891
176897
176905
176911
176923
176928
176939
176944
176945
176948
176953
176959
176960
176976
176990
176991
176993
176994
177010
177012
177023
177024
177032
177037
177039
177043
177044
177050
177052
177053
177055
177056
177057
177060
177074
177075
177081
177084
177087
177097
177103
177107
177109
177111
177116
177119
177138
177139
177145
177148
177151
177157
177166
177174
177176
177178
177180
177181
177189
177191
177194
177195
177198
177203
177213
177217
177224
177228
177229
177233
177238
177240
177242
177246
177250
177253
177254
177255
177263
177268
177270
177272
177274
177276
177278
177280
177281
177284
177285
177288
177297
177308
177309
177311
177312
177318
177331
177342
177344
177346
177350
177352
177358
177369
177372
177377
177382
177384
177386
177399
177416
177430
177441
177453
177454
177455
177462
177469
177471
177474
177478
177488
177498
177511
177520
177522
177527
177528
177535
177536
177539
177551
177553
177569
177570
177572
177583
177588
177589
177591
177593
177597
177598
177627
177639
177650
177655
177657
177659
177669
177673
177674
177688
177706
177710
177712
177721
177727
177733
177734
177737
177747
177749
177754
177762
177767
177770
177773
177789
177790
177792
177796
177799
177800
177803
177806
177816
177820
177823
177826
177827
177855
177858
177861
177870
177874
177875
177877
177879
177885
177892
177903
177907
177915
177923
177934
177936
177944
177947
177952
177957
177958
177959
177961
177964
177969
177971
177973
177977
177981
177983
177986
177991
177994
177999
178002
178003
178006
178010
178012
178023
178024
178031
178038
178044
178045
178056
178060
178062
178063
178067
178081
178084
178097
178099
178100
178108
178109
178114
178116
178120
178121
178124
178126
178135
178136
178139
178140
178141
178146
178149
178156
178157
178163
178165
178169
178171
178173
178176
178190
178201
178202
178205
178214
178215
178227
178231
178237
178240
178242
178245
178248
178264
178266
178274
178275
178278
178280
178284
178304
178316
178320
178325
178330
178333
178336
178341
178346
178347
178367
178368
178373
178377
178382
178388
178389
178395
178398
178399
178411
178413
178416
178421
178429
178432
178438
178439
178443
178448
178450
178455
178461
178468
178473
178477
178481
178484
178494
178496
178504
178513
178515
178517
178528
178531
178564
178573
178574
178584
178585
178588
178592
178595
178597
178602
178608
178609
178611
178614
178615
178625
178635
178645
178646
178655
178665
178667
178668
178671
178672
178682
178687
178693
178717
178723
178725
178727
178731
178734
178737
178748
178753
178755
178764
178768
178771
178773
178776
178785
178786
178788
178793
178797
178799
178806
178810
178818
178821
178823
178842
178850
178852
178860
178885
178887
178889
178890
178905
178909
178918
178925
178927
178928
178932
178933
178935
178941
178942
178946
178951
178955
178957
178958
178963
178965
178971
178995
178996
179000
179001
179003
179006
179011
179012
179014
179015
179018
179020
179021
179023
179031
179032
179041
179043
179046
179057
179062
179065
179070
179072
179075
179079
179081
179083
179093
179124
179125
179138
179145
179146
179147
179148
179149
179150
179156
179160
179163
179165
179166
179177
179178
179186
179197
179205
179208
179210
179211
179224
179230
179238
179239
179241
179254
179257
179263
179265
179267
179269
179270
179271
179273
179274
179275
179282
179284
179287
179289
179294
179296
179301
179305
179314
179320
179326
179330
179333
179341
179357
179360
179363
179377
179379
179381
179382
179387
179389
179399
179401
179402
179419
179427
179428
179445
179451
179453
179459
179464
179466
179473
179475
179477
179491
179527
179546
179553
179555
179575
179583
179594
179595
179598
179603
179604
179605
179607
179608
179629
179636
179639
179649
179651
179655
179657
179670
179684
179697
179700
179701
179708
179709
179714
179716
179718
179722
179730
179731
179735
179745
179749
179755
179756
179757
179758
179761
179768
179774
179776
179779
179782
179784
179785
179792
179796
179798
179799
179801
179802
179808
179811
179813
179814
179819
179820
179821
179823
179832
179833
179838
179841
179844
179847
179855
179858
179859
179866
179884
179885
179886
179890
179892
179896
179900
179903
179905
179907
179915
179916
179925
179927
179931
179934
179953
179965
179966
179969
179972
179973
179987
179999
180001
180002
180008
180013
180014
180016
180017
180021
180022
180024
180029
180032
180034
180035
180036
180037
180041
180063
180068
180084
180088
180092
180093
180102
180105
180141
180161
180162
180175
180180
180186
180191
180198
180206
180208
180219
180220
180222
180223
180225
180230
180232
180238
180239
180242
180246
180248
180259
180262
180264
180271
180273
180279
180280
180289
180305
180307
180309
180312
180316
180319
180320
180325
180333
180334
180335
180342
180344
180351
180353
180354
180370
180371
180374
180388
180389
180393
180395
180405
180406
180410
180420
180424
180433
180442
180448
180457
180459
180465
180466
180468
180472
180475
180480
180481
180489
180490
180491
180496
180511
180512
180518
180524
180527
180528
180533
180535
180542
180557
180558
180559
180560
180561
180562
180566
180567
180576
180582
180584
180596
180610
180615
180620
180621
180625
180629
180634
180640
180651
180653
180655
180657
180659
180665
180666
180667
180671
180675
180679
180681
180684
180691
180698
180700
180703
180706
180729
180731
180734
180738
180742
180747
180750
180752
180754
180764
180770
180774
180775
180778
180788
180797
180805
180809
180810
180812
180816
180818
180819
180822
180825
180826
180831
180832
180838
180848
180855
180856
180866
180873
180874
180880
180885
180895
180898
180900
180904
180913
180920
180928
180929
180933
180940
180947
180949
180953
180975
180977
180981
180982
180987
180989
180991
180995
180999
181003
181006
181008
181012
181014
181025
181030
181034
181036
181042
181043
181054
181055
181062
181065
181068
181070
181073
181075
181083
181084
181089
181091
181103
181105
181108
181117
181119
181127
181130
181132
181137
181141
181142
181146
181154
181158
181163
181167
181168
181178
181192
181198
181205
181209
181210
181211
181220
181225
181227
181230
181236
181240
181245
181262
181265
181270
181274
181276
181277
181281
181285
181295
181305
181310
181313
181325
181331
181348
181349
181350
181356
181359
181363
181366
181370
181371
181373
181378
181379
181382
181384
181389
181396
181397
181401
181407
181410
181430
181432
181440
181448
181453
181459
181464
181465
181466
181473
181477
181482
181489
181502
181507
181518
181520
181524
181533
181534
181536
181539
181540
181552
181555
181564
181570
181575
181576
181580
181581
181588
181589
181591
181594
181598
181603
181608
181611
181618
181619
181628
181632
181634
181641
181644
181648
181666
181670
181673
181677
181681
181690
181693
181705
181709
181710
181717
181724
181727
181728
181730
181733
181735
181738
181742
181747
181752
181758
181765
181767
181770
181778
181780
181787
181795
181797
181798
181802
181808
181817
181818
181820
181830
181847
181848
181851
181852
181854
181858
181873
181877
181881
181883
181894
181904
181915
181918
181921
181927
181932
181934
181943
181947
181950
181951
181952
181959
181962
181976
181981
181987
181993
181996
182001
182009
182010
182012
182014
182018
182028
182036
182043
182044
182053
182056
182059
182060
182065
182073
182078
182082
182093
182095
182101
182110
182115
182119
182132
182136
182137
182138
182139
182141
182147
182153
182158
182161
182166
182172
182175
182194
182195
182196
182202
182204
182210
182216
182217
182218
182224
182226
182243
182244
182249
182258
182260
182263
182265
182272
182285
182290
182292
182302
182305
182340
182341
182343
182346
182348
182350
182351
182360
182361
182362
182394
182398
182401
182404
182406
182422
182426
182428
182433
182434
182437
182445
182446
182450
182452
182468
182476
182480
182481
182490
182494
182496
182504
182511
182517
182521
182535
182537
182545
182547
182554
182556
182558
182561
182570
182571
182579
182580
182585
182587
182588
182593
182594
182595
182600
182601
182603
182604
182609
182610
182614
182615
182624
182627
182628
182632
182633
182642
182645
182646
182650
182652
182655
182657
182659
182662
182668
182671
182677
182679
182687
182689
182694
182695
182706
182707
182708
182719
182720
182721
182722
182723
182727
182729
182732
182743
182752
182754
182755
182768
182769
182770
182771
182773
182776
182792
182794
182801
182808
182813
182823
182828
182853
182855
182862
182869
182875
182876
182889
182902
182911
182921
182926
182931
182932
182935
182939
182950
182957
182961
182967
182983
182984
182985
182986
182989
183016
183019
183022
183044
183045
183048
183055
183060
183069
183071
183078
183080
183083
183084
183085
183086
183087
183089
183101
183106
183107
183118
183126
183131
183141
183143
183144
183151
183152
183154
183165
183175
183179
183180
183190
183199
183202
183206
183207
183210
183211
183212
183219
183223
183226
183227
183235
183238
183239
183250
183253
183258
183259
183269
183271
183273
183276
183279
183284
183286
183287
183288
183291
183294
183301
183302
183305
183308
183311
183313
183315
183319
183323
183328
183337
183339
183342
183344
183346
183361
183369
183371
183380
183382
183393
183394
183398
183404
183406
183407
183416
183431
183432
183433
183435
183441
183442
183443
183455
183456
183458
183465
183475
183477
183490
183493
183506
183513
183516
183517
183519
183521
183528
183532
183537
183538
183540
183544
183549
183551
183552
183563
183569
183571
183572
183573
183592
183598
183607
183609
183611
183612
183616
183619
183624
183639
183641
183654
183666
183668
183682
183686
183711
183714
183720
183730
183736
183742
183744
183745
183746
183752
183757
183762
183764
183779
183783
183784
183785
183786
183788
183789
183791
183792
183798
183803
183804
183808
183813
183819
183830
183837
183838
183845
183867
183869
183873
183883
183884
183888
183909
183911
183913
183920
183929
183931
183933
183937
183945
183946
183950
183961
183978
183979
183981
183985
183992
183993
183994
183997
184001
184005
184008
184012
184017
184025
184027
184030
184032
184039
184042
184045
184046
184052
184064
184073
184082
184091
184099
184100
184101
184112
184114
184121
184124
184129
184134
184142
184144
184147
184148
184150
184174
184177
184179
184181
184193
184197
184201
184203
184209
184212
184220
184228
184232
184235
184236
184237
184246
184247
184248
184261
184262
184264
184265
184267
184271
184273
184274
184281
184286
184296
184297
184323
184339
184341
184343
184353
184358
184361
184362
184364
184368
184374
184379
184383
184388
184394
184405
184411
184417
184422
184425
184429
184431
184432
184438
184450
184452
184463
184478
184488
184500
184508
184511
184516
184517
184523
184527
184531
184537
184539
184540
184542
184545
184551
184561
184564
184581
184592
184593
184605
184614
184615
184618
184621
184626
184642
184645
184646
184651
184653
184657
184660
184661
184675
184676
184678
184684
184694
184700
184712
184716
184717
184719
184721
184734
184741
184763
184764
184765
184777
184783
184790
184794
184806
184808
184815
184820
184821
184832
184838
184843
184845
184848
184849
184853
184857
184863
184884
184886
184890
184892
184896
184899
184903
184908
184909
184922
184932
184943
184950
184956
184957
184963
184983
184984
184988
184991
184993
185000
185004
185005
185006
185010
185021
185023
185030
185033
185053
185055
185063
185067
185070
185073
185078
185095
185096
185100
185110
185120
185138
185141
185145
185146
185148
185149
185156
185158
185164
185171
185172
185177
185179
185184
185196
185201
185206
185213
185221
185225
185227
185231
185241
185250
185252
185254
185256
185266
185267
185268
185273
185274
185277
185281
185286
185289
185290
185293
185297
185299
185300
185305
185310
185315
185321
185327
185333
185339
185343
185346
185361
185363
185371
185378
185387
185389
185393
185395
185402
185406
185412
185414
185416
185427
185432
185434
185443
185448
185452
185457
185459
185467
185469
185509
185510
185513
185518
185521
185523
185527
185529
185555
185562
185570
185572
185578
185589
185594
185601
185606
185608
185629
185633
185639
185641
185654
185658
185661
185678
185684
185687
185688
185690
185694
185697
185711
185714
185726
185738
185750
185753
185756
185761
185762
185764
185769
185771
185772
185783
185793
185803
185806
185808
185812
185815
185818
185828
185831
185840
185841
185847
185851
185853
185870
185871
185875
185877
185883
185887
185889
185893
185900
185909
185915
185917
185934
185949
185959
185962
185964
185967
185971
185972
185980
185982
185984
185985
185987
185997
186008
186012
186015
186019
186025
186027
186034
186035
186041
186042
186043
186045
186049
186050
186057
186069
186071
186075
186077
186078
186079
186082
186083
186092
186095
186099
186106
186107
186109
186112
186113
186119
186124
186138
186139
186141
186147
186150
186157
186163
186166
186176
186178
186179
186184
186187
186189
186194
186195
186203
186207
186210
186211
186220
186227
186231
186232
186233
186234
186239
186241
186242
186257
186258
186264
186270
186271
186279
186280
186285
186287
186294
186299
186300
186301
186308
186326
186331
186335
186337
186339
186347
186348
186358
186368
186369
186383
186403
186411
186436
186439
186446
186452
186457
186459
186471
186476
186478
186484
186487
186488
186492
186501
186503
186504
186505
186506
186517
186520
186526
186528
186531
186542
186543
186544
186553
186566
186570
186575
186589
186599
186601
186633
186642
186643
186644
186646
186652
186654
186657
186664
186675
186677
186678
186679
186688
186694
186697
186698
186699
186710
186711
186724
186726
186740
186742
186743
186744
186745
186752
186759
186767
186778
186786
186789
186794
186803
186811
186818
186837
186841
186844
186849
186851
186853
186867
186880
186885
186888
186894
186900
186908
186917
186921
186935
186936
186937
186938
186948
186951
186979
186980
186986
186993
186996
187005
187008
187011
187012
187021
187023
187026
187027
187028
187030
187036
187039
187042
187046
187050
187053
187057
187058
187062
187063
187069
187072
187076
187077
187090
187091
187108
187112
187115
187118
187119
187123
187124
187131
187134
187136
187137
187140
187157
187175
187183
187185
187188
187202
187203
187212
187226
187227
187230
187232
187233
187244
187246
187252
187254
187256
187260
187261
187275
187276
187277
187283
187287
187294
187302
187303
187309
187311
187312
187318
187323
187324
187327
187334
187337
187338
187345
187348
187350
187356
187366
187368
187373
187376
187390
187392
187400
187415
187416
187422
187442
187446
187448
187451
187453
187455
187464
187467
187469
187472
187473
187474
187476
187477
187486
187494
187497
187501
187512
187518
187520
187521
187522
187523
187529
187534
187540
187544
187546
187549
187552
187562
187564
187565
187566
187573
187582
187592
187594
187597
187602
187615
187618
187620
187621
187624
187627
187628
187631
187633
187637
187638
187640
187642
187643
187648
187650
187669
187675
187682
187690
187693
187694
187697
187698
187699
187706
187711
187714
187724
187727
187731
187740
187758
187761
187767
187768
187769
187770
187773
187775
187776
187783
187787
187789
187791
187792
187803
187806
187810
187812
187826
187831
187834
187835
187844
187858
187864
187868
187871
187874
187875
187885
187887
187897
187907
187911
187916
187930
187939
187943
187944
187946
187948
187951
187973
187975
187979
187992
187994
187996
187997
187999
188004
188005
188020
188025
188026
188034
188036
188040
188044
188048
188066
188073
188074
188086
188094
188095
188096
188102
188103
188107
188116
188120
188127
188132
188133
188135
188148
188151
188157
188190
188195
188210
188212
188217
188245
188248
188249
188262
188267
188275
188277
188287
188288
188293
188294
188295
188296
188304
188307
188308
188311
188312
188317
188324
188330
188335
188339
188344
188359
188364
188365
188366
188372
188373
188377
188379
188388
188395
188396
188402
188406
188409
188412
188417
188430
188438
188440
188445
188450
188451
188454
188465
188470
188472
188477
188480
188485
188494
188497
188498
188502
188504
188508
188517
188519
188523
188527
188529
188530
188531
188533
188536
188538
188542
188546
188554
188561
188565
188578
188579
188583
188586
188591
188592
188594
188600
188603
188605
188609
188610
188612
188623
188624
188625
188632
188633
188634
188635
188640
188642
188644
188652
188653
188660
188668
188670
188672
188673
188674
188676
188680
188681
188688
188694
188696
188703
188713
188715
188720
188722
188728
188730
188736
188737
188739
188743
188744
188753
188765
188774
188777
188780
188786
188795
188798
188800
188802
188806
188810
188812
188815
188820
188825
188828
188839
188844
188851
188860
188869
188870
188873
188879
188881
188883
188885
188889
188910
188911
188912
188914
188919
188925
188926
188946
188955
188962
188970
188973
188974
188976
188979
188990
188998
189001
189011
189013
189023
189030
189035
189046
189052
189054
189055
189057
189059
189071
189078
189085
189086
189093
189096
189111
189141
189147
189148
189151
189161
189166
189182
189186
189204
189208
189209
189212
189215
189218
189223
189224
189226
189227
189237
189242
189244
189254
189255
189256
189262
189263
189264
189268
189270
189272
189273
189277
189278
189280
189284
189285
189297
189299
189301
189303
189304
189305
189308
189317
189318
189319
189323
189325
189326
189331
189335
189348
189350
189352
189360
189361
189365
189368
189372
189377
189379
189381
189383
189384
189392
189395
189401
189403
189410
189412
189421
189422
189426
189427
189428
189432
189435
189438
189439
189446
189449
189450
189454
189455
189471
189472
189485
189496
189498
189502
189510
189515
189524
189532
189537
189541
189542
189545
189551
189567
189575
189578
189594
189595
189597
189601
189608
189611
189618
189621
189622
189627
189630
189631
189638
189639
189641
189642
189648
189649
189653
189654
189656
189670
189678
189682
189688
189718
189737
189740
189745
189747
189748
189759
189764
189770
189776
189785
189788
189794
189812
189821
189825
189835
189840
189854
189857
189860
189864
189868
189870
189871
189881
189884
189893
189898
189899
189902
189918
189927
189931
189938
189945
189955
189956
189972
189974
189980
189983
189999
190000
190001
190009
190011
190014
190019
190022
190034
190039
190046
190052
190058
190063
190070
190075
190088
190092
190096
190107
190108
190113
190116
190125
190128
190132
190133
190135
190141
190153
190163
190173
190180
190181
190183
190187
190190
190199
190200
190208
190219
190225
190231
190241
190243
190244
190248
190256
190258
190261
190262
190267
190274
190275
190280
190281
190307
190308
190309
190313
190317
190319
190332
190341
190344
190345
190363
190367
190369
190375
190376
190384
190401
190410
190420
190421
190422
190424
190429
190439
190443
190445
190447
190448
190451
190453
190460
190461
190477
190479
190500
190505
190506
190507
190510
190512
190513
190516
190517
190523
190526
190528
190534
190535
190544
190545
190548
190553
190554
190560
190570
190572
190573
190580
190581
190584
190595
190601
190608
190610
190614
190616
190622
190623
190627
190631
190634
190646
190648
190660
190662
190669
190671
190672
190687
190690
190694
190699
190702
190703
190706
190707
190715
190725
190727
190732
190738
190749
190753
190754
190762
190763
190765
190767
190769
190775
190780
190784
190800
190803
190806
190808
190824
190832
190833
190835
190841
190842
190843
190855
190864
190870
190871
190873
190875
190878
190882
190884
190885
190905
190909
190919
190923
190924
190927
190932
190940
190942
190946
190947
190951
190958
190959
190961
190966
190967
190970
190971
190973
190974
190975
190976
190978
190989
190990
190997
191004
191005
191010
191013
191019
191028
191029
191031
191033
191038
191040
191045
191046
191048
191049
191056
191083
191097
191104
191107
191111
191113
191116
191128
191129
191131
191144
191151
191154
191160
191181
191188
191196
191201
191204
191205
191208
191212
191218
191219
191223
191224
191227
191236
191237
191238
191242
191243
191244
191254
191261
191263
191271
191282
191284
191293
191297
191302
191309
191315
191316
191319
191321
191323
191330
191334
191337
191339
191341
191354
191359
191360
191361
191364
191365
191368
191369
191371
191377
191380
191382
191383
191389
191395
191409
191410
191417
191426
191438
191440
191455
191457
191464
191465
191469
191480
191483
191486
191490
191494
191495
191500
191503
191512
191513
191519
191520
191521
191530
191536
191537
191544
191547
191551
191552
191556
191558
191565
191570
191571
191583
191592
191598
191601
191607
191612
191614
191617
191642
191649
191652
191657
191662
191670
191671
191672
191675
191683
191685
191686
191687
191698
191700
191718
191720
191721
191732
191733
191739
191741
191745
191746
191751
191759
191763
191767
191774
191775
191777
191783
191786
191790
191791
191800
191811
191813
191820
191827
191834
191836
191839
191847
191849
191856
191867
191868
191871
191877
191882
191884
191891
191892
191898
191907
191910
191911
191912
191922
191935
191944
191946
191950
191955
191960
191964
191969
191975
191978
191985
191986
191995
192000
192004
192005
192010
192012
192017
192031
192033
192044
192047
192055
192056
192063
192065
192079
192112
192124
192128
192130
192131
192138
192146
192156
192159
192162
192164
192165
192176
192178
192189
192191
192202
192203
192206
192222
192224
192225
192226
192232
192235
192238
192240
192241
192244
192247
192248
192255
192264
192265
192267
192270
192272
192281
192284
192286
192296
192298
192303
192308
192320
192322
192323
192327
192330
192333
192337
192338
192345
192348
192362
192366
192370
192373
192375
192382
192392
192399
192402
192413
192416
192417
192420
192425
192429
192430
192433
192441
192442
192445
192449
192461
192462
192463
192470
192481
192483
192485
192491
192499
192505
192516
192518
192522
192524
192529
192537
192538
192548
192564
192570
192578
192584
192586
192588
192589
192590
192593
192595
192601
192602
192603
192609
192616
192631
192636
192637
192643
192646
192654
192670
192671
192679
192682
192683
192685
192686
192690
192692
192693
192697
192699
192705
192710
192721
192725
192729
192730
192732
192739
192746
192750
192751
192759
192762
192764
192767
192770
192775
192778
192779
192786
192789
192791
192793
192794
192799
192802
192804
192812
192814
192829
192830
192836
192842
192845
192853
192856
192860
192861
192870
192874
192876
192882
192890
192899
192904
192905
192908
192909
192914
192918
192920
192922
192924
192926
192930
192937
192940
192941
192947
192958
192962
192963
192971
192985
192994
193004
193014
193021
193025
193028
193040
193049
193056
193058
193060
193061
193062
193072
193074
193078
193080
193083
193084
193086
193087
193093
193129
193133
193147
193149
193152
193158
193161
193182
193185
193186
193195
193196
193200
193204
193216
193220
193222
193225
193228
193230
193232
193250
193260
193277
193285
193289
193290
193295
193296
193298
193312
193323
193328
193329
193330
193331
193334
193337
193347
193359
193360
193365
193368
193373
193375
193378
193382
193383
193384
193389
193393
193394
193400
193403
193404
193407
193410
193411
193419
193421
193425
193437
193439
193445
193453
193458
193459
193464
193466
193468
193469
193473
193476
193488
193497
193504
193506
193510
193512
193514
193519
193527
193533
193534
193553
193556
193559
193563
193565
193571
193580
193586
193593
193594
193595
193598
193607
193612
193619
193627
193632
193634
193643
193657
193658
193660
193674
193679
193681
193687
193689
193693
193696
193699
193702
193703
193705
193708
193717
193719
193720
193722
193725
193726
193730
193738
193745
193752
193753
193755
193769
193771
193773
193779
193782
193785
193787
193792
193793
193796
193797
193799
193802
193804
193808
193813
193814
193815
193845
193850
193851
193856
193857
193860
193862
193887
193890
193902
193904
193905
193920
193922
193926
193927
193928
193929
193931
193934
193939
193940
193943
193944
193947
193954
193962
193966
193968
193969
193970
193978
193979
193992
193994
193996
194000
194001
194002
194004
194009
194010
194011
194014
194033
194037
194039
194043
194049
194050
194053
194060
194062
194064
194082
194084
194089
194090
194091
194094
194097
194099
194102
194114
194121
194128
194138
194140
194151
194153
194167
194186
194203
194209
194214
194215
194219
194220
194234
194243
194253
194257
194265
194267
194277
194278
194281
194295
194313
194315
194322
194324
194327
194328
194329
194331
194332
194343
194349
194352
194363
194364
194368
194376
194383
194384
194385
194402
194403
194406
194408
194409
194419
194435
194448
194452
194454
194455
194456
194459
194461
194464
194469
194472
194476
194478
194479
194487
194496
194497
194502
194506
194507
194515
194521
194524
194532
194533
194546
194555
194557
194566
194567
194568
194581
194582
194584
194594
194595
194597
194599
194603
194616
194617
194618
194620
194621
194625
194635
194640
194643
194645
194651
194654
194655
194664
194670
194680
194682
194690
194692
194693
194694
194696
194703
194710
194714
194717
194724
194728
194739
194742
194751
194753
194760
194761
194774
194783
194797
194799
194800
194801
194804
194805
194809
194815
194817
194819
194820
194823
194824
194825
194826
194829
194831
194834
194837
194839
194842
194845
194850
194858
194859
194873
194880
194886
194895
194908
194909
194916
194926
194927
194929
194930
194931
194934
194939
194943
194957
194974
194976
194978
194983
194984
194985
194990
194993
194999
195004
195010
195018
195022
195035
195039
195040
195050
195061
195067
195068
195069
195083
195085
195087
195088
195089
195100
195107
195110
195113
195114
195118
195121
195137
195141
195147
195148
195149
195152
195153
195155
195158
195161
195166
195169
195171
195178
195184
195185
195189
195192
195195
195197
195208
195213
195214
195218
195221
195224
195226
195229
195240
195242
195244
195245
195247
195248
195250
195251
195255
195260
195262
195266
195269
195277
195288
195291
195301
195304
195306
195310
195317
195328
195331
195336
195342
195346
195349
195356
195360
195361
195368
195372
195375
195378
195386
195387
195401
195403
195405
195411
195412
195414
195417
195421
195423
195429
195431
195433
195437
195441
195462
195464
195467
195468
195471
195477
195480
195483
195493
195494
195496
195499
195500
195506
195510
195511
195516
195518
195524
195530
195531
195533
195541
195547
195551
195556
195565
195579
195593
195598
195601
195603
195604
195605
195618
195620
195625
195628
195629
195643
195646
195652
195657
195666
195668
195673
195675
195676
195688
195694
195698
195701
195708
195715
195719
195720
195723
195724
195725
195728
195734
195736
195739
195743
195744
195745
195747
195756
195764
195773
195783
195788
195796
195800
195801
195803
195805
195812
195833
195839
195842
195850
195851
195852
195854
195857
195859
195865
195869
195878
195883
195885
195886
195889
195897
195900
195904
195914
195918
195919
195929
195940
195948
195962
195963
195965
195969
195974
195981
195982
195990
195995
196002
196005
196014
196020
196027
196029
196030
196035
196038
196039
196047
196058
196069
196073
196083
196090
196098
196100
196122
196125
196130
196134
196138
196141
196142
196143
196153
196157
196158
196161
196164
196168
196169
196173
196183
196195
196200
196205
196206
196207
196213
196217
196218
196219
196222
196228
196236
196238
196244
196257
196266
196268
196270
196272
196277
196284
196288
196295
196298
196300
196305
196306
196307
196309
196312
196317
196319
196323
196335
196336
196337
196342
196348
196349
196354
196360
196361
196362
196366
196368
196385
196390
196393
196400
196405
196408
196414
196419
196422
196430
196433
196435
196436
196440
196446
196447
196454
196456
196457
196459
196460
196461
196467
196469
196475
196477
196479
196485
196486
196488
196495
196500
196505
196509
196522
196533
196536
196538
196542
196547
196550
196551
196556
196557
196562
196579
196591
196594
196595
196603
196604
196606
196607
196610
196617
196619
196626
196631
196635
196637
196642
196643
196645
196649
196659
196663
196670
196678
196690
196696
196697
196706
196710
196720
196723
196728
196729
196736
196744
196746
196750
196752
196762
196766
196769
196789
196799
196813
196832
196848
196851
196858
196861
196863
196878
196879
196883
196884
196885
196888
196890
196895
196896
196898
196899
196909
196911
196912
196915
196922
196923
196935
196952
196953
196956
196958
196964
196968
196970
196977
196979
196980
196983
196988
197004
197007
197009
197011
197016
197022
197027
197033
197034
197037
197042
197057
197062
197063
197071
197073
197074
197084
197090
197111
197114
197116
197123
197124
197130
197136
197137
197144
197158
197159
197160
197161
197162
197163
197164
197165
197170
197171
197173
197175
197177
197181
197186
197190
197195
197196
197197
197200
197211
197212
197213
197214
197215
197217
197223
197230
197231
197233
197234
197237
197239
197240
197242
197245
197250
197256
197260
197265
197270
197271
197273
197279
197280
197282
197285
197288
197291
197296
197302
197314
197315
197318
197327
197333
197338
197342
197351
197353
197356
197362
197363
197371
197380
197389
197390
197394
197400
197405
197406
197414
197418
197421
197433
197434
197438
197442
197447
197450
197457
197460
197485
197486
197487
197491
197496
197499
197507
197510
197511
197520
197526
197536
197539
197542
197554
197568
197577
197579
197582
197584
197590
197593
197598
197602
197604
197612
197613
197615
197616
197618
197620
197622
197628
197637
197643
197645
197656
197659
197667
197670
197672
197673
197680
197684
197685
197687
197688
197689
197692
197698
197699
197701
197704
197709
197711
197717
197721
197725
197730
197731
197733
197734
197735
197738
197742
197748
197751
197759
197761
197764
197766
197774
197783
197784
197786
197792
197793
197798
197805
197806
197813
197832
197842
197845
197846
197849
197850
197857
197860
197869
197874
197875
197879
197880
197884
197885
197890
197892
197893
197895
197896
197901
197905
197910
197915
197920
197936
197937
197939
197947
197953
197959
197960
197971
197973
197974
197976
197979
197983
197984
197991
198011
198015
198016
198018
198019
198038
198040
198047
198050
198054
198061
198064
198071
198076
198080
198083
198084
198089
198091
198094
198103
198108
198110
198112
198113
198119
198120
198122
198123
198125
198129
198132
198143
198144
198146
198148
198150
198151
198154
198157
198162
198163
198166
198168
198174
198181
198184
198185
198186
198189
198192
198199
198207
198215
198218
198225
198229
198230
198231
198232
198235
198236
198237
198238
198240
198245
198260
198264
198267
198273
198278
198301
198308
198309
198311
198325
198328
198334
198335
198336
198337
198342
198347
198349
198350
198351
198357
198358
198362
198364
198369
198371
198381
198382
198392
198395
198397
198399
198404
198409
198411
198418
198422
198423
198424
198425
198429
198440
198448
198449
198454
198461
198466
198467
198471
198473
198474
198478
198483
198486
198488
198490
198491
198495
198498
198499
198503
198508
198516
198518
198544
198545
198548
198552
198564
198566
198574
198580
198585
198593
198597
198610
198615
198635
198637
198641
198642
198651
198653
198657
198669
198671
198675
198676
198677
198682
198690
198691
198695
198721
198722
198724
198725
198730
198734
198739
198741
198742
198745
198758
198767
198769
198784
198786
198787
198797
198798
198803
198808
198813
198818
198822
198827
198835
198836
198837
198858
198870
198873
198875
198891
198896
198899
198904
198906
198913
198915
198920
198934
198940
198941
198945
198946
198954
198956
198960
198963
198965
198966
198969
198970
198974
198984
198988
198990
199004
199018
199026
199027
199030
199031
199046
199047
199057
199064
199075
199076
199084
199101
199104
199108
199111
199114
199119
199120
199131
199132
199133
199134
199135
199141
199163
199166
199167
199174
199189
199190
199197
199201
199210
199215
199219
199225
199248
199249
199252
199264
199269
199271
199272
199275
199276
199277
199288
199299
199300
199303
199307
199308
199311
199325
199331
199340
199341
199354
199355
199356
199358
199363
199364
199365
199374
199380
199381
199390
199391
199392
199394
199396
199407
199409
199422
199424
199428
199429
199435
199444
199452
199461
199467
199479
199487
199488
199494
199495
199501
199505
199511
199522
199528
199533
199538
199544
199545
199560
199568
199569
199573
199579
199581
199589
199591
199597
199608
199611
199612
199613
199614
199616
199624
199625
199630
199633
199635
199643
199647
199659
199663
199668
199669
199675
199677
199690
199691
199694
199706
199728
199729
199735
199742
199769
199770
199771
199772
199782
199785
199793
199794
199798
199805
199808
199813
199818
199822
199828
199836
199838
199839
199840
199847
199848
199851
199853
199859
199861
199862
199863
199871
199881
199884
199885
199886
199888
199902
199904
199912
199917
199918
199919
199926
199931
199933
199941
199947
199948
199955
199962
199972
199974
199984
199990
199991
200015
200020
200030
200032
200034
200035
200040
200051
200055
200059
200060
200062
200070
200072
200076
200082
200088
200112
200113
200119
200122
200127
200128
200130
200145
200152
200154
200164
200168
200170
200173
200174
200184
200189
200190
200196
200203
200219
200225
200234
200237
200238
200241
200244
200250
200257
200259
200262
200263
200264
200265
200269
200274
200280
200281
200295
200297
200301
200317
200327
200330
200331
200332
200335
200337
200338
200343
200350
200353
200357
200359
200364
200369
200370
200374
200382
200385
200402
200405
200408
200411
200415
200420
200425
200429
200432
200456
200457
200468
200471
200472
200476
200481
200488
200489
200495
200509
200520
200521
200528
200529
200532
200536
200537
200548
200551
200555
200556
200561
200565
200574
200581
200582
200585
200586
200587
200589
200590
200594
200595
200597
200600
200605
200607
200615
200616
200617
200625
200626
200627
200633
200639
200650
200654
200658
200660
200661
200663
200665
200669
200673
200677
200685
200691
200702
200711
200712
200714
200716
200719
200721
200722
200724
200729
200749
200758
200759
200762
200766
200768
200771
200772
200780
200781
200785
200786
200791
200794
200796
200806
200810
200817
200833
200836
200840
200843
200845
200850
200852
200856
200866
200870
200871
200872
200880
200890
200898
200899
200905
200929
200937
200939
200940
200945
200946
200949
200951
200957
200968
200969
200978
200983
200988
200990
200996
201004
201005
201007
201008
201019
201027
201034
201038
201040
201051
201053
201066
201068
201082
201085
201087
201091
201093
201095
201109
201110
201113
201125
201126
201134
201148
201150
201151
201160
201161
201170
201171
201174
201177
201180
201183
201184
201187
201190
201200
201201
201204
201207
201220
201226
201229
201237
201243
201259
201262
201263
201277
201281
201286
201287
201303
201309
201310
201314
201325
201335
201342
201356
201358
201371
201376
201379
201405
201406
201411
201414
201424
201427
201429
201430
201438
201446
201452
201459
201460
201463
201471
201473
201474
201477
201480
201484
201486
201493
201494
201505
201508
201510
201512
201514
201519
201530
201545
201547
201552
201554
201555
201557
201559
201561
201566
201573
201591
201592
201594
201598
201604
201607
201626
201631
201634
201637
201644
201661
201664
201666
201670
201675
201680
201682
201699
201700
201701
201702
201705
201707
201708
201710
201711
201728
201729
201731
201743
201744
201749
201757
201758
201771
201778
201782
201785
201787
201796
201798
201799
201805
201820
201834
201835
201836
201846
201852
201859
201879
201882
201884
201887
201888
201890
201891
201895
201902
201917
201929
201933
201943
201948
201961
201965
201975
201976
201978
201993
201996
202002
202007
202013
202016
202017
202022
202026
202029
202031
202034
202040
202050
202052
202055
202057
202069
202074
202076
202085
202087
202103
202105
202107
202111
202117
202127
202130
202136
202141
202143
202147
202149
202153
202168
202170
202171
202175
202176
202177
202184
202185
202186
202192
202193
202203
202212
202217
202229
202232
202233
202235
202244
202245
202247
202261
202271
202272
202275
202278
202280
202284
202288
202290
202291
202297
202303
202311
202312
202315
202325
202330
202333
202335
202339
202342
202346
202351
202359
202360
202363
202365
202367
202370
202375
202380
202381
202384
202385
202388
202393
202400
202407
202416
202431
202432
202438
202439
202440
202441
202443
202449
202451
202453
202454
202459
202461
202462
202475
202477
202478
202483
202486
202487
202509
202512
202513
202514
202515
202516
202522
202524
202529
202532
202545
202546
202551
202561
202562
202569
202571
202575
202576
202579
202593
202599
202610
202616
202624
202628
202629
202632
202636
202639
202641
202642
202653
202654
202657
202662
202665
202667
202671
202675
202687
202688
202692
202694
202699
202700
202702
202704
202716
202717
202721
202724
202729
202731
202745
202750
202753
202755
202756
202757
202761
202773
202782
202811
202818
202824
202826
202827
202828
202831
202849
202850
202851
202854
202855
202858
202859
202860
202861
202867
202871
202874
202882
202883
202886
202897
202901
202911
202923
202925
202932
202934
202936
202944
202949
202955
202958
202965
202967
202968
202974
202978
202979
202983
202984
202985
202989
202991
202994
203006
203026
203028
203037
203039
203040
203049
203054
203056
203058
203063
203074
203076
203079
203081
203083
203088
203093
203096
203097
203103
203111
203116
203120
203127
203129
203135
203139
203143
203145
203150
203153
203169
203171
203176
203184
203186
203190
203195
203205
203223
203226
203229
203232
203238
203260
203261
203263
203267
203279
203280
203291
203297
203306
203307
203310
203311
203312
203324
203328
203330
203337
203346
203347
203352
203353
203355
203357
203358
203359
203361
203379
203380
203407
203415
203418
203419
203421
203431
203432
203438
203439
203444
203446
203450
203453
203458
203460
203461
203464
203465
203468
203472
203474
203482
203489
203500
203501
203502
203503
203509
203511
203516
203517
203518
203519
203524
203544
203550
203551
203554
203563
203568
203577
203578
203584
203606
203609
203611
203628
203629
203632
203638
203639
203641
203642
203645
203676
203677
203680
203689
203691
203693
203694
203697
203700
203705
203708
203712
203713
203714
203717
203724
203726
203730
203737
203741
203745
203751
203753
203760
203776
203779
203782
203783
203786
203788
203790
203791
203798
203801
203806
203810
203831
203832
203838
203840
203844
203847
203854
203855
203858
203865
203869
203882
203883
203885
203890
203893
203896
203901
203912
203917
203920
203927
203945
203948
203949
203951
203960
203962
203974
203975
203977
203981
203983
203995
204001
204002
204004
204010
204021
204024
204034
204038
204041
204044
204046
204047
204048
204059
204065
204071
204072
204073
204083
204084
204092
204096
204109
204116
204127
204141
204145
204153
204158
204159
204164
204167
204171
204177
204189
204191
204196
204200
204207
204212
204215
204218
204221
204240
204245
204259
204262
204296
204297
204301
204305
204311
204316
204317
204321
204325
204330
204336
204337
204345
204359
204365
204366
204367
204376
204377
204380
204388
204391
204393
204397
204402
204410
204411
204414
204417
204419
204420
204426
204427
204433
204434
204435
204440
204445
204455
204458
204465
204467
204471
204497
204503
204504
204509
204511
204514
204517
204520
204526
204540
204546
204549
204552
204553
204565
204566
204569
204575
204578
204586
204588
204591
204596
204600
204601
204610
204612
204615
204616
204623
204624
204625
204627
204629
204632
204634
204640
204641
204642
204644
204653
204678
204680
204682
204685
204687
204688
204690
204696
204701
204711
204720
204721
204722
204726
204740
204752
204756
204764
204770
204772
204777
204781
204793
204796
204798
204805
204810
204815
204830
204833
204848
204856
204875
204880
204886
204896
204906
204907
204913
204914
204918
204925
204927
204931
204932
204940
204946
204951
204957
204979
204980
204982
204984
204986
204991
204995
204999
205003
205004
205006
205009
205012
205020
205030
205046
205048
205050
205056
205058
205062
205067
205070
205080
205083
205084
205090
205096
205107
205121
205126
205133
205137
205144
205148
205151
205152
205156
205160
205162
205163
205164
205168
205173
205200
205204
205207
205213
205216
205228
205238
205242
205245
205262
205264
205265
205266
205268
205270
205274
205276
205278
205280
205282
205293
205302
205308
205314
205318
205319
205326
205329
205337
205342
205347
205349
205353
205357
205361
205365
205367
205377
205380
205386
205387
205388
205389
205390
205394
205395
205403
205407
205417
205429
205441
205443
205445
205446
205448
205450
205451
205455
205458
205459
205463
205465
205471
205472
205490
205491
205492
205493
205494
205497
205499
205502
205503
205504
205510
205520
205525
205526
205538
205539
205551
205556
205567
205568
205573
205578
205580
205588
205594
205597
205601
205604
205606
205607
205613
205614
205615
205622
205632
205634
205638
205651
205652
205657
205662
205664
205665
205672
205674
205675
205676
205677
205681
205687
205696
205712
205716
205719
205724
205731
205733
205741
205745
205758
205761
205767
205773
205784
205788
205794
205795
205800
205805
205806
205809
205810
205817
205822
205834
205835
205836
205837
205841
205842
205849
205853
205854
205856
205861
205862
205873
205881
205883
205889
205890
205901
205904
205915
205931
205939
205941
205945
205947
205954
205968
205975
205976
205983
205986
205992
205995
205999
206000
206006
206013
206016
206025
206035
206044
206045
206053
206058
206073
206075
206078
206087
206088
206097
206100
206113
206116
206121
206129
206130
206133
206135
206144
206153
206160
206165
206166
206167
206171
206172
206180
206184
206186
206189
206190
206198
206200
206201
206204
206218
206220
206221
206222
206223
206224
206226
206234
206245
206247
206250
206251
206252
206265
206267
206271
206273
206275
206283
206288
206289
206291
206292
206303
206307
206308
206314
206318
206319
206338
206340
206347
206348
206354
206356
206365
206372
206374
206380
206381
206385
206386
206404
206406
206434
206440
206449
206453
206456
206461
206462
206473
206481
206489
206493
206497
206499
206505
206507
206509
206520
206531
206532
206538
206541
206542
206543
206544
206546
206551
206554
206560
206561
206562
206566
206571
206580
206590
206603
206608
206611
206615
206619
206622
206626
206630
206636
206641
206643
206644
206650
206651
206653
206654
206663
206670
206674
206677
206693
206700
206701
206719
206720
206723
206738
206744
206753
206754
206759
206765
206768
206769
206784
206789
206790
206793
206800
206803
206805
206818
206825
206830
206831
206833
206835
206837
206844
206850
206853
206858
206861
206864
206866
206868
206879
206882
206888
206890
206893
206898
206899
206908
206915
206927
206928
206944
206950
206951
206958
206961
206968
206969
206970
206971
206983
206985
206986
206990
206999
207000
207004
207008
207013
207014
207016
207020
207026
207033
207042
207044
207045
207046
207055
207059
207062
207065
207066
207070
207071
207082
207086
207093
207095
207098
207105
207109
207111
207116
207119
207125
207140
207163
207165
207168
207171
207175
207179
207185
207186
207187
207188
207196
207199
207201
207208
207210
207215
207217
207220
207222
207226
207229
207230
207235
207251
207254
207257
207266
207268
207276
207278
207279
207284
207300
207302
207303
207308
207310
207312
207318
207327
207329
207336
207341
207345
207348
207349
207352
207353
207358
207360
207367
207382
207384
207388
207401
207421
207430
207439
207442
207447
207450
207458
207461
207463
207466
207468
207472
207473
207474
207478
207480
207482
207484
207491
207504
207507
207513
207515
207517
207522
207535
207536
207541
207543
207550
207556
207557
207558
207566
207568
207571
207573
207578
207579
207580
207604
207611
207623
207629
207638
207639
207648
207649
207650
207663
207667
207668
207672
207673
207681
207682
207685
207686
207693
207697
207698
207714
207721
207722
207723
207728
207741
207743
207744
207759
207763
207772
207777
207791
207793
207800
207824
207831
207835
207847
207848
207852
207854
207861
207864
207867
207873
207876
207878
207879
207880
207881
207883
207887
207890
207901
207906
207908
207910
207916
207921
207924
207931
207940
207942
207947
207956
207957
207962
207975
207986
207991
207996
208004
208006
208020
208022
208026
208029
208034
208039
208044
208045
208047
208052
208053
208058
208067
208068
208070
208074
208076
208086
208087
208089
208096
208097
208100
208107
208116
208121
208125
208128
208129
208132
208133
208152
208161
208166
208170
208172
208178
208184
208192
208202
208205
208216
208226
208229
208238
208248
208249
208252
208254
208255
208257
208261
208268
208270
208271
208276
208291
208296
208297
208300
208301
208310
208317
208318
208323
208328
208332
208335
208336
208337
208339
208343
208348
208355
208359
208368
208369
208380
208383
208397
208401
208403
208409
208419
208420
208428
208434
208442
208444
208446
208447
208453
208455
208467
208472
208474
208479
208487
208488
208491
208494
208499
208502
208503
208505
208507
208512
208532
208536
208537
208547
208549
208552
208556
208558
208559
208560
208563
208570
208579
208590
208592
208602
208611
208612
208614
208616
208629
208630
208631
208643
208645
208649
208651
208656
208673
208677
208681
208682
208687
208691
208703
208707
208711
208716
208717
208718
208728
208733
208734
208737
208740
208743
208751
208754
208756
208758
208759
208761
208770
208774
208785
208788
208790
208791
208794
208797
208802
208803
208805
208812
208823
208824
208834
208836
208841
208848
208854
208864
208865
208872
208877
208878
208886
208889
208890
208898
208911
208914
208915
208916
208917
208918
208925
208928
208930
208940
208944
208964
208984
208987
208993
208994
208996
208997
209003
209004
209009
209010
209012
209014
209016
209054
209062
209068
209073
209074
209080
209085
209087
209097
209100
209104
209105
209111
209116
209118
209129
209140
209141
209145
209165
209166
209168
209172
209177
209184
209189
209190
209191
209196
209200
209201
209206
209208
209210
209211
209213
209219
209225
209232
209234
209235
209251
209252
209253
209256
209258
209259
209272
209276
209277
209281
209289
209300
209303
209307
209309
209310
209315
209330
209334
209354
209355
209357
209361
209367
209368
209369
209370
209375
209390
209394
209401
209404
209405
209412
209417
209423
209443
209444
209449
209454
209463
209470
209486
209496
209510
209513
209515
209519
209526
209527
209531
209539
209542
209544
209546
209550
209558
209565
209572
209579
209591
209600
209602
209604
209621
209624
209625
209635
209637
209639
209640
209641
209643
209648
209653
209658
209660
209693
209694
209695
209697
209705
209707
209728
209733
209735
209738
209739
209747
209748
209758
209759
209769
209770
209775
209778
209783
209789
209800
209806
209807
209820
209827
209828
209829
209837
209862
209887
209892
209896
209897
209898
209908
209909
209911
209914
209917
209922
209923
209927
209931
209940
209945
209948
209953
209961
209965
209971
209974
209975
209981
209982
209987
209993
209994
209998
210007
210008
210020
210028
210034
210047
210052
210057
210062
210064
210067
210073
210074
210077
210078
210083
210096
210099
210101
210106
210111
210116
210117
210126
210143
210159
210173
210177
210179
210188
210198
210207
210215
210223
210234
210235
210236
210241
210249
210262
210270
210273
210279
210286
210297
210311
210317
210320
210328
210329
210337
210339
210341
210343
210347
210348
210353
210359
210368
210382
210384
210390
210392
210393
210394
210404
210407
210430
210431
210432
210436
210440
210446
210447
210449
210451
210452
210453
210457
210464
210471
210475
210479
210480
210482
210483
210485
210486
210493
210497
210499
210513
210516
210519
210536
210544
210547
210549
210551
210557
210560
210566
210568
210569
210575
210585
210586
210587
210589
210590
210593
210596
210598
210601
210603
210605
210612
210613
210614
210615
210616
210617
210627
210632
210633
210644
210648
210649
210652
210655
210656
210668
210670
210677
210678
210683
210687
210693
210696
210703
210711
210713
210718
210720
210724
210731
210735
210741
210745
210748
210753
210762
210776
210780
210786
210789
210794
210795
210796
210797
210799
210804
210810
210814
210816
210820
210830
210842
210847
210873
210874
210888
210889
210896
210902
210913
210925
210930
210942
210945
210946
210948
210965
210972
210974
210985
210990
211001
211006
211008
211013
211014
211020
211021
211029
211038
211043
211044
211048
211056
211059
211062
211067
211072
211076
211078
211080
211081
211083
211092
211096
211099
211100
211106
211111
211112
211132
211139
211143
211144
211147
211148
211155
211160
211162
211166
211168
211173
211183
211187
211199
211206
211209
211216
211217
211219
211220
211224
211226
211228
211233
211239
211240
211241
211244
211249
211250
211252
211253
211256
211261
211262
211267
211270
211284
211285
211287
211297
211299
211307
211311
211313
211315
211318
211321
211323
211325
211330
211345
211346
211349
211363
211365
211371
211372
211373
211376
211377
211378
211388
211390
211392
211398
211401
211408
211413
211415
211436
211437
211439
211448
211452
211462
211467
211469
211470
211476
211477
211483
211484
211498
211499
211502
211507
211516
211519
211525
211532
211534
211535
211536
211539
211540
211546
211549
211551
211554
211555
211557
211564
211565
211576
211578
211583
211584
211586
211594
211598
211599
211615
211617
211623
211624
211626
211628
211630
211642
211643
211644
211651
211653
211658
211662
211667
211675
211681
211682
211683
211687
211691
211694
211696
211697
211706
211707
211725
211728
211730
211731
211737
211738
211740
211743
211748
211750
211754
211758
211761
211764
211768
211770
211779
211781
211782
211784
211817
211832
211835
211836
211837
211844
211849
211855
211857
211859
211863
211864
211867
211872
211873
211877
211883
211888
211890
211894
211900
211901
211905
211910
211912
211916
211920
211921
211928
211930
211931
211936
211944
211952
211954
211961
211964
211969
211973
211975
211977
211983
211984
211985
211988
211994
211996
211997
212001
212009
212011
212013
212014
212017
212021
212026
212032
212049
212051
212067
212069
212075
212076
212080
212090
212091
212093
212098
212106
212108
212114
212132
212148
212149
212158
212159
212161
212166
212172
212184
212188
212194
212197
212202
212207
212210
212211
212213
212231
212238
212244
212252
212253
212259
212263
212264
212269
212270
212273
212277
212281
212283
212295
212297
212304
212307
212309
212319
212321
212325
212332
212335
212363
212364
212370
212375
212378
212381
212382
212399
212401
212403
212404
212423
212424
212427
212430
212437
212441
212442
212444
212447
212451
212453
212457
212459
212462
212466
212468
212477
212479
212483
212485
212489
212492
212497
212501
212502
212504
212513
212517
212518
212521
212524
212527
212531
212536
212540
212560
212574
212582
212583
212586
212587
212594
212596
212597
212603
212606
212616
212618
212624
212630
212634
212636
212640
212641
212642
212659
212665
212675
212683
212688
212693
212694
212695
212696
212698
212711
212716
212719
212723
212729
212732
212734
212746
212758
212763
212768
212770
212777
212778
212780
212781
212783
212796
212798
212799
212801
212805
212806
212809
212822
212838
212839
212842
212843
212851
212853
212855
212858
212859
212864
212867
212873
212874
212875
212878
212883
212886
212893
212895
212900
212901
212933
212935
212939
212941
212942
212965
212973
212974
212982
212983
212985
212986
212987
212989
212993
213000
213010
213016
213017
213024
213025
213028
213030
213033
213038
213044
213055
213058
213062
213065
213068
213073
213079
213082
213085
213095
213104
213109
213113
213118
213119
213130
213134
213135
213138
213159
213160
213166
213168
213178
213183
213184
213196
213199
213204
213209
213211
213216
213218
213230
213234
213236
213240
213249
213253
213255
213273
213277
213278
213279
213283
213290
213296
213297
213305
213308
213320
213331
213356
213360
213375
213385
213386
213390
213391
213393
213399
213400
213404
213409
213428
213430
213433
213440
213441
213445
213447
213449
213452
213457
213464
213466
213467
213473
213476
213493
213499
213501
213504
213513
213516
213520
213523
213525
213532
213534
213535
213539
213544
213546
213551
213558
213564
213565
213569
213570
213571
213577
213580
213581
213589
213602
213610
213615
213616
213638
213639
213654
213657
213658
213660
213661
213662
213663
213664
213665
213668
213670
213672
213675
213680
213686
213689
213690
213694
213698
213701
213713
213714
213718
213722
213723
213725
213741
213747
213751
213763
213764
213765
213771
213773
213775
213781
213783
213791
213795
213801
213803
213805
213813
213826
213827
213834
213835
213842
213844
213852
213859
213876
213886
213888
213891
213892
213893
213894
213901
213903
213906
213920
213924
213938
213939
213941
213948
213958
213962
213968
213971
213972
213977
213984
213985
213987
213993
213995
214008
214010
214011
214018
214020
214022
214025
214026
214028
214035
214036
214041
214042
214043
214045
214046
214048
214062
214064
214068
214073
214089
214091
214094
214095
214097
214105
214112
214113
214115
214116
214118
214125
214129
214130
214131
214135
214138
214158
214163
214171
214177
214184
214187
214190
214192
214198
214199
214206
214216
214230
214231
214233
214234
214239
214247
214249
214251
214258
214261
214263
214265
214267
214281
214291
214292
214302
214304
214306
214309
214311
214317
214320
214327
214330
214337
214338
214340
214355
214359
214362
214366
214374
214384
214385
214392
214393
214396
214399
214405
214408
214415
214416
214417
214421
214426
214431
214436
214438
214457
214460
214461
214468
214494
214497
214509
214510
214516
214519
214525
214527
214531
214535
214537
214541
214547
214557
214570
214576
214577
214579
214584
214589
214614
214616
214621
214625
214627
214628
214629
214635
214637
214640
214649
214651
214662
214667
214676
214679
214683
214686
214687
214699
214703
214705
214707
214711
214713
214719
214724
214729
214731
214734
214737
214743
214749
214758
214769
214770
214772
214773
214782
214788
214789
214790
214793
214798
214812
214818
214825
214837
214838
214844
214848
214850
214851
214855
214862
214870
214873
214877
214879
214880
214891
214892
214896
214900
214903
214906
214916
214920
214924
214928
214934
214940
214941
214943
214944
214946
214950
214951
214952
214961
214962
214963
214968
214969
214979
214980
214984
214986
214991
215008
215009
215010
215014
215015
215017
215021
215027
215034
215039
215044
215046
215048
215049
215051
215053
215057
215060
215076
215077
215080
215083
215090
215094
215095
215098
215106
215114
215116
215125
215135
215138
215140
215144
215149
215151
215152
215154
215156
215157
215159
215161
215169
215175
215190
215192
215201
215202
215204
215205
215207
215209
215212
215215
215226
215252
215253
215257
215262
215263
215266
215268
215279
215287
215289
215299
215301
215303
215306
215307
215309
215314
215318
215319
215336
215337
215341
215343
215361
215362
215371
215373
215375
215381
215386
215388
215398
215402
215409
215413
215417
215422
215439
215450
215452
215455
215460
215480
215483
215493
215496
215499
215508
215511
215513
215515
215516
215520
215523
215533
215544
215552
215553
215559
215561
215569
215575
215585
215587
215590
215593
215604
215610
215617
215618
215621
215628
215629
215643
215648
215663
215664
215665
215672
215683
215696
215699
215707
215710
215712
215715
215720
215731
215737
215742
215748
215753
215765
215768
215784
215791
215792
215793
215796
215803
215813
215820
215825
215827
215830
215835
215849
215850
215851
215856
215859
215864
215865
215876
215881
215882
215888
215892
215902
215908
215911
215916
215919
215924
215926
215928
215936
215938
215948
215949
215965
215966
215968
215973
215974
215975
215978
215980
215984
215986
215989
215990
215991
215993
215995
216003
216008
216009
216016
216017
216024
216027
216029
216041
216043
216044
216045
216046
216047
216050
216051
216056
216058
216062
216063
216065
216066
216082
216086
216088
216092
216093
216095
216109
216113
216118
216121
216125
216131
216132
216133
216138
216139
216147
216151
216155
216156
216157
216158
216159
216160
216163
216165
216167
216173
216174
216180
216182
216183
216187
216189
216190
216192
216195
216207
216211
216215
216220
216233
216244
216247
216249
216260
216262
216267
216272
216278
216282
216292
216295
216296
216310
216311
216324
216325
216327
216332
216337
216339
216346
216357
216365
216368
216374
216380
216383
216384
216385
216391
216396
216398
216409
216410
216415
216417
216424
216429
216430
216437
216442
216446
216450
216461
216475
216476
216486
216487
216492
216494
216498
216502
216503
216504
216509
216519
216525
216526
216532
216534
216544
216550
216554
216559
216561
216563
216565
216572
216575
216576
216578
216580
216587
216590
216597
216598
216609
216610
216612
216629
216630
216634
216637
216638
216640
216645
216648
216652
216653
216657
216666
216671
216675
216677
216681
216689
216696
216698
216713
216714
216718
216726
216730
216735
216738
216740
216746
216766
216771
216778
216785
216786
216791
216798
216803
216804
216824
216830
216831
216834
216835
216840
216844
216845
216848
216850
216851
216853
216891
216895
216912
216918
216926
216929
216932
216937
216945
216948
216949
216954
216972
216980
216982
216996
217008
217011
217012
217022
217025
217033
217038
217044
217046
217047
217052
217057
217062
217064
217065
217068
217069
217070
217071
217072
217076
217077
217079
217082
217086
217089
217090
217092
217117
217120
217123
217125
217129
217161
217168
217188
217191
217196
217197
217198
217204
217206
217214
217218
217225
217228
217232
217242
217249
217255
217257
217266
217273
217274
217284
217292
217293
217307
217309
217314
217320
217328
217332
217335
217343
217355
217362
217366
217369
217376
217379
217380
217384
217401
217404
217409
217410
217414
217415
217418
217426
217427
217441
217449
217456
217457
217460
217480
217486
217489
217496
217500
217501
217508
217511
217512
217513
217518
217524
217525
217539
217540
217543
217545
217549
217557
217558
217564
217571
217572
217577
217582
217583
217584
217585
217586
217588
217589
217595
217598
217601
217607
217610
217611
217614
217615
217620
217622
217624
217635
217642
217645
217646
217647
217650
217651
217654
217655
217656
217657
217659
217662
217667
217668
217671
217672
217679
217680
217683
217686
217692
217693
217701
217703
217704
217709
217710
217714
217720
217725
217729
217731
217748
217751
217752
217754
217763
217770
217772
217787
217793
217798
217802
217806
217822
217830
217833
217835
217841
217843
217850
217852
217868
217879
217882
217883
217885
217896
217906
217917
217919
217925
217926
217935
217945
217951
217955
217957
217968
217970
217973
217976
217977
217983
217986
217996
217997
218007
218009
218014
218027
218031
218032
218037
218039
218043
218044
218045
218049
218052
218054
218056
218059
218061
218066
218075
218086
218089
218091
218107
218111
218117
218120
218124
218137
218141
218144
218162
218169
218177
218179
218191
218193
218195
218201
218211
218212
218215
218218
218221
218224
218228
218230
218237
218247
218255
218270
218275
218282
218283
218284
218287
218300
218313
218318
218319
218323
218333
218337
218340
218346
218347
218348
218351
218356
218360
218363
218367
218373
218374
218376
218381
218383
218386
218389
218417
218428
218431
218434
218435
218436
218451
218456
218462
218480
218490
218491
218493
218496
218504
218506
218519
218520
218536
218538
218539
218541
218546
218548
218553
218561
218564
218569
218572
218576
218577
218582
218592
218598
218613
218617
218621
218626
218628
218630
218632
218636
218653
218658
218660
218662
218665
218668
218669
218680
218681
218682
218683
218685
218688
218695
218697
218698
218704
218729
218731
218735
218741
218746
218749
218754
218775
218784
218789
218798
218800
218801
218802
218804
218806
218808
218815
218816
218820
218822
218824
218826
218827
218829
218831
218836
218838
218839
218842
218843
218848
218853
218857
218858
218871
218872
218877
218878
218883
218886
218895
218897
218900
218905
218909
218910
218914
218915
218920
218924
218930
218932
218935
218943
218945
218949
218951
218963
218965
218971
218979
218982
218984
218992
218996
218997
218998
218999
219002
219014
219015
219017
219018
219022
219035
219036
219037
219044
219050
219053
219057
219058
219063
219089
219093
219097
219099
219103
219107
219127
219128
219130
219133
219136
219138
219146
219153
219159
219164
219166
219169
219170
219171
219172
219190
219194
219206
219209
219215
219223
219229
219233
219235
219241
219243
219248
219259
219280
219282
219284
219286
219298
219309
219311
219317
219318
219323
219324
219335
219336
219339
219343
219348
219355
219357
219358
219361
219362
219368
219374
219375
219377
219382
219387
219409
219414
219418
219419
219422
219429
219434
219436
219437
219438
219441
219447
219460
219472
219478
219484
219486
219496
219504
219505
219508
219511
219512
219515
219516
219523
219525
219527
219528
219538
219548
219550
219562
219564
219566
219567
219568
219570
219575
219577
219578
219581
219583
219585
219587
219592
219596
219597
219603
219605
219609
219611
219621
219626
219632
219635
219643
219650
219660
219680
219687
219690
219692
219694
219702
219704
219705
219712
219717
219718
219719
219721
219734
219740
219751
219752
219755
219758
219764
219767
219770
219782
219785
219791
219795
219798
219803
219809
219814
219815
219822
219833
219839
219840
219841
219842
219848
219851
219861
219868
219871
219882
219888
219890
219897
219907
219912
219929
219935
219949
219959
219967
219971
219976
219980
219993
219996
219997
220002
220008
220017
220025
220030
220034
220036
220039
220040
220044
220047
220054
220055
220058
220059
220061
220063
220068
220072
220074
220075
220079
220094
220101
220102
220105
220110
220114
220124
220128
220132
220139
220140
220141
220143
220153
220159
220163
220173
220177
220180
220194
220200
220201
220203
220211
220213
220218
220232
220233
220247
220249
220251
220256
220266
220269
220270
220271
220278
220280
220288
220294
220295
220298
220300
220305
220307
220314
220316
220318
220319
220324
220327
220339
220340
220341
220348
220354
220356
220357
220358
220363
220370
220372
220375
220376
220382
220383
220387
220390
220402
220404
220406
220416
220421
220423
220428
220438
220443
220445
220450
220455
220456
220463
220464
220465
220481
220485
220486
220491
220493
220495
220496
220503
220511
220513
220516
220519
220521
220531
220538
220544
220546
220547
220548
220551
220552
220554
220561
220564
220580
220583
220586
220589
220592
220598
220599
220606
220610
220613
220614
220618
220620
220629
220633
220640
220658
220660
220661
220669
220673
220679
220681
220688
220690
220693
220702
220714
220716
220717
220720
220725
220730
220732
220734
220746
220759
220761
220764
220765
220781
220783
220784
220785
220796
220797
220801
220804
220812
220813
220814
220817
220823
220825
220829
220841
220843
220844
220848
220850
220856
220857
220867
220883
220885
220887
220906
220908
220910
220911
220914
220927
220935
220941
220946
220947
220952
220963
220974
220975
220979
220981
220988
220990
221000
221004
221005
221008
221011
221013
221025
221028
221032
221035
221047
221052
221068
221070
221079
221088
221096
221097
221100
221104
221108
221121
221125
221131
221136
221139
221144
221155
221167
221168
221173
221176
221178
221181
221184
221189
221192
221199
221201
221204
221211
221220
221221
221222
221223
221226
221232
221233
221241
221243
221246
221249
221250
221257
221258
221270
221274
221276
221281
221283
221285
221293
221295
221297
221305
221308
221309
221310
221311
221318
221329
221343
221351
221352
221354
221357
221372
221384
221386
221405
221406
221414
221426
221428
221432
221444
221446
221448
221452
221454
221461
221462
221464
221467
221481
221488
221494
221496
221501
221507
221514
221517
221528
221535
221539
221548
221554
221561
221566
221569
221571
221577
221580
221584
221585
221586
221589
221595
221602
221613
221621
221622
221635
221638
221651
221655
221656
221667
221670
221671
221675
221679
221680
221683
221687
221690
221698
221716
221718
221723
221725
221728
221732
221738
221740
221750
221751
221752
221757
221759
221764
221765
221766
221777
221778
221781
221783
221788
221789
221791
221795
221801
221813
221820
221836
221838
221840
221842
221857
221861
221871
221875
221880
221882
221883
221885
221894
221895
221899
221902
221908
221914
221916
221919
221920
221922
221923
221931
221932
221944
221945
221946
221947
221952
221957
221958
221961
221967
221974
221975
221979
221988
221993
221999
222000
222002
222023
222024
222025
222027
222028
222034
222037
222040
222045
222051
222052
222053
222054
222058
222059
222063
222064
222068
222071
222072
222073
222076
222082
222084
222087
222097
222099
222106
222113
222121
222135
222144
222148
222151
222153
222156
222159
222175
222183
222193
222197
222199
222203
222204
222210
222222
222224
222225
222231
222247
222256
222261
222283
222285
222291
222296
222300
222301
222303
222305
222306
222310
222312
222315
222328
222332
222335
222343
222352
222353
222358
222359
222372
222380
222381
222385
222386
222389
222405
222415
222417
222424
222437
222450
222451
222453
222454
222472
222479
222480
222491
222504
222506
222522
222525
222526
222532
222538
222545
222546
222555
222559
222562
222563
222574
222579
222586
222587
222605
222611
222617
222619
222620
222622
222625
222627
222634
222653
222662
222665
222672
222673
222676
222684
222686
222687
222690
222692
222695
222697
222701
222703
222704
222706
222709
222710
222720
222721
222723
222735
222737
222744
222750
222752
222755
222758
222759
222761
222763
222765
222766
222772
222775
222782
222788
222789
222794
222796
222798
222801
222802
222803
222810
222827
222834
222838
222844
222851
222853
222857
222858
222865
222883
222886
222892
222918
222921
222923
222927
222931
222932
222934
222936
222945
222958
222959
222962
222966
222983
222995
222997
222998
222999
223012
223013
223023
223028
223030
223033
223035
223038
223041
223045
223052
223060
223062
223065
223069
223072
223075
223076
223077
223082
223083
223097
223100
223101
223109
223111
223112
223124
223125
223128
223133
223149
223155
223160
223161
223181
223198
223200
223209
223215
223216
223219
223224
223225
223228
223232
223236
223239
223242
223244
223246
223255
223256
223259
223270
223280
223285
223290
223292
223298
223299
223308
223309
223313
223324
223326
223329
223340
223342
223347
223349
223356
223365
223366
223371
223380
223384
223387
223394
223395
223399
223405
223406
223416
223417
223421
223439
223445
223464
223475
223479
223480
223489
223490
223491
223493
223494
223495
223506
223508
223509
223510
223513
223514
223526
223528
223534
223543
223548
223554
223555
223561
223564
223565
223575
223581
223587
223588
223592
223595
223605
223607
223620
223624
223630
223640
223646
223647
223651
223654
223656
223658
223661
223664
223669
223672
223676
223678
223680
223683
223690
223693
223694
223710
223716
223720
223726
223729
223731
223741
223745
223748
223752
223756
223766
223770
223777
223779
223782
223802
223804
223806
223809
223815
223819
223821
223824
223827
223829
223832
223847
223849
223851
223854
223862
223863
223878
223881
223883
223887
223891
223892
223894
223896
223897
223899
223901
223903
223911
223927
223934
223938
223946
223947
223959
223963
223969
223982
223986
223988
223990
223997
223999
224001
224016
224018
224035
224036
224040
224042
224046
224052
224054
224056
224065
224074
224084
224088
224104
224110
224112
224114
224124
224125
224130
224140
224150
224161
224167
224174
224176
224189
224196
224208
224217
224221
224230
224236
224238
224255
224264
224266
224268
224274
224279
224283
224284
224288
224291
224292
224294
224295
224298
224304
224305
224306
224309
224311
224314
224315
224320
224326
224328
224335
224336
224356
224364
224371
224376
224387
224390
224392
224394
224399
224404
224412
224415
224418
224425
224427
224434
224436
224451
224459
224463
224470
224476
224477
224479
224485
224487
224509
224515
224525
224528
224530
224531
224535
224538
224540
224545
224549
224564
224565
224575
224580
224581
224584
224585
224592
224594
224597
224605
224615
224620
224628
224631
224632
224642
224648
224653
224654
224659
224660
224664
224666
224674
224675
224676
224678
224685
224687
224691
224695
224697
224698
224702
224712
224713
224714
224717
224728
224731
224732
224733
224735
224737
224740
224747
224752
224754
224761
224763
224765
224767
224771
224776
224777
224785
224788
224792
224794
224798
224799
224813
224819
224824
224827
224828
224830
224834
224841
224855
224856
224858
224866
224874
224881
224885
224887
224895
224902
224909
224912
224918
224923
224929
224931
224934
224936
224943
224947
224949
224957
224974
224980
224984
224987
224999
225002
225008
225010
225016
225021
225024
225025
225028
225039
225040
225042
225047
225050
225053
225054
225057
225059
225062
225070
225075
225077
225080
225082
225083
225085
225086
225091
225092
225100
225106
225112
225113
225114
225119
225120
225123
225128
225129
225130
225141
225144
225145
225148
225151
225153
225155
225160
225166
225170
225174
225176
225180
225189
225203
225208
225213
225215
225228
225234
225241
225242
225249
225251
225253
225261
225262
225264
225273
225281
225283
225285
225297
225312
225314
225320
225324
225328
225333
225336
225340
225343
225345
225350
225353
225354
225355
225357
225358
225360
225363
225366
225367
225373
225384
225387
225389
225392
225404
225405
225407
225410
225414
225419
225421
225423
225428
225431
225435
225437
225444
225452
225455
225458
225460
225462
225466
225478
225480
225497
225501
225502
225503
225506
225508
225523
225530
225531
225534
225537
225538
225540
225543
225549
225555
225562
225567
225570
225572
225577
225580
225586
225587
225598
225600
225602
225603
225606
225617
225620
225621
225622
225626
225628
225629
225630
225636
225638
225640
225645
225646
225650
225651
225652
225654
225658
225662
225665
225668
225672
225680
225687
225701
225709
225711
225712
225717
225718
225721
225722
225723
225730
225734
225737
225740
225743
225744
225745
225750
225756
225759
225768
225769
225774
225779
225783
225787
225788
225789
225790
225791
225797
225799
225805
225824
225838
225840
225849
225861
225870
225872
225876
225883
225890
225893
225897
225898
225902
225905
225906
225914
225916
225936
225938
225942
225943
225945
225950
225955
225956
225973
225985
225989
225991
225993
225994
226012
226021
226025
226033
226034
226046
226049
226059
226063
226066
226070
226073
226075
226083
226089
226095
226104
226107
226109
226114
226115
226131
226138
226139
226154
226155
226159
226161
226164
226165
226173
226174
226175
226179
226183
226194
226195
226196
226201
226203
226204
226208
226210
226223
226226
226229
226230
226232
226239
226241
226242
226248
226252
226253
226254
226259
226262
226269
226273
226275
226286
226289
226291
226292
226293
226294
226299
226305
226314
226325
226328
226329
226331
226336
226338
226339
226342
226351
226361
226364
226368
226369
226372
226375
226376
226380
226383
226385
226403
226406
226413
226419
226427
226429
226433
226440
226454
226455
226478
226479
226483
226488
226493
226496
226498
226514
226519
226524
226527
226528
226529
226530
226532
226537
226549
226555
226562
226564
226565
226567
226570
226576
226587
226589
226590
226591
226595
226597
226601
226602
226604
226611
226614
226616
226620
226625
226630
226635
226647
226652
226654
226660
226669
226671
226674
226675
226677
226678
226687
226688
226702
226705
226707
226709
226711
226712
226713
226719
226725
226729
226730
226732
226735
226739
226741
226748
226751
226753
226759
226760
226763
226766
226770
226775
226781
226782
226787
226796
226799
226800
226802
226804
226805
226806
226807
226809
226814
226820
226822
226832
226835
226846
226847
226848
226852
226855
226861
226870
226874
226881
226884
226886
226896
226898
226906
226925
226930
226939
226946
226956
226957
226958
226959
226960
226963
226970
226972
226973
226976
226987
226989
227002
227009
227010
227030
227031
227039
227046
227047
227049
227057
227058
227065
227079
227090
227093
227094
227095
227096
227097
227098
227099
227100
227101
227108
227110
227116
227126
227128
227129
227131
227139
227140
227143
227145
227146
227147
227152
227154
227160
227167
227169
227170
227174
227176
227181
227183
227184
227186
227189
227196
227201
227202
227222
227237
227238
227239
227243
227248
227249
227258
227267
227269
227270
227272
227278
227281
227285
227288
227293
227295
227296
227297
227305
227309
227323
227326
227327
227330
227332
227337
227343
227347
227351
227368
227375
227377
227380
227384
227392
227399
227402
227403
227411
227418
227421
227425
227426
227438
227443
227444
227449
227458
227460
227466
227475
227476
227486
227498
227502
227503
227505
227506
227510
227513
227522
227523
227527
227529
227533
227537
227544
227547
227549
227550
227561
227562
227564
227565
227569
227577
227580
227593
227595
227603
227609
227611
227615
227616
227620
227623
227626
227630
227632
227638
227655
227667
227675
227685
227687
227696
227701
227707
227711
227714
227717
227722
227724
227727
227735
227746
227754
227762
227764
227766
227772
227773
227775
227776
227778
227780
227786
227787
227790
227797
227804
227811
227816
227817
227818
227821
227832
227840
227844
227847
227852
227853
227864
227870
227875
227878
227888
227893
227900
227908
227912
227913
227915
227923
227940
227949
227950
227954
227955
227957
227958
227959
227973
227988
227992
227993
227994
227995
228001
228003
228008
228021
228024
228032
228034
228038
228042
228044
228050
228057
228059
228069
228074
228076
228096
228100
228113
228122
228123
228130
228142
228149
228151
228161
228165
228166
228170
228171
228174
228176
228194
228199
228208
228219
228228
228233
228235
228237
228250
228251
228254
228255
228262
228266
228279
228283
228285
228286
228287
228295
228298
228299
228311
228321
228322
228324
228347
228348
228356
228363
228366
228373
228374
228378
228380
228386
228389
228392
228402
228403
228404
228408
228410
228421
228423
228424
228426
228431
228433
228436
228450
228461
228472
228474
228475
228482
228485
228490
228502
228506
228507
228511
228525
228537
228539
228540
228541
228554
228555
228556
228565
228573
228580
228581
228584
228585
228588
228592
228594
228600
228609
228611
228628
228629
228631
228672
228674
228677
228678
228680
228684
228685
228687
228698
228700
228703
228704
228707
228712
228720
228727
228730
228738
228742
228750
228756
228759
228761
228769
228771
228774
228778
228786
228791
228795
228801
228805
228810
228816
228817
228823
228825
228827
228830
228836
228837
228838
228843
228863
228866
228877
228878
228883
228887
228891
228896
228902
228905
228908
228916
228918
228919
228921
228928
228931
228933
228937
228954
228956
228965
228969
228973
228974
228977
228978
228979
228986
228988
228990
228991
229001
229004
229005
229014
229019
229032
229036
229038
229039
229042
229045
229049
229064
229075
229078
229088
229092
229098
229111
229115
229116
229118
229132
229136
229139
229142
229145
229152
229154
229158
229159
229160
229165
229172
229176
229180
229198
229209
229210
229212
229213
229216
229226
229234
229242
229249
229253
229254
229257
229264
229270
229274
229281
229282
229283
229284
229286
229296
229299
229300
229301
229308
229309
229318
229319
229322
229328
229333
229334
229336
229340
229342
229345
229370
229372
229388
229395
229397
229401
229415
229418
229421
229422
229429
229431
229433
229436
229437
229441
229453
229456
229461
229463
229480
229490
229491
229493
229497
229504
229507
229508
229526
229527
229533
229539
229541
229544
229556
229566
229572
229574
229578
229584
229593
229594
229595
229599
229613
229621
229625
229634
229637
229640
229643
229645
229648
229663
229680
229696
229708
229715
229716
229718
229729
229740
229744
229755
229756
229760
229765
229767
229779
229783
229792
229802
229804
229806
229809
229810
229814
229817
229825
229830
229836
229839
229845
229847
229858
229860
229875
229881
229885
229893
229894
229895
229898
229902
229907
229931
229934
229935
229938
229944
229946
229948
229952
229953
229954
229956
229958
229964
229967
229975
229979
229982
230001
230002
230006
230007
230009
230010
230013
230021
230023
230031
230035
230045
230046
230049
230051
230052
230054
230055
230059
230060
230062
230064
230069
230082
230085
230088
230099
230109
230118
230123
230128
230130
230131
230132
230134
230135
230139
230140
230142
230149
230160
230161
230162
230171
230184
230188
230190
230192
230203
230210
230215
230220
230221
230232
230236
230238
230244
230249
230252
230258
230259
230261
230263
230265
230272
230279
230283
230290
230300
230306
230310
230315
230316
230323
230330
230334
230337
230344
230346
230354
230357
230358
230361
230365
230369
230376
230380
230381
230385
230386
230393
230399
230400
230403
230408
230410
230442
230443
230445
230446
230459
230460
230461
230482
230483
230492
230496
230501
230507
230508
230509
230515
230516
230517
230518
230519
230530
230532
230544
230546
230548
230552
230554
230570
230573
230578
230584
230589
230592
230594
230595
230600
230612
230614
230621
230623
230624
230628
230642
230650
230663
230669
230671
230672
230678
230679
230690
230697
230701
230703
230705
230708
230709
230712
230713
230739
230741
230745
230749
230759
230761
230764
230766
230772
230774
230775
230794
230802
230813
230814
230816
230817
230820
230821
230837
230841
230845
230846
230850
230853
230854
230863
230874
230880
230881
230885
230889
230898
230900
230902
230905
230906
230909
230913
230916
230924
230933
230934
230942
230955
230959
230964
230965
230968
230977
230985
230986
230989
230990
231002
231011
231014
231017
231024
231034
231035
231040
231048
231058
231067
231069
231072
231082
231085
231086
231089
231090
231096
231103
231106
231112
231115
231118
231122
231124
231132
231139
231142
231149
231159
231165
231169
231171
231172
231186
231201
231208
231210
231215
231216
231217
231218
231225
231239
231244
231246
231258
231274
231277
231279
231280
231288
231292
231293
231295
231296
231301
231303
231329
231330
231332
231334
231336
231345
231361
231363
231364
231365
231370
231373
231383
231387
231391
231394
231397
231404
231406
231416
231418
231419
231425
231428
231430
231431
231436
231446
231457
231464
231471
231473
231475
231478
231482
231483
231485
231491
231493
231495
231497
231500
231505
231508
231509
231511
231522
231525
231530
231532
231537
231543
231546
231548
231550
231553
231557
231563
231570
231572
231573
231576
231583
231584
231586
231590
231598
231599
231602
231604
231605
231610
231615
231621
231627
231629
231631
231632
231636
231642
231644
231648
231654
231665
231668
231672
231678
231679
231690
231727
231735
231736
231739
231742
231749
231753
231768
231773
231775
231777
231786
231798
231804
231805
231806
231824
231828
231834
231835
231837
231848
231849
231854
231858
231864
231865
231874
231876
231885
231888
231893
231896
231904
231914
231915
231917
231920
231927
231930
231931
231933
231939
231943
231946
231948
231954
231958
231960
231969
231970
231976
231977
231981
231986
231988
231989
231991
231992
231997
232001
232004
232009
232011
232012
232013
232021
232022
232026
232028
232030
232032
232043
232054
232055
232056
232060
232065
232068
232069
232073
232084
232091
232105
232106
232110
232118
232121
232123
232124
232125
232127
232132
232140
232143
232144
232145
232150
232151
232153
232162
232172
232175
232176
232184
232186
232192
232200
232211
232216
232221
232224
232225
232226
232227
232230
232231
232236
232244
232250
232253
232256
232257
232260
232275
232277
232278
232279
232282
232292
232295
232299
232301
232305
232308
232309
232313
232316
232326
232331
232335
232336
232344
232346
232353
232357
232366
232376
232380
232390
232400
232403
232404
232411
232413
232416
232421
232426
232431
232432
232433
232438
232448
232449
232454
232457
232458
232459
232468
232469
232470
232484
232492
232496
232498
232501
232502
232506
232514
232515
232517
232521
232523
232531
232540
232541
232548
232550
232555
232556
232563
232573
232574
232576
232578
232579
232586
232587
232596
232599
232604
232608
232609
232616
232619
232621
232628
232629
232632
232635
232639
232646
232649
232655
232658
232659
232661
232678
232698
232700
232722
232725
232727
232728
232731
232732
232736
232738
232739
232747
232748
232751
232767
232771
232773
232775
232777
232778
232779
232794
232797
232804
232815
232818
232820
232825
232831
232833
232837
232839
232844
232850
232851
232869
232870
232884
232887
232889
232895
232906
232911
232918
232925
232929
232931
232932
232938
232946
232950
232951
232956
232958
232959
232960
232961
232966
232969
232970
232976
232989
232994
232995
232998
232999
233004
233007
233009
233011
233020
233022
233033
233034
233035
233036
233046
233048
233050
233054
233063
233064
233067
233074
233089
233093
233096
233097
233112
233116
233118
233124
233130
233131
233134
233135
233142
233148
233155
233158
233174
233179
233180
233188
233192
233193
233198
233199
233200
233204
233211
233222
233229
233237
233240
233241
233244
233274
233275
233276
233284
233285
233290
233301
233305
233307
233309
233321
233323
233325
233327
233328
233331
233333
233335
233339
233340
233343
233349
233351
233354
233360
233365
233384
233391
233392
233394
233398
233408
233412
233413
233415
233417
233420
233427
233428
233431
233432
233435
233436
233449
233452
233455
233464
233465
233481
233483
233486
233487
233495
233506
233507
233511
233519
233531
233533
233536
233545
233547
233548
233549
233550
233552
233555
233560
233563
233567
233583
233584
233592
233598
233605
233607
233611
233622
233628
233631
233635
233636
233647
233650
233653
233661
233674
233681
233687
233691
233700
233711
233712
233713
233716
233731
233741
233743
233744
233747
233752
233758
233771
233779
233781
233783
233785
233787
233790
233791
233808
233809
233818
233819
233820
233830
233836
233842
233846
233848
233852
233862
233866
233867
233873
233874
233877
233880
233881
233882
233888
233891
233894
233900
233903
233907
233910
233912
233917
233926
233928
233934
233939
233943
233945
233947
233954
233955
233960
233963
233970
233971
233979
233987
233990
234006
234011
234014
234023
234030
234032
234036
234042
234044
234049
234050
234053
234061
234063
234064
234065
234074
234078
234093
234097
234116
234119
234129
234136
234138
234159
234165
234166
234169
234176
234188
234189
234191
234192
234206
234213
234223
234225
234227
234228
234229
234234
234238
234245
234255
234256
234264
234274
234283
234290
234296
234298
234299
234305
234307
234312
234317
234325
234326
234327
234332
234344
234347
234350
234352
234356
234362
234364
234367
234370
234381
234384
234385
234387
234391
234392
234397
234405
234406
234407
234409
234411
234412
234416
234417
234419
234427
234436
234467
234475
234484
234485
234488
234489
234490
234491
234501
234505
234511
234514
234520
234527
234535
234536
234542
234546
234548
234552
234558
234571
234573
234575
234585
234588
234591
234600
234602
234607
234612
234614
234619
234621
234644
234646
234650
234652
234660
234663
234665
234668
234671
234672
234684
234687
234689
234703
234709
234712
234715
234720
234726
234736
234739
234761
234764
234765
234774
234787
234791
234793
234794
234795
234804
234806
234812
234816
234817
234820
234825
234827
234837
234848
234853
234859
234861
234862
234866
234869
234872
234874
234875
234877
234887
234899
234900
234908
234912
234915
234919
234920
234927
234933
234936
234938
234943
234956
234962
234964
234968
234969
234977
234985
234997
235001
235011
235012
235019
235021
235031
235034
235050
235054
235055
235063
235064
235067
235070
235075
235092
235119
235123
235124
235126
235133
235141
235142
235143
235145
235156
235157
235158
235159
235172
235178
235189
235196
235201
235212
235217
235218
235223
235225
235227
235230
235232
235239
235241
235244
235246
235250
235255
235259
235262
235266
235274
235279
235285
235287
235289
235294
235300
235305
235307
235309
235312
235318
235329
235332
235335
235338
235344
235355
235356
235359
235368
235370
235374
235377
235382
235385
235390
235398
235400
235402
235409
235415
235416
235419
235422
235423
235429
235430
235439
235442
235444
235448
235451
235452
235454
235465
235466
235468
235471
235485
235493
235497
235505
235507
235523
235529
235535
235542
235551
235563
235574
235576
235579
235585
235607
235610
235612
235619
235620
235625
235629
235630
235633
235640
235661
235665
235675
235676
235677
235680
235681
235695
235700
235712
235713
235715
235720
235726
235740
235743
235744
235748
235750
235761
235762
235763
235767
235768
235772
235775
235793
235795
235796
235799
235802
235806
235809
235811
235817
235829
235831
235833
235840
235846
235847
235848
235849
235857
235863
235864
235871
235885
235894
235897
235899
235910
235911
235914
235919
235924
235927
235928
235941
235948
235961
235965
235968
235969
235972
235979
235980
235986
235991
235992
235993
235998
236004
236013
236020
236027
236035
236043
236045
236047
236050
236054
236057
236060
236067
236072
236074
236078
236083
236095
236098
236099
236102
236113
236122
236123
236134
236136
236142
236146
236150
236154
236167
236168
236172
236175
236179
236182
236187
236195
236202
236204
236206
236208
236217
236221
236222
236228
236232
236237
236240
236245
236252
236261
236270
236271
236272
236274
236278
236294
236299
236301
236314
236318
236319
236325
236326
236331
236335
236342
236345
236348
236349
236357
236362
236364
236379
236397
236414
236416
236424
236428
236431
236442
236447
236452
236456
236460
236466
236467
236481
236484
236489
236502
236503
236505
236515
236517
236521
236523
236525
236526
236543
236545
236548
236554
236559
236562
236566
236567
236568
236569
236571
236574
236578
236579
236580
236584
236587
236591
236592
236601
236604
236605
236612
236614
236616
236618
236620
236627
236635
236643
236646
236651
236654
236656
236658
236659
236663
236670
236672
236674
236687
236700
236706
236718
236725
236728
236732
236733
236734
236736
236744
236746
236768
236782
236783
236797
236800
236807
236808
236811
236824
236833
236835
236849
236854
236858
236859
236862
236864
236865
236872
236874
236877
236880
236883
236892
236893
236894
236905
236911
236913
236914
236920
236926
236932
236939
236940
236941
236957
236959
236962
236964
236978
236981
236982
236984
236988
236990
236994
236996
236999
237002
237004
237006
237011
237016
237019
237025
237033
237034
237035
237041
237043
237048
237049
237051
237059
237062
237063
237069
237073
237075
237084
237098
237106
237111
237117
237124
237131
237137
237143
237145
237146
237157
237160
237161
237163
237165
237167
237176
237184
237190
237192
237197
237198
237199
237207
237217
237229
237230
237233
237236
237239
237240
237242
237244
237249
237250
237254
237260
237264
237266
237284
237288
237290
237298
237304
237308
237309
237319
237320
237321
237323
237328
237330
237332
237354
237355
237356
237364
237370
237376
237377
237382
237384
237385
237387
237394
237395
237401
237402
237414
237416
237419
237423
237428
237430
237433
237434
237443
237444
237448
237450
237451
237453
237454
237456
237458
237460
237463
237467
237469
237470
237471
237477
237478
237479
237483
237484
237488
237495
237507
237517
237521
237522
237525
237527
237533
237535
237543
237550
237554
237558
237563
237566
237570
237584
237585
237588
237599
237604
237606
237609
237620
237629
237632
237633
237635
237638
237646
237648
237653
237676
237678
237680
237687
237692
237694
237696
237698
237701
237704
237726
237727
237728
237732
237735
237737
237754
237763
237765
237766
237775
237776
237778
237782
237786
237793
237794
237808
237813
237818
237820
237823
237826
237835
237838
237840
237842
237851
237859
237861
237870
237871
237874
237878
237879
237880
237894
237897
237904
237911
237917
237925
237928
237929
237938
237943
237951
237965
237972
237976
237990
237996
237997
238002
238003
238008
238009
238013
238014
238015
238030
238041
238047
238051
238056
238059
238065
238079
238082
238092
238105
238113
238115
238117
238135
238137
238142
238154
238159
238166
238168
238172
238179
238182
238185
238188
238189
238196
238199
238200
238201
238202
238203
238210
238211
238218
238224
238228
238229
238240
238242
238245
238248
238250
238252
238253
238262
238266
238270
238282
238290
238296
238297
238307
238317
238325
238329
238332
238344
238346
238352
238357
238360
238367
238373
238375
238379
238384
238398
238400
238423
238441
238446
238448
238451
238453
238454
238458
238465
238467
238471
238474
238477
238479
238480
238485
238487
238489
238494
238495
238502
238504
238521
238524
238529
238533
238536
238542
238552
238561
238562
238564
238565
238566
238567
238568
238573
238577
238582
238598
238612
238641
238644
238650
238663
238667
238670
238674
238678
238687
238699
238701
238702
238708
238722
238726
238727
238729
238731
238734
238744
238746
238751
238761
238766
238769
238770
238774
238782
238787
238789
238793
238799
238802
238803
238806
238809
238825
238829
238839
238845
238846
238857
238865
238866
238867
238869
238875
238891
238896
238904
238912
238913
238916
238922
238924
238935
238939
238943
238946
238949
238958
238971
238975
238982
238986
238989
238995
239004
239012
239016
239026
239027
239030
239032
239039
239045
239049
239050
239055
239056
239061
239075
239076
239080
239086
239093
239098
239104
239113
239114
239115
239118
239122
239127
239132
239133
239134
239146
239153
239154
239164
239166
239167
239168
239169
239175
239181
239182
239188
239190
239191
239192
239194
239195
239196
239203
239205
239208
239209
239216
239219
239230
239231
239239
239240
239241
239246
239248
239252
239253
239259
239263
239272
239275
239279
239280
239282
239284
239286
239289
239292
239296
239307
239322
239327
239330
239333
239338
239348
239350
239352
239369
239379
239385
239390
239395
239407
239408
239410
239424
239426
239432
239436
239439
239443
239455
239465
239472
239473
239480
239491
239492
239495
239506
239507
239512
239516
239518
239520
239521
239524
239526
239531
239533
239539
239545
239551
239554
239563
239569
239570
239594
239602
239607
239609
239610
239613
239618
239626
239629
239635
239640
239644
239653
239656
239657
239671
239672
239674
239685
239689
239691
239697
239701
239702
239707
239711
239716
239734
239738
239739
239748
239754
239759
239760
239769
239770
239774
239789
239791
239796
239798
239801
239803
239805
239806
239809
239813
239818
239819
239820
239821
239831
239837
239838
239845
239851
239859
239874
239877
239878
239889
239890
239895
239919
239923
239925
239926
239927
239939
239940
239950
239959
239968
239978
239984
239994
240001
240006
240019
240022
240030
240032
240037
240040
240041
240042
240048
240051
240052
240053
240065
240075
240079
240084
240085
240086
240088
240090
240099
240109
240112
240114
240122
240126
240134
240145
240153
240158
240160
240163
240167
240168
240169
240170
240172
240179
240182
240183
240189
240194
240204
240217
240218
240223
240226
240228
240231
240235
240246
240259
240272
240284
240292
240294
240296
240298
240304
240305
240312
240315
240322
240328
240335
240342
240347
240349
240357
240363
240365
240366
240369
240375
240378
240391
240410
240412
240414
240416
240417
240418
240431
240439
240443
240444
240452
240472
240473
240475
240479
240495
240497
240500
240506
240507
240517
240519
240520
240527
240534
240541
240543
240554
240562
240564
240566
240571
240572
240573
240577
240578
240579
240586
240587
240588
240589
240591
240595
240602
240606
240611
240613
240625
240634
240646
240648
240655
240661
240664
240668
240669
240670
240675
240677
240683
240684
240701
240707
240709
240710
240715
240721
240722
240733
240737
240743
240752
240755
240758
240762
240765
240768
240776
240783
240790
240803
240806
240811
240813
240831
240834
240836
240848
240851
240853
240854
240857
240861
240863
240872
240875
240883
240886
240890
240894
240897
240900
240903
240906
240911
240914
240922
240923
240924
240930
240932
240934
240935
240941
240942
240946
240953
240954
240957
240962
240967
240968
240981
240983
240992
240998
241005
241007
241012
241021
241024
241030
241031
241039
241059
241064
241072
241080
241085
241086
241097
241099
241104
241107
241108
241111
241112
241113
241116
241130
241132
241133
241135
241140
241146
241147
241150
241151
241152
241155
241158
241163
241166
241167
241174
241175
241183
241206
241211
241221
241228
241245
241253
241254
241257
241258
241264
241266
241267
241275
241281
241282
241287
241288
241289
241292
241299
241302
241310
241312
241315
241317
241318
241320
241331
241343
241346
241350
241356
241363
241377
241379
241380
241382
241384
241386
241388
241389
241393
241396
241398
241400
241404
241422
241424
241433
241445
241459
241461
241464
241470
241471
241478
241484
241492
241494
241495
241496
241501
241507
241520
241521
241526
241538
241543
241561
241562
241567
241570
241583
241584
241586
241590
241591
241593
241600
241610
241615
241621
241626
241631
241636
241638
241644
241649
241651
241654
241665
241678
241685
241687
241694
241707
241718
241727
241731
241737
241741
241742
241745
241750
241753
241755
241760
241762
241770
241772
241774
241776
241780
241785
241791
241796
241803
241808
241811
241821
241837
241838
241841
241854
241859
241861
241863
241866
241880
241888
241893
241896
241897
241898
241904
241905
241906
241909
241910
241916
241917
241921
241929
241931
241933
241937
241947
241968
241969
241974
241976
241978
241980
241982
241984
241987
241989
241993
241995
241997
241999
242001
242006
242016
242032
242053
242056
242058
242059
242067
242072
242073
242074
242076
242080
242083
242087
242090
242093
242099
242100
242102
242105
242106
242109
242114
242119
242123
242128
242137
242139
242150
242178
242181
242182
242185
242191
242193
242200
242205
242207
242208
242209
242211
242219
242229
242230
242231
242235
242236
242237
242241
242250
242254
242255
242258
242266
242269
242271
242272
242276
242277
242283
242287
242295
242297
242301
242302
242303
242313
242314
242316
242317
242320
242329
242330
242333
242344
242349
242350
242352
242354
242355
242356
242358
242359
242366
242368
242372
242375
242377
242380
242385
242388
242390
242392
242400
242402
242403
242406
242408
242410
242416
242420
242422
242424
242428
242429
242431
242438
242439
242448
242455
242462
242476
242479
242489
242495
242498
242501
242508
242520
242526
242532
242542
242543
242559
242565
242570
242575
242583
242584
242590
242601
242605
242607
242610
242614
242618
242620
242621
242625
242627
242631
242633
242635
242641
242643
242646
242656
242658
242666
242678
242681
242689
242691
242695
242697
242704
242707
242709
242716
242718
242723
242724
242726
242737
242738
242745
242748
242751
242758
242770
242771
242775
242783
242784
242786
242790
242794
242798
242799
242822
242839
242840
242845
242853
242856
242859
242861
242863
242874
242878
242890
242905
242916
242922
242923
242924
242935
242939
242941
242942
242947
242951
242956
242958
242961
242966
242976
242979
242981
242990
242992
242995
243005
243008
243010
243011
243020
243024
243025
243027
243030
243033
243034
243037
243040
243041
243052
243055
243056
243057
243065
243066
243069
243073
243077
243079
243086
243089
243092
243101
243107
243119
243122
243133
243134
243137
243141
243143
243146
243147
243158
243162
243173
243182
243187
243204
243205
243213
243222
243225
243233
243235
243237
243243
243246
243249
243255
243257
243259
243260
243266
243269
243271
243272
243273
243274
243282
243283
243285
243310
243312
243314
243315
243317
243318
243325
243329
243330
243336
243345
243347
243349
243369
243373
243382
243387
243390
243392
243399
243408
243409
243413
243422
243425
243426
243430
243441
243442
243444
243445
243465
243471
243480
243488
243489
243490
243491
243499
243503
243508
243510
243521
243531
243537
243570
243571
243572
243574
243580
243588
243589
243590
243593
243601
243612
243615
243626
243629
243636
243655
243657
243658
243660
243664
243675
243684
243685
243686
243695
243696
243697
243700
243703
243709
243714
243721
243727
243732
243735
243736
243739
243745
243748
243750
243753
243759
243760
243762
243766
243780
243783
243784
243785
243793
243801
243806
243808
243812
243814
243822
243823
243826
243830
243841
243845
243847
243851
243853
243856
243857
243858
243860
243867
243870
243872
243873
243874
243875
243878
243887
243893
243896
243897
243899
243903
243904
243906
243921
243923
243925
243929
243933
243936
243937
243944
243947
243952
243954
243964
243967
243969
243974
243980
243982
243985
243990
243999
244005
244012
244015
244020
244046
244049
244052
244054
244058
244063
244064
244069
244077
244094
244101
244103
244113
244120
244126
244135
244141
244145
244153
244154
244158
244159
244163
244170
244179
244181
244183
244184
244214
244216
244219
244231
244233
244235
244246
244251
244255
244271
244278
244282
244284
244288
244291
244292
244294
244303
244310
244315
244326
244328
244344
244345
244348
244350
244355
244363
244373
244374
244376
244377
244385
244388
244393
244399
244400
244404
244411
244412
244421
244429
244432
244434
244438
244450
244451
244452
244456
244460
244473
244481
244482
244483
244490
244494
244496
244501
244508
244513
244515
244526
244533
244537
244539
244540
244544
244554
244555
244563
244565
244568
244569
244574
244575
244576
244584
244589
244597
244598
244599
244600
244604
244606
244615
244617
244618
244619
244631
244638
244639
244655
244657
244659
244668
244670
244673
244679
244685
244686
244689
244707
244713
244714
244718
244719
244729
244736
244740
244741
244743
244745
244748
244759
244765
244782
244783
244784
244790
244795
244805
244806
244807
244811
244812
244815
244819
244822
244824
244831
244841
244843
244846
244848
244851
244853
244857
244859
244866
244867
244868
244874
244881
244884
244888
244899
244901
244907
244908
244914
244921
244925
244926
244929
244932
244933
244944
244950
244952
244956
244957
244961
244970
244977
244988
244998
245000
245011
245015
245020
245026
245027
245041
245047
245048
245057
245060
245061
245064
245070
245092
245094
245095
245096
245124
245135
245138
245140
245141
245144
245161
245167
245169
245172
245173
245181
245186
245196
245198
245199
245200
245202
245206
245209
245213
245214
245215
245221
245232
245236
245245
245249
245253
245255
245257
245259
245263
245272
245273
245274
245278
245281
245287
245292
245300
245301
245322
245323
245324
245341
245342
245353
245354
245356
245363
245365
245373
245374
245386
245387
245392
245393
245394
245398
245400
245413
245418
245423
245425
245440
245441
245443
245449
245456
245465
245473
245475
245479
245480
245483
245488
245493
245507
245510
245514
245519
245527
245529
245531
245534
245543
245546
245549
245553
245558
245562
245564
245572
245574
245577
245578
245580
245584
245598
245608
245612
245613
245615
245626
245633
245637
245638
245640
245648
245650
245658
245663
245674
245685
245687
245691
245693
245697
245699
245705
245707
245718
245719
245721
245727
245729
245753
245761
245765
245768
245769
245772
245777
245782
245793
245797
245806
245808
245814
245817
245829
245831
245832
245838
245845
245856
245868
245869
245870
245872
245876
245880
245883
245888
245896
245900
245907
245910
245914
245917
245922
245923
245925
245930
245931
245939
245945
245950
245959
245961
245963
245972
245977
245978
245987
245989
245991
245992
245998
246007
246010
246026
246042
246045
246046
246048
246049
246057
246067
246075
246086
246094
246098
246099
246103
246107
246118
246121
246123
246126
246127
246131
246133
246134
246139
246142
246150
246166
246174
246177
246181
246185
246188
246192
246194
246195
246203
246210
246213
246217
246222
246224
246228
246230
246237
246248
246255
246261
246264
246266
246272
246274
246276
246277
246283
246284
246288
246303
246305
246309
246312
246314
246320
246323
246326
246333
246341
246343
246349
246351
246352
246358
246365
246367
246369
246375
246388
246396
246404
246405
246413
246414
246445
246449
246453
246455
246470
246471
246473
246478
246479
246486
246507
246510
246516
246518
246524
246527
246531
246542
246547
246549
246553
246558
246559
246560
246572
246577
246587
246588
246612
246616
246626
246632
246649
246653
246658
246670
246675
246678
246682
246689
246692
246694
246695
246697
246700
246703
246704
246706
246714
246728
246736
246737
246739
246748
246757
246758
246759
246770
246775
246783
246785
246786
246795
246798
246799
246804
246820
246821
246824
246830
246831
246837
246839
246840
246855
246865
246871
246875
246885
246887
246888
246892
246894
246897
246904
246906
246907
246913
246916
246919
246921
246926
246927
246937
246939
246941
246945
246970
246972
246973
246983
246985
246989
247001
247016
247017
247029
247030
247038
247045
247049
247056
247058
247061
247068
247069
247074
247075
247077
247081
247085
247086
247091
247094
247095
247097
247098
247119
247129
247130
247135
247146
247153
247155
247158
247159
247166
247167
247171
247175
247191
247196
247197
247204
247205
247208
247226
247229
247233
247243
247245
247249
247255
247259
247262
247271
247272
247280
247283
247291
247299
247321
247322
247325
247326
247328
247332
247336
247338
247349
247354
247361
247364
247370
247378
247385
247389
247391
247399
247404
247406
247410
247418
247421
247428
247430
247439
247444
247446
247452
247454
247464
247494
247495
247528
247535
247541
247542
247547
247548
247553
247556
247557
247558
247560
247561
247566
247569
247571
247579
247583
247594
247598
247602
247607
247608
247619
247626
247627
247634
247636
247640
247652
247653
247659
247684
247693
247696
247702
247718
247728
247729
247731
247733
247734
247741
247745
247747
247754
247761
247763
247765
247780
247787
247790
247792
247794
247797
247803
247804
247805
247811
247814
247820
247826
247828
247831
247836
247844
247845
247856
247865
247867
247872
247876
247878
247884
247887
247902
247904
247907
247915
247917
247918
247921
247931
247935
247938
247948
247949
247972
247973
247987
247998
247999
248003
248004
248005
248013
248028
248029
248038
248044
248055
248059
248060
248061
248065
248067
248075
248084
248090
248093
248100
248103
248109
248118
248119
248123
248128
248129
248147
248150
248158
248172
248173
248177
248178
248179
248180
248181
248187
248188
248189
248194
248197
248198
248208
248220
248222
248227
248230
248232
248262
248264
248280
248287
248289
248298
248303
248305
248318
248320
248322
248323
248326
248338
248346
248354
248375
248376
248393
248400
248408
248412
248415
248417
248418
248419
248423
248443
248444
248448
248457
248458
248459
248463
248469
248473
248482
248484
248490
248495
248496
248497
248499
248501
248504
248511
248516
248519
248524
248528
248532
248533
248545
248554
248555
248561
248569
248570
248571
248576
248578
248580
248587
248590
248594
248595
248610
248611
248613
248615
248616
248620
248622
248623
248628
248629
248634
248637
248644
248650
248653
248654
248655
248661
248670
248672
248683
248691
248692
248695
248697
248699
248703
248709
248711
248714
248716
248720
248723
248731
248735
248736
248752
248755
248757
248762
248771
248773
248780
248800
248801
248804
248806
248824
248828
248831
248832
248838
248840
248841
248842
248851
248852
248854
248858
248862
248870
248875
248881
248885
248889
248893
248898
248899
248903
248913
248921
248924
248929
248945
248946
248949
248953
248956
248958
248959
248960
248962
248974
248980
248986
248997
248999
249000
249001
249002
249003
249006
249013
249025
249026
249028
249032
249053
249054
249061
249072
249075
249086
249091
249103
249107
249108
249112
249113
249115
249117
249120
249121
249123
249125
249127
249129
249132
249134
249136
249140
249142
249143
249155
249157
249158
249160
249163
249164
249169
249173
249174
249176
249177
249181
249186
249188
249193
249195
249199
249210
249213
249215
249218
249219
249221
249227
249231
249234
249235
249236
249239
249253
249256
249259
249268
249271
249278
249284
249287
249288
249299
249308
249309
249321
249324
249335
249341
249344
249345
249347
249348
249354
249359
249363
249365
249375
249377
249379
249390
249392
249393
249394
249396
249401
249407
249413
249428
249429
249432
249438
249444
249461
249462
249463
249464
249469
249471
249472
249478
249482
249487
249489
249490
249491
249494
249499
249500
249501
249502
249520
249523
249528
249531
249542
249550
249562
249563
249572
249576
249588
249591
249595
249603
249616
249617
249621
249622
249624
249631
249633
249641
249642
249643
249646
249659
249661
249664
249667
249670
249675
249676
249681
249686
249690
249693
249695
249696
249698
249707
249710
249711
249714
249720
249726
249750
249754
249757
249764
249766
249773
249780
249781
249784
249788
249800
249801
249802
249823
249828
249831
249842
249843
249847
249850
249852
249854
249857
249858
249859
249866
249868
249873
249876
249878
249879
249880
249889
249892
249893
249897
249899
249909
249913
249918
249920
249929
249937
249939
249943
249948
249955
249956
249963
249965
249967
249971
249974
249980
249981
249982
249984
249986
249994
250002
250014
250015
250022
250026
250035
250040
250043
250045
250048
250050
250053
250062
250068
250083
250087
250091
250096
250106
250107
250108
250117
250120
250121
250122
250123
250128
250134
250146
250152
250153
250164
250165
250173
250202
250208
250212
250215
250219
250227
250233
250234
250239
250242
250243
250252
250258
250259
250261
250268
250272
250276
250280
250284
250304
250308
250312
250313
250316
250319
250329
250330
250331
250333
250336
250338
250340
250341
250344
250346
250351
250356
250364
250371
250372
250377
250381
250384
250387
250391
250396
250398
250399
250401
250408
250415
250417
250428
250429
250430
250436
250445
250452
250453
250455
250470
250471
250474
250475
250480
250488
250490
250495
250502
250504
250511
250518
250520
250522
250524
250527
250529
250530
250548
250551
250553
250554
250558
250562
250567
250571
250576
250579
250580
250585
250587
250597
250604
250620
250635
250640
250643
250651
250653
250654
250656
250663
250664
250669
250670
250673
250682
250684
250690
250692
250697
250701
250709
250718
250725
250727
250738
250743
250744
250747
250750
250758
250759
250769
250774
250775
250785
250791
250795
250796
250804
250806
250814
250816
250819
250821
250827
250835
250837
250848
250850
250859
250862
250863
250870
250876
250880
250882
250884
250888
250890
250894
250895
250909
250915
250916
250918
250919
250928
250930
250935
250936
250943
250951
250957
250960
250961
250964
250967
250978
250979
250981
250982
250984
250985
250988
250991
250994
250995
250996
251005
251012
251013
251014
251020
251021
251022
251025
251027
251034
251037
251038
251039
251040
251043
251051
251058
251060
251063
251067
251068
251069
251074
251076
251077
251080
251084
251091
251095
251097
251100
251101
251102
251103
251116
251119
251120
251121
251129
251135
251141
251152
251163
251172
251177
251201
251202
251208
251210
251219
251220
251223
251225
251231
251234
251236
251240
251241
251245
251246
251253
251254
251255
251262
251266
251270
251274
251277
251283
251284
251287
251288
251290
251296
251309
251310
251315
251316
251325
251332
251334
251336
251339
251342
251348
251349
251350
251357
251371
251375
251386
251387
251388
251389
251391
251402
251409
251410
251418
251430
251437
251445
251446
251452
251453
251454
251456
251457
251458
251475
251476
251479
251488
251489
251491
251493
251500
251518
251537
251538
251542
251547
251551
251552
251557
251558
251567
251568
251579
251580
251592
251593
251595
251596
251604
251605
251607
251613
251616
251623
251625
251627
251635
251641
251643
251658
251664
251669
251671
251672
251678
251683
251688
251690
251694
251695
251700
251702
251703
251709
251711
251713
251717
251721
251723
251726
251727
251738
251739
251743
251748
251753
251762
251764
251767
251772
251773
251775
251777
251780
251783
251784
251796
251801
251802
251811
251812
251814
251827
251828
251831
251832
251839
251846
251848
251860
251861
251864
251865
251870
251875
251876
251880
251884
251886
251893
251909
251911
251914
251920
251921
251927
251931
251935
251939
251952
251963
251978
251980
251981
251986
251987
251999
252004
252007
252009
252016
252023
252028
252033
252034
252035
252037
252038
252039
252042
252046
252051
252053
252057
252059
252060
252069
252085
252103
252106
252116
252118
252120
252123
252125
252130
252134
252137
252148
252176
252177
252182
252185
252186
252197
252207
252209
252229
252245
252250
252257
252259
252265
252280
252286
252287
252291
252293
252296
252299
252307
252315
252317
252329
252333
252341
252350
252352
252363
252366
252373
252376
252378
252379
252381
252385
252393
252394
252401
252409
252412
252413
252414
252420
252421
252422
252430
252436
252438
252446
252450
252457
252458
252460
252461
252476
252477
252479
252480
252487
252492
252493
252495
252503
252508
252513
252514
252515
252525
252533
252541
252543
252544
252552
252553
252557
252560
252561
252568
252570
252571
252576
252581
252584
252592
252597
252602
252618
252621
252622
252623
252635
252636
252638
252639
252641
252657
252660
252670
252672
252677
252679
252680
252685
252693
252700
252710
252716
252719
252722
252723
252728
252738
252741
252749
252752
252754
252756
252763
252766
252768
252773
252778
252780
252781
252782
252785
252790
252796
252798
252805
252809
252814
252816
252825
252833
252841
252846
252849
252857
252860
252868
252870
252875
252877
252887
252889
252892
252895
252897
252899
252900
252907
252912
252918
252922
252926
252933
252936
252937
252944
252947
252950
252953
252957
252966
252968
252970
252978
252979
252981
252986
252989
252999
253001
253010
253013
253014
253017
253022
253032
253036
253045
253050
253051
253062
253068
253071
253074
253075
253077
253080
253081
253087
253092
253123
253127
253129
253133
253141
253144
253146
253162
253170
253173
253175
253178
253183
253184
253189
253191
253196
253198
253201
253204
253214
253218
253220
253221
253225
253227
253233
253235
253239
253247
253251
253260
253264
253266
253267
253272
253278
253283
253293
253296
253298
253301
253302
253305
253313
253317
253320
253324
253327
253339
253344
253346
253352
253358
253366
253374
253377
253382
253389
253396
253399
253408
253409
253413
253416
253425
253428
253434
253447
253452
253456
253457
253465
253470
253474
253482
253483
253492
253493
253500
253504
253509
253519
253522
253524
253526
253530
253531
253547
253548
253561
253568
253574
253578
253579
253581
253585
253591
253593
253602
253607
253609
253611
253618
253620
253631
253634
253641
253642
253647
253652
253664
253667
253669
253674
253676
253686
253687
253689
253693
253698
253701
253706
253707
253712
253716
253717
253719
253728
253731
253732
253736
253745
253759
253761
253782
253786
253787
253791
253795
253802
253805
253809
253820
253823
253836
253843
253844
253853
253856
253862
253877
253886
253889
253890
253892
253893
253903
253907
253908
253910
253916
253923
253924
253929
253933
253934
253947
253951
253956
253957
253958
253961
253966
253972
253974
253978
253993
253997
254001
254007
254009
254015
254016
254019
254025
254027
254038
254042
254046
254053
254055
254059
254068
254075
254091
254092
254093
254094
254097
254102
254105
254109
254111
254113
254115
254133
254137
254148
254149
254160
254165
254166
254171
254176
254178
254179
254190
254192
254193
254200
254202
254207
254210
254216
254229
254231
254239
254243
254247
254251
254252
254253
254258
254263
254268
254269
254270
254272
254274
254275
254283
254284
254288
254290
254291
254294
254298
254299
254307
254311
254331
254335
254336
254338
254343
254347
254349
254354
254360
254361
254366
254369
254373
254377
254391
254392
254395
254404
254408
254414
254419
254423
254424
254426
254433
254436
254447
254456
254458
254459
254472
254474
254476
254480
254492
254494
254509
254515
254521
254523
254525
254527
254533
254534
254547
254554
254558
254559
254560
254564
254566
254567
254568
254571
254577
254612
254618
254626
254629
254639
254643
254648
254669
254681
254689
254692
254695
254700
254701
254705
254707
254711
254712
254715
254722
254725
254732
254733
254737
254741
254752
254766
254771
254775
254778
254781
254788
254793
254805
254809
254819
254824
254825
254830
254832
254837
254838
254839
254842
254849
254853
254864
254875
254877
254882
254893
254900
254911
254921
254923
254929
254934
254944
254952
254957
254973
254981
254983
254984
254988
254992
255004
255006
255024
255027
255028
255031
255033
255035
255036
255045
255049
255055
255056
255065
255067
255078
255079
255080
255081
255090
255094
255096
255097
255104
255108
255114
255121
255125
255126
255131
255137
255143
255146
255148
255149
255153
255154
255161
255164
255171
255176
255180
255181
255188
255190
255194
255195
255199
255206
255207
255213
255215
255218
255219
255224
255227
255231
255234
255237
255240
255241
255242
255243
255244
255246
255249
255250
255253
255262
255263
255270
255278
255279
255282
255286
255290
255292
255305
255318
255323
255329
255337
255338
255340
255342
255346
255347
255351
255358
255363
255364
255374
255377
255379
255383
255403
255408
255412
255421
255422
255425
255437
255439
255442
255445
255447
255450
255456
255460
255472
255478
255479
255480
255487
255491
255496
255499
255514
255523
255534
255548
255559
255560
255568
255576
255595
255601
255604
255605
255616
255618
255631
255632
255634
255643
255644
255647
255651
255652
255653
255657
255658
255659
255666
255669
255673
255678
255681
255693
255694
255696
255703
255715
255740
255743
255744
255749
255753
255758
255760
255761
255762
255764
255769
255774
255781
255789
255792
255796
255803
255804
255806
255810
255814
255820
255828
255844
255849
255850
255851
255861
255862
255872
255877
255882
255887
255892
255898
255899
255901
255904
255905
255906
255907
255909
255911
255921
255922
255925
255935
255961
255967
255974
255979
255986
255987
255996
256000
256027
256028
256037
256038
256039
256044
256045
256053
256058
256071
256076
256077
256081
256083
256090
256096
256099
256106
256112
256118
256126
256127
256134
256140
256141
256149
256151
256154
256155
256157
256159
256161
256162
256184
256188
256199
256206
256210
256219
256221
256226
256229
256234
256235
256236
256238
256242
256243
256249
256274
256287
256300
256302
256304
256314
256325
256328
256329
256339
256348
256355
256362
256366
256384
256392
256393
256394
256395
256397
256405
256410
256414
256415
256426
256439
256442
256443
256468
256469
256475
256476
256479
256484
256490
256496
256498
256503
256508
256511
256515
256521
256526
256530
256535
256536
256537
256540
256553
256562
256568
256572
256580
256581
256583
256585
256588
256595
256597
256599
256611
256613
256615
256621
256629
256652
256655
256661
256675
256676
256685
256700
256707
256708
256712
256717
256730
256736
256747
256754
256757
256766
256774
256777
256780
256784
256794
256798
256799
256801
256804
256806
256809
256820
256822
256828
256829
256832
256846
256855
256858
256862
256866
256868
256874
256879
256883
256884
256888
256889
256892
256894
256895
256900
256910
256911
256914
256915
256916
256917
256919
256928
256930
256938
256947
256949
256953
256954
256978
256979
256980
256981
256995
256999
257004
257010
257012
257018
257022
257029
257040
257045
257048
257050
257075
257079
257080
257082
257093
257094
257100
257103
257105
257107
257110
257111
257114
257123
257126
257127
257141
257143
257145
257154
257159
257162
257166
257172
257186
257193
257194
257198
257209
257213
257214
257225
257245
257246
257251
257253
257263
257269
257276
257280
257283
257289
257305
257308
257309
257325
257334
257335
257336
257339
257352
257356
257364
257370
257372
257373
257376
257396
257403
257405
257413
257417
257420
257429
257433
257435
257443
257446
257449
257454
257455
257463
257464
257467
257473
257478
257480
257481
257484
257485
257487
257496
257499
257512
257516
257518
257522
257530
257534
257538
257539
257545
257547
257557
257562
257571
257572
257576
257582
257583
257586
257588
257601
257612
257619
257620
257642
257647
257648
257649
257650
257653
257655
257661
257663
257665
257670
257676
257680
257695
257697
257705
257708
257713
257719
257720
257730
257731
257736
257741
257743
257749
257752
257758
257760
257776
257780
257782
257784
257786
257792
257793
257795
257798
257802
257803
257807
257812
257814
257818
257819
257820
257822
257825
257826
257829
257830
257835
257839
257843
257846
257853
257854
257858
257860
257862
257878
257880
257887
257892
257894
257897
257900
257904
257912
257926
257928
257939
257944
257948
257949
257950
257951
257958
257971
257983
257985
257987
257992
257994
257998
258009
258014
258017
258025
258026
258032
258034
258035
258036
258040
258045
258054
258059
258061
258067
258073
258085
258092
258094
258098
258104
258107
258108
258117
258120
258124
258126
258127
258129
258131
258132
258133
258135
258136
258138
258142
258144
258162
258164
258165
258173
258175
258177
258201
258204
258211
258217
258222
258249
258259
258267
258273
258275
258287
258291
258296
258302
258306
258309
258310
258312
258320
258322
258326
258339
258341
258343
258346
258349
258352
258356
258363
258369
258373
258381
258388
258396
258400
258401
258404
258414
258423
258427
258430
258443
258445
258450
258453
258455
258466
258468
258479
258480
258484
258487
258490
258495
258502
258506
258507
258509
258518
258531
258534
258535
258538
258541
258554
258558
258563
258565
258568
258572
258576
258578
258582
258585
258588
258592
258596
258598
258601
258608
258614
258631
258632
258634
258644
258649
258650
258657
258664
258666
258667
258668
258675
258678
258685
258690
258695
258699
258705
258709
258716
258717
258722
258724
258730
258741
258745
258746
258747
258754
258770
258772
258773
258776
258777
258779
258781
258784
258785
258793
258794
258795
258796
258802
258804
258807
258808
258810
258819
258820
258833
258836
258842
258845
258851
258852
258855
258857
258858
258861
258868
258872
258881
258883
258885
258890
258894
258896
258904
258908
258912
258913
258914
258915
258919
258934
258944
258947
258949
258953
258958
258960
258964
258968
258973
258980
258990
259016
259017
259020
259038
259042
259058
259060
259084
259095
259100
259104
259105
259115
259116
259123
259125
259130
259133
259134
259135
259136
259141
259147
259149
259160
259165
259171
259175
259177
259191
259201
259204
259211
259212
259214
259226
259227
259229
259230
259237
259240
259241
259247
259249
259252
259253
259257
259263
259270
259274
259275
259283
259284
259288
259289
259296
259297
259299
259302
259304
259312
259321
259332
259336
259344
259347
259349
259352
259355
259371
259372
259375
259389
259390
259399
259400
259403
259412
259419
259433
259436
259442
259450
259460
259474
259476
259481
259482
259483
259487
259489
259490
259493
259495
259496
259506
259507
259517
259521
259522
259527
259529
259533
259537
259540
259551
259561
259563
259576
259591
259593
259604
259608
259611
259626
259629
259630
259633
259636
259637
259648
259654
259655
259656
259658
259666
259669
259677
259682
259686
259688
259689
259695
259696
259700
259705
259710
259711
259715
259722
259734
259737
259742
259743
259744
259745
259750
259751
259758
259764
259765
259768
259770
259774
259778
259794
259804
259805
259807
259808
259809
259816
259820
259824
259825
259826
259833
259836
259837
259839
259840
259846
259861
259871
259887
259894
259900
259904
259905
259918
259920
259922
259925
259926
259928
259930
259934
259944
259945
259949
259950
259952
259956
259959
259963
259968
259971
259973
259985
259989
259990
259991
259999
260001
260005
260010
260011
260015
260018
260019
260021
260030
260035
260037
260046
260057
260058
260059
260061
260062
260063
260064
260075
260080
260081
260084
260086
260087
260094
260095
260099
260104
260105
260106
260108
260109
260112
260120
260121
260123
260131
260133
260134
260139
260141
260143
260146
260153
260154
260157
260160
260161
260164
260167
260169
260170
260178
260179
260183
260187
260190
260191
260192
260196
260198
260199
260200
260206
260210
260215
260222
260223
260237
260241
260250
260251
260253
260258
260263
260264
260271
260277
260283
260287
260293
260300
260308
260325
260330
260338
260343
260350
260351
260352
260353
260355
260373
260379
260384
260387
260391
260394
260397
260410
260418
260420
260423
260425
260426
260427
260440
260442
260446
260447
260451
260452
260453
260459
260460
260464
260467
260472
260473
260474
260478
260486
260501
260505
260506
260509
260515
260516
260521
260531
260532
260535
260539
260540
260542
260545
260547
260549
260553
260556
260557
260565
260571
260573
260579
260580
260582
260589
260590
260592
260593
260603
260606
260613
260615
260625
260629
260636
260650
260652
260660
260663
260665
260669
260681
260689
260692
260695
260698
260716
260717
260720
260721
260732
260736
260746
260747
260753
260754
260757
260771
260775
260782
260799
260801
260805
260810
260812
260816
260829
260836
260840
260842
260843
260847
260848
260851
260860
260864
260866
260875
260881
260893
260894
260909
260911
260913
260917
260920
260926
260937
260939
260941
260943
260946
260952
260953
260956
260962
260963
260969
260988
261004
261025
261027
261028
261030
261031
261035
261039
261044
261047
261048
261055
261062
261063
261073
261075
261076
261088
261094
261098
261100
261101
261103
261107
261110
261112
261118
261120
261123
261127
261130
261131
261133
261135
261138
261143
261147
261155
261156
261162
261166
261167
261169
261170
261171
261184
261186
261189
261190
261201
261209
261210
261212
261214
261217
261219
261226
261228
261230
261237
261239
261246
261265
261268
261272
261277
261281
261288
261298
261300
261302
261306
261309
261311
261316
261325
261327
261334
261335
261347
261353
261367
261368
261371
261374
261375
261376
261397
261415
261429
261430
261433
261449
261450
261453
261455
261457
261465
261476
261485
261487
261500
261501
261504
261506
261511
261518
261519
261522
261529
261531
261535
261537
261540
261543
261544
261551
261554
261557
261561
261563
261581
261585
261591
261602
261605
261606
261608
261609
261614
261618
261644
261650
261651
261656
261660
261662
261666
261671
261673
261674
261676
261677
261678
261679
261696
261706
261717
261724
261726
261729
261736
261738
261741
261745
261753
261754
261768
261770
261771
261775
261782
261787
261796
261806
261814
261819
261822
261828
261845
261869
261876
261881
261884
261895
261910
261914
261920
261925
261928
261931
261936
261940
261950
261958
261960
261965
261967
261969
261970
261973
261974
261989
261992
262006
262013
262015
262017
262021
262024
262028
262031
262033
262034
262041
262043
262047
262050
262060
262061
262063
262064
262067
262068
262069
262073
262074
262075
262077
262086
262089
262097
262103
262109
262110
262113
262128
262133
262134
262135
262147
262148
262153
262157
262165
262167
262171
262173
262189
262191
262192
262193
262194
262198
262199
262205
262208
262212
262215
262216
262223
262226
262231
262234
262236
262265
262276
262281
262286
262290
262292
262295
262308
262310
262311
262316
262324
262333
262344
262354
262365
262366
262368
262378
262389
262395
262398
262402
262404
262410
262412
262429
262432
262443
262447
262451
262452
262457
262467
262469
262473
262474
262475
262479
262484
262485
262486
262494
262498
262501
262502
262507
262509
262510
262514
262517
262526
262527
262531
262541
262546
262549
262550
262556
262577
262580
262581
262584
262595
262602
262607
262609
262619
262621
262622
262637
262638
262644
262646
262648
262652
262668
262669
262675
262681
262686
262690
262694
262698
262699
262700
262705
262707
262712
262717
262718
262721
262722
262727
262735
262737
262742
262746
262749
262752
262758
262761
262764
262775
262779
262793
262799
262805
262806
262809
262813
262814
262818
262819
262835
262836
262842
262856
262858
262860
262862
262867
262869
262872
262879
262882
262883
262884
262888
262889
262893
262904
262911
262915
262916
262920
262929
262930
262931
262932
262933
262942
262943
262944
262951
262956
262962
262971
262972
262977
262979
262981
262982
262983
262984
262985
262991
262995
263004
263012
263014
263018
263023
263024
263032
263033
263035
263041
263044
263048
263055
263061
263062
263067
263072
263076
263077
263079
263080
263097
263102
263104
263106
263129
263130
263134
263139
263141
263142
263145
263150
263154
263156
263163
263171
263183
263197
263199
263200
263204
263206
263209
263212
263214
263216
263218
263219
263225
263231
263233
263234
263235
263236
263237
263243
263247
263256
263257
263258
263259
263264
263272
263273
263276
263277
263286
263290
263294
263302
263307
263312
263313
263321
263323
263329
263338
263340
263341
263343
263354
263357
263363
263366
263371
263374
263384
263388
263390
263392
263399
263404
263406
263408
263414
263415
263432
263435
263438
263446
263451
263457
263459
263470
263472
263475
263483
263487
263493
263503
263511
263516
263527
263538
263542
263544
263548
263556
263557
263559
263561
263566
263586
263596
263602
263606
263618
263623
263633
263636
263640
263666
263683
263684
263694
263701
263705
263706
263710
263723
263729
263733
263738
263741
263744
263755
263758
263760
263762
263765
263773
263775
263781
263786
263789
263793
263796
263797
263798
263799
263802
263803
263804
263809
263816
263820
263822
263836
263837
263848
263849
263850
263857
263861
263862
263871
263872
263874
263884
263885
263890
263896
263898
263908
263909
263912
263913
263920
263923
263924
263927
263928
263937
263944
263953
263955
263959
263964
263965
263974
263977
263978
263983
263989
263990
264002
264003
264005
264007
264008
264009
264033
264034
264040
264041
264048
264049
264060
264072
264073
264079
264082
264083
264087
264092
264093
264098
264099
264100
264103
264107
264110
264129
264133
264137
264142
264146
264151
264156
264159
264160
264163
264164
264167
264169
264171
264175
264176
264178
264180
264181
264183
264185
264188
264191
264196
264199
264207
264212
264214
264222
264224
264225
264228
264231
264236
264237
264241
264264
264267
264270
264272
264274
264277
264279
264280
264281
264282
264291
264298
264300
264302
264304
264311
264314
264315
264327
264330
264331
264333
264334
264336
264338
264339
264346
264350
264372
264379
264380
264381
264382
264385
264387
264398
264400
264404
264413
264417
264418
264425
264428
264439
264448
264450
264454
264455
264464
264470
264472
264479
264484
264485
264490
264491
264493
264495
264497
264498
264501
264506
264507
264509
264527
264531
264538
264544
264546
264553
264554
264556
264558
264562
264573
264575
264578
264585
264594
264600
264608
264622
264623
264633
264635
264639
264643
264657
264658
264659
264664
264670
264679
264709
264715
264717
264719
264720
264729
264732
264734
264737
264741
264751
264757
264758
264762
264771
264773
264775
264784
264792
264802
264803
264805
264814
264815
264817
264830
264836
264841
264842
264844
264853
264858
264867
264871
264872
264878
264886
264901
264920
264926
264927
264929
264932
264937
264948
264950
264956
264957
264958
264960
264964
264968
264984
264985
264992
264998
265003
265007
265010
265011
265014
265015
265022
265023
265028
265048
265053
265056
265059
265063
265064
265066
265082
265088
265091
265092
265093
265096
265099
265103
265113
265115
265121
265122
265130
265135
265136
265162
265169
265173
265176
265179
265188
265190
265195
265203
265217
265221
265228
265230
265231
265244
265245
265251
265259
265264
265267
265268
265271
265275
265283
265285
265295
265296
265298
265307
265308
265313
265319
265325
265331
265333
265338
265343
265345
265350
265354
265371
265372
265373
265374
265376
265377
265378
265380
265387
265389
265393
265395
265396
265400
265402
265405
265414
265421
265422
265426
265440
265443
265452
265458
265463
265467
265468
265469
265477
265479
265483
265487
265489
265494
265496
265505
265507
265516
265520
265521
265522
265523
265525
265527
265528
265531
265532
265533
265534
265539
265540
265548
265550
265554
265555
265557
265563
265564
265568
265569
265576
265585
265588
265600
265604
265612
265620
265624
265625
265634
265636
265642
265647
265676
265681
265694
265696
265699
265705
265706
265711
265720
265724
265728
265743
265747
265761
265762
265763
265764
265786
265790
265800
265801
265802
265803
265805
265809
265811
265814
265820
265823
265824
265826
265828
265829
265832
265834
265835
265844
265845
265849
265856
265861
265864
265873
265875
265876
265878
265881
265893
265897
265898
265908
265910
265913
265924
265928
265935
265937
265938
265943
265946
265950
265957
265958
265963
265967
265973
265976
265980
265982
265984
265986
265988
265998
266007
266018
266019
266021
266024
266037
266047
266052
266059
266061
266063
266068
266075
266079
266080
266082
266089
266094
266097
266098
266102
266114
266120
266122
266128
266129
266132
266136
266142
266149
266151
266155
266161
266168
266170
266172
266179
266181
266184
266186
266189
266190
266191
266193
266194
266197
266208
266213
266216
266217
266227
266229
266232
266245
266248
266252
266257
266258
266260
266270
266276
266285
266286
266294
266306
266316
266336
266339
266348
266350
266352
266358
266359
266360
266361
266365
266375
266379
266382
266383
266386
266388
266390
266401
266403
266412
266414
266415
266423
266425
266430
266431
266433
266434
266435
266448
266457
266460
266464
266465
266467
266468
266476
266477
266479
266480
266483
266484
266489
266492
266498
266502
266503
266514
266515
266518
266519
266522
266524
266531
266536
266537
266545
266557
266559
266564
266567
266569
266574
266579
266584
266595
266596
266598
266603
266610
266612
266613
266626
266629
266634
266638
266645
266665
266672
266675
266701
266703
266711
266713
266728
266736
266739
266740
266744
266762
266765
266767
266768
266774
266782
266786
266788
266798
266806
266814
266816
266820
266824
266825
266826
266832
266835
266836
266839
266843
266844
266848
266851
266859
266872
266875
266883
266884
266892
266910
266914
266920
266925
266932
266933
266943
266948
266949
266951
266954
266960
266964
266967
266970
266971
266977
266978
266982
266984
266996
266999
267010
267011
267012
267018
267019
267021
267022
267025
267032
267033
267042
267043
267056
267060
267071
267076
267086
267088
267096
267098
267100
267103
267108
267110
267121
267123
267125
267132
267142
267143
267145
267148
267151
267159
267164
267165
267178
267179
267180
267182
267191
267201
267202
267207
267209
267213
267216
267222
267228
267232
267234
267237
267269
267271
267273
267274
267278
267281
267287
267288
267289
267290
267292
267303
267306
267310
267315
267316
267317
267318
267321
267325
267327
267329
267334
267338
267339
267343
267344
267349
267352
267354
267358
267361
267363
267364
267366
267367
267376
267380
267384
267385
267394
267398
267399
267400
267402
267403
267410
267427
267429
267430
267437
267441
267451
267453
267455
267457
267460
267461
267466
267468
267471
267475
267478
267480
267482
267489
267490
267497
267498
267502
267504
267508
267513
267519
267537
267538
267544
267545
267556
267558
267563
267571
267577
267579
267580
267583
267591
267592
267600
267607
267609
267610
267611
267612
267615
267625
267627
267642
267650
267656
267659
267660
267661
267664
267678
267684
267686
267693
267697
267703
267710
267714
267734
267739
267745
267749
267750
267755
267756
267762
267772
267781
267792
267801
267817
267821
267823
267830
267833
267834
267839
267840
267841
267850
267851
267855
267857
267866
267867
267869
267872
267878
267879
267880
267884
267888
267893
267898
267903
267920
267927
267934
267936
267937
267944
267950
267957
267962
267977
267982
267988
268005
268008
268010
268011
268017
268021
268024
268025
268026
268027
268032
268033
268035
268040
268046
268051
268069
268082
268084
268091
268093
268097
268110
268121
268123
268124
268126
268130
268134
268136
268143
268146
268147
268149
268163
268166
268187
268198
268200
268202
268206
268218
268224
268225
268226
268241
268242
268248
268256
268258
268263
268264
268266
268270
268284
268287
268290
268291
268300
268305
268306
268312
268313
268314
268315
268324
268327
268333
268340
268344
268361
268363
268364
268365
268368
268373
268374
268376
268379
268381
268384
268396
268399
268400
268401
268404
268410
268411
268414
268417
268420
268421
268428
268432
268437
268438
268443
268452
268454
268465
268468
268470
268475
268485
268489
268490
268497
268499
268501
268508
268519
268520
268524
268525
268532
268539
268540
268541
268542
268551
268553
268561
268576
268591
268601
268602
268603
268606
268616
268626
268634
268656
268660
268662
268663
268664
268666
268667
268671
268674
268675
268677
268685
268688
268692
268696
268706
268707
268712
268716
268738
268748
268754
268761
268767
268771
268776
268777
268779
268787
268796
268797
268798
268802
268805
268806
268832
268833
268842
268844
268845
268846
268876
268878
268881
268882
268887
268891
268894
268901
268907
268919
268921
268922
268933
268935
268937
268938
268950
268957
268961
268969
268970
268971
268974
268982
268988
268992
268993
268994
268995
268999
269004
269017
269019
269024
269029
269041
269042
269044
269046
269049
269052
269054
269066
269073
269075
269079
269086
269095
269096
269099
269110
269113
269119
269124
269129
269133
269153
269154
269157
269161
269167
269174
269175
269180
269184
269191
269192
269202
269203
269208
269216
269217
269227
269230
269233
269242
269249
269258
269260
269264
269277
269279
269282
269293
269297
269300
269301
269309
269313
269322
269323
269326
269327
269337
269342
269344
269345
269347
269352
269357
269358
269365
269366
269371
269377
269388
269390
269393
269398
269404
269405
269416
269422
269424
269426
269431
269436
269437
269441
269457
269460
269462
269463
269464
269467
269472
269476
269480
269481
269484
269497
269505
269512
269513
269519
269521
269522
269524
269531
269533
269537
269542
269546
269551
269552
269556
269558
269562
269568
269576
269581
269592
269599
269600
269605
269616
269619
269623
269624
269626
269630
269632
269634
269650
269661
269672
269673
269678
269680
269681
269683
269684
269685
269686
269696
269704
269706
269714
269716
269729
269730
269731
269733
269741
269746
269748
269749
269752
269755
269765
269771
269773
269774
269776
269780
269782
269783
269788
269789
269803
269805
269811
269820
269826
269834
269835
269844
269850
269851
269852
269858
269861
269864
269866
269870
269880
269881
269891
269893
269897
269898
269907
269909
269915
269921
269922
269942
269953
269955
269970
269977
269982
269997
269999
270001
270007
270009
270010
270016
270018
270021
270024
270027
270029
270030
270034
270036
270054
270060
270061
270063
270066
270081
270089
270091
270096
270100
270103
270107
270108
270113
270121
270134
270139
270149
270158
270174
270179
270181
270183
270188
270190
270192
270196
270197
270203
270204
270213
270215
270216
270219
270220
270222
270224
270225
270240
270245
270246
270248
270250
270262
270264
270265
270266
270272
270276
270279
270280
270283
270293
270294
270296
270303
270308
270309
270324
270327
270331
270335
270337
270338
270343
270362
270366
270371
270374
270383
270386
270387
270388
270392
270399
270426
270431
270444
270448
270454
270458
270462
270474
270476
270481
270485
270487
270488
270491
270501
270506
270508
270513
270514
270516
270521
270524
270528
270530
270539
270543
270547
270551
270557
270560
270564
270566
270569
270574
270582
270589
270592
270601
270610
270614
270615
270623
270630
270642
270651
270655
270656
270658
270664
270672
270676
270682
270683
270685
270691
270694
270695
270701
270702
270711
270712
270713
270725
270730
270731
270732
270735
270737
270738
270741
270744
270745
270749
270750
270752
270753
270756
270759
270768
270775
270790
270793
270804
270806
270807
270822
270829
270832
270838
270843
270846
270851
270855
270859
270881
270883
270885
270889
270894
270898
270902
270903
270913
270916
270919
270921
270925
270939
270942
270949
270952
270964
270969
270974
270981
271000
271001
271002
271006
271007
271023
271024
271030
271036
271038
271039
271042
271046
271048
271049
271050
271062
271065
271068
271071
271085
271087
271096
271099
271102
271108
271109
271114
271119
271120
271123
271124
271130
271139
271141
271147
271159
271160
271164
271170
271173
271182
271193
271194
271197
271209
271214
271216
271220
271221
271223
271234
271246
271248
271261
271274
271277
271282
271284
271287
271288
271292
271295
271300
271305
271306
271308
271311
271320
271324
271333
271335
271340
271343
271346
271358
271360
271361
271371
271373
271375
271405
271419
271422
271427
271429
271431
271434
271443
271445
271448
271452
271454
271467
271468
271473
271478
271479
271480
271482
271492
271500
271501
271504
271505
271511
271512
271514
271521
271523
271536
271540
271545
271554
271555
271557
271570
271571
271573
271579
271581
271587
271592
271595
271597
271611
271617
271624
271638
271647
271653
271656
271657
271666
271670
271673
271680
271685
271689
271699
271702
271711
271724
271726
271744
271747
271749
271751
271752
271755
271756
271759
271762
271775
271777
271780
271790
271805
271812
271814
271815
271824
271833
271844
271845
271848
271854
271859
271861
271862
271863
271864
271872
271876
271880
271882
271902
271914
271922
271924
271929
271931
271937
271938
271939
271942
271943
271952
271955
271959
271968
271969
271972
271982
271986
271988
271992
271995
271997
272003
272010
272021
272024
272031
272033
272034
272037
272039
272040
272041
272056
272062
272072
272075
272077
272084
272093
272111
272114
272131
272136
272137
272138
272150
272156
272161
272163
272168
272169
272178
272180
272187
272191
272195
272203
272207
272210
272212
272215
272217
272223
272233
272238
272241
272245
272246
272260
272271
272276
272284
272285
272288
272290
272295
272297
272298
272301
272306
272317
272320
272321
272322
272326
272329
272331
272332
272343
272345
272346
272351
272353
272354
272362
272363
272368
272374
272385
272388
272402
272404
272425
272428
272429
272440
272444
272456
272466
272469
272476
272495
272497
272498
272502
272503
272507
272510
272512
272514
272521
272522
272525
272526
272531
272539
272545
272561
272566
272574
272576
272589
272600
272608
272614
272619
272622
272623
272624
272627
272629
272630
272635
272639
272642
272649
272651
272663
272669
272673
272686
272693
272695
272702
272709
272710
272729
272733
272735
272736
272738
272740
272751
272763
272764
272770
272775
272780
272784
272786
272788
272790
272791
272794
272795
272796
272799
272802
272811
272817
272823
272833
272834
272838
272841
272846
272851
272854
272856
272857
272862
272869
272874
272878
272880
272881
272887
272890
272893
272901
272904
272908
272910
272912
272914
272915
272926
272927
272933
272934
272938
272946
272951
272960
272961
272963
272970
272975
272984
272988
272989
272995
273009
273011
273012
273028
273032
273041
273043
273045
273053
273056
273058
273064
273067
273079
273081
273088
273094
273096
273100
273109
273115
273119
273121
273122
273125
273128
273134
273137
273142
273146
273148
273150
273153
273164
273167
273171
273174
273183
273202
273204
273206
273209
273210
273212
273214
273220
273229
273245
273250
273253
273256
273267
273271
273279
273284
273292
273295
273296
273302
273304
273305
273307
273309
273312
273315
273318
273321
273323
273328
273337
273339
273343
273346
273376
273378
273387
273399
273412
273420
273427
273437
273450
273464
273468
273491
273494
273496
273497
273499
273501
273504
273505
273515
273516
273518
273530
273531
273536
273537
273538
273546
273554
273561
273562
273564
273572
273574
273576
273577
273583
273585
273591
273592
273606
273610
273612
273614
273631
273645
273650
273652
273657
273664
273669
273686
273695
273715
273724
273735
273738
273742
273755
273760
273761
273762
273769
273771
273773
273799
273822
273826
273827
273829
273833
273835
273836
273837
273843
273846
273847
273848
273859
273866
273868
273874
273884
273885
273894
273903
273904
273906
273908
273909
273912
273916
273920
273924
273928
273930
273933
273936
273942
273947
273962
273969
273978
273983
273997
274001
274011
274015
274020
274027
274029
274031
274037
274039
274047
274050
274054
274067
274069
274071
274072
274073
274075
274078
274080
274082
274088
274090
274095
274098
274100
274102
274109
274117
274120
274123
274134
274136
274138
274139
274141
274152
274154
274155
274158
274160
274171
274179
274180
274183
274193
274198
274199
274200
274201
274211
274212
274213
274214
274217
274221
274224
274231
274238
274242
274247
274263
274271
274278
274289
274290
274294
274296
274297
274313
274316
274321
274327
274332
274334
274338
274344
274345
274348
274351
274354
274368
274370
274374
274382
274384
274389
274391
274395
274398
274401
274406
274407
274411
274412
274420
274426
274427
274432
274436
274441
274442
274443
274449
274451
274457
274471
274481
274483
274485
274490
274492
274496
274503
274505
274509
274511
274513
274527
274530
274535
274544
274548
274551
274552
274562
274563
274569
274570
274573
274579
274580
274581
274585
274588
274594
274598
274599
274609
274617
274618
274621
274622
274626
274628
274632
274636
274641
274642
274646
274647
274650
274652
274653
274655
274656
274657
274662
274670
274673
274676
274682
274694
274707
274709
274712
274713
274719
274720
274721
274723
274725
274728
274740
274751
274760
274780
274787
274790
274796
274806
274807
274808
274816
274820
274821
274822
274830
274841
274842
274846
274855
274867
274870
274871
274878
274879
274880
274891
274894
274906
274907
274909
274913
274917
274921
274929
274936
274937
274938
274939
274940
274942
274951
274954
274957
274959
274961
274962
274965
274973
274992
274995
274999
275003
275007
275008
275010
275012
275015
275016
275018
275019
275033
275042
275044
275045
275055
275057
275062
275063
275070
275071
275078
275089
275091
275092
275101
275107
275112
275117
275128
275135
275149
275151
275156
275161
275177
275178
275181
275182
275183
275205
275209
275216
275226
275230
275232
275236
275242
275247
275249
275251
275254
275263
275264
275267
275268
275275
275277
275283
275290
275296
275297
275298
275305
275313
275319
275321
275324
275326
275343
275345
275356
275373
275380
275383
275387
275403
275404
275412
275420
275428
275429
275433
275434
275442
275444
275447
275449
275465
275466
275472
275480
275481
275485
275493
275507
275511
275513
275520
275526
275527
275530
275540
275549
275555
275565
275567
275581
275587
275588
275591
275593
275595
275599
275603
275605
275612
275618
275619
275621
275625
275640
275643
275644
275658
275660
275661
275666
275685
275692
275697
275700
275715
275716
275717
275727
275740
275745
275751
275758
275761
275763
275774
275779
275782
275783
275785
275790
275817
275825
275830
275831
275834
275836
275845
275853
275858
275860
275866
275881
275882
275885
275888
275896
275928
275929
275931
275934
275944
275964
275968
275969
275972
275975
275979
275985
275988
275996
276003
276012
276032
276035
276037
276039
276042
276043
276061
276068
276082
276086
276097
276099
276111
276118
276120
276122
276127
276135
276138
276139
276141
276145
276148
276154
276156
276160
276164
276168
276171
276176
276193
276199
276202
276210
276218
276222
276231
276236
276244
276247
276248
276259
276261
276267
276273
276274
276275
276276
276282
276286
276287
276292
276294
276297
276300
276312
276317
276319
276320
276331
276336
276341
276343
276348
276350
276352
276353
276366
276374
276379
276381
276385
276387
276388
276389
276392
276393
276402
276408
276417
276418
276420
276426
276428
276431
276437
276438
276453
276458
276459
276463
276469
276470
276472
276475
276477
276480
276491
276492
276493
276500
276502
276507
276511
276513
276514
276525
276530
276537
276544
276550
276551
276558
276563
276565
276575
276580
276584
276587
276591
276593
276600
276602
276612
276613
276626
276627
276630
276636
276638
276644
276645
276647
276649
276657
276666
276667
276669
276681
276689
276690
276698
276700
276702
276712
276725
276726
276734
276735
276740
276748
276767
276783
276788
276791
276801
276802
276803
276811
276816
276837
276841
276844
276865
276872
276881
276882
276883
276893
276899
276901
276902
276907
276918
276919
276934
276937
276938
276942
276946
276954
276955
276958
276960
276969
276981
276982
276990
276991
276994
276995
277029
277030
277036
277042
277043
277046
277052
277057
277058
277061
277066
277070
277071
277095
277096
277102
277113
277114
277115
277117
277119
277123
277127
277146
277147
277148
277149
277150
277156
277158
277161
277163
277177
277181
277184
277187
277193
277194
277196
277201
277213
277225
277227
277236
277238
277240
277243
277244
277245
277246
277260
277266
277269
277285
277294
277299
277301
277307
277313
277314
277319
277320
277322
277323
277327
277328
277333
277340
277343
277350
277352
277361
277370
277372
277373
277376
277379
277384
277396
277401
277407
277409
277411
277415
277423
277424
277426
277431
277434
277437
277442
277450
277460
277461
277468
277472
277473
277477
277478
277485
277487
277493
277494
277504
277511
277514
277518
277521
277523
277536
277537
277545
277547
277548
277555
277559
277560
277562
277565
277567
277572
277573
277574
277577
277584
277590
277594
277596
277597
277605
277609
277614
277618
277632
277634
277637
277641
277652
277654
277659
277664
277666
277672
277682
277685
277688
277692
277698
277715
277723
277725
277726
277730
277732
277733
277740
277743
277745
277747
277754
277757
277758
277759
277765
277782
277785
277792
277795
277798
277801
277802
277804
277808
277815
277822
277837
277840
277843
277844
277857
277860
277866
277867
277868
277869
277881
277882
277884
277886
277887
277889
277893
277901
277908
277925
277926
277929
277950
277961
277967
277969
277970
277971
277973
277975
277986
277991
277996
277999
278000
278008
278010
278012
278013
278026
278056
278058
278067
278075
278083
278091
278097
278100
278112
278113
278118
278132
278133
278137
278139
278148
278149
278153
278154
278156
278162
278187
278189
278194
278196
278197
278201
278203
278208
278223
278238
278239
278243
278244
278248
278257
278263
278267
278271
278282
278284
278293
278302
278303
278304
278306
278307
278310
278312
278333
278354
278355
278360
278368
278373
278376
278378
278380
278382
278383
278387
278388
278394
278398
278401
278403
278406
278408
278412
278415
278417
278418
278419
278422
278424
278425
278432
278435
278439
278444
278455
278468
278476
278477
278484
278486
278489
278490
278501
278506
278510
278513
278522
278526
278531
278537
278538
278554
278556
278558
278562
278565
278572
278574
278576
278580
278587
278594
278595
278596
278606
278611
278614
278615
278618
278637
278641
278650
278655
278663
278667
278671
278678
278682
278687
278690
278691
278699
278701
278707
278710
278714
278718
278721
278727
278728
278732
278733
278735
278744
278754
278756
278760
278763
278770
278771
278775
278777
278781
278788
278795
278797
278807
278810
278811
278816
278821
278822
278823
278831
278839
278840
278845
278856
278859
278868
278872
278873
278875
278878
278881
278887
278890
278899
278903
278909
278910
278911
278920
278924
278937
278947
278954
278957
278960
278967
278970
278974
278975
278976
278979
278983
278986
278989
278992
278993
278994
278996
278999
279001
279002
279007
279008
279013
279014
279020
279025
279026
279036
279037
279038
279044
279046
279047
279057
279059
279061
279073
279078
279085
279099
279102
279106
279109
279123
279125
279145
279149
279150
279156
279158
279164
279167
279170
279174
279184
279185
279188
279191
279193
279197
279198
279204
279213
279220
279225
279230
279236
279239
279240
279246
279247
279250
279253
279262
279269
279274
279280
279282
279284
279285
279287
279288
279310
279311
279312
279313
279318
279323
279330
279332
279345
279346
279350
279351
279360
279363
279370
279371
279379
279381
279384
279385
279387
279390
279391
279404
279406
279412
279413
279416
279426
279428
279429
279435
279441
279442
279444
279450
279453
279456
279468
279471
279473
279474
279475
279486
279488
279492
279515
279516
279522
279527
279537
279538
279540
279545
279550
279555
279558
279568
279570
279579
279582
279583
279585
279586
279589
279597
279604
279606
279609
279614
279616
279621
279635
279640
279641
279654
279658
279663
279674
279679
279681
279693
279699
279704
279707
279713
279718
279720
279723
279725
279727
279733
279734
279748
279749
279752
279755
279758
279759
279761
279763
279764
279769
279770
279771
279772
279787
279794
279796
279805
279812
279813
279820
279825
279826
279838
279842
279849
279854
279857
279862
279863
279865
279880
279883
279891
279894
279895
279897
279908
279918
279925
279927
279932
279934
279939
279940
279942
279948
279951
279955
279956
279957
279967
279969
279975
279989
279990
279997
279999
280002
280005
280017
280020
280021
280024
280025
280037
280043
280046
280048
280049
280051
280052
280055
280061
280065
280073
280095
280101
280104
280105
280106
280109
280124
280127
280131
280137
280143
280144
280146
280147
280152
280162
280171
280173
280178
280188
280190
280195
280199
280200
280202
280207
280209
280210
280212
280217
280220
280224
280231
280232
280238
280253
280259
280260
280266
280270
280271
280281
280287
280289
280300
280302
280305
280315
280321
280323
280330
280331
280333
280346
280355
280360
280370
280379
280382
280384
280385
280387
280390
280392
280397
280401
280406
280410
280413
280416
280425
280427
280429
280436
280438
280441
280442
280443
280448
280461
280465
280468
280473
280484
280492
280493
280494
280499
280512
280539
280541
280544
280548
280550
280552
280566
280568
280569
280571
280578
280581
280591
280600
280605
280611
280628
280632
280646
280648
280652
280658
280663
280671
280672
280683
280686
280689
280690
280700
280701
280702
280705
280708
280709
280713
280720
280721
280724
280726
280728
280729
280732
280735
280736
280749
280754
280758
280760
280761
280762
280765
280766
280768
280769
280770
280775
280780
280781
280787
280789
280798
280804
280807
280809
280811
280813
280815
280816
280817
280820
280822
280840
280845
280850
280853
280857
280858
280865
280874
280877
280885
280886
280894
280908
280910
280913
280915
280920
280921
280938
280944
280946
280955
280956
280967
280974
280980
280994
280999
281018
281020
281021
281025
281030
281031
281036
281039
281044
281045
281047
281049
281050
281060
281068
281073
281076
281081
281089
281090
281093
281109
281111
281116
281120
281121
281123
281125
281127
281139
281146
281156
281165
281166
281171
281173
281175
281177
281178
281180
281182
281184
281187
281188
281190
281195
281200
281204
281206
281207
281210
281213
281220
281222
281227
281232
281234
281237
281247
281254
281255
281259
281261
281271
281272
281273
281279
281280
281282
281289
281295
281302
281308
281318
281330
281335
281337
281339
281340
281345
281346
281351
281357
281359
281370
281381
281397
281402
281407
281415
281424
281430
281441
281449
281454
281463
281465
281473
281477
281480
281482
281485
281487
281493
281497
281503
281517
281525
281530
281531
281534
281537
281538
281539
281541
281547
281549
281558
281566
281569
281581
281584
281588
281590
281592
281595
281597
281603
281605
281606
281611
281617
281618
281619
281621
281623
281624
281632
281635
281646
281651
281652
281656
281658
281661
281663
281665
281677
281678
281680
281702
281708
281719
281720
281723
281729
281730
281740
281743
281746
281750
281768
281772
281777
281781
281783
281784
281787
281788
281792
281800
281801
281805
281813
281814
281817
281829
281830
281843
281846
281854
281855
281866
281868
281877
281882
281893
281896
281897
281899
281902
281913
281917
281918
281925
281935
281936
281937
281941
281948
281949
281954
281958
281964
281968
281971
281972
281981
281982
281984
281989
281990
282003
282005
282009
282028
282034
282036
282038
282039
282043
282046
282057
282059
282062
282065
282068
282080
282082
282085
282088
282093
282096
282097
282100
282104
282105
282106
282118
282121
282125
282127
282143
282145
282147
282155
282158
282166
282167
282173
282181
282182
282183
282187
282189
282193
282194
282202
282203
282210
282212
282213
282215
282220
282227
282232
282237
282250
282251
282256
282269
282271
282275
282280
282282
282295
282305
282309
282314
282315
282316
282318
282323
282328
282332
282340
282347
282368
282372
282377
282378
282379
282391
282393
282402
282404
282413
282414
282416
282424
282443
282446
282450
282454
282460
282461
282466
282471
282472
282479
282483
282494
282495
282500
282502
282506
282507
282508
282513
282515
282519
282525
282529
282540
282547
282554
282556
282558
282559
282566
282571
282573
282577
282578
282595
282599
282605
282609
282611
282624
282630
282631
282632
282634
282635
282637
282639
282650
282652
282659
282660
282662
282663
282668
282669
282678
282681
282687
282689
282693
282697
282709
282714
282716
282722
282723
282726
282727
282740
282742
282744
282752
282754
282756
282758
282763
282767
282771
282774
282776
282787
282792
282799
282803
282806
282808
282811
282814
282817
282818
282820
282824
282830
282835
282836
282837
282838
282851
282852
282862
282867
282868
282877
282886
282887
282904
282909
282917
282918
282919
282920
282929
282938
282943
282949
282960
282962
282963
282969
282975
282979
282982
282987
282997
283000
283006
283007
283009
283015
283016
283021
283024
283050
283052
283057
283060
283064
283066
283072
283073
283074
283081
283084
283093
283101
283105
283111
283114
283115
283116
283122
283123
283126
283127
283130
283134
283135
283143
283155
283159
283160
283163
283178
283187
283188
283191
283193
283196
283198
283214
283222
283226
283231
283243
283244
283246
283250
283251
283255
283265
283267
283268
283272
283273
283277
283285
283287
283289
283293
283300
283307
283311
283313
283322
283325
283339
283345
283360
283368
283372
283377
283385
283386
283393
283403
283407
283421
283426
283428
283440
283446
283457
283472
283481
283484
283492
283499
283500
283517
283524
283528
283536
283541
283543
283544
283549
283552
283553
283557
283559
283564
283582
283588
283598
283600
283601
283610
283622
283624
283626
283629
283633
283643
283645
283646
283647
283673
283686
283688
283697
283699
283700
283703
283706
283709
283713
283717
283721
283745
283757
283769
283771
283772
283784
283803
283829
283835
283839
283846
283863
283864
283865
283867
283874
283892
283893
283900
283901
283905
283907
283912
283914
283919
283929
283943
283945
283947
283951
283953
283955
283957
283961
283972
283977
283978
283981
283982
283984
283988
283997
284011
284022
284032
284036
284039
284043
284048
284051
284052
284060
284070
284074
284086
284093
284094
284096
284108
284109
284110
284113
284116
284119
284124
284127
284128
284129
284140
284144
284146
284148
284150
284153
284155
284158
284164
284167
284168
284170
284179
284181
284182
284183
284185
284187
284190
284197
284204
284206
284216
284218
284228
284230
284232
284234
284249
284251
284252
284254
284262
284263
284279
284280
284284
284289
284293
284294
284295
284302
284314
284317
284318
284322
284327
284328
284329
284334
284348
284349
284355
284356
284357
284358
284393
284398
284411
284414
284416
284422
284429
284436
284440
284442
284443
284452
284454
284455
284458
284462
284464
284465
284469
284470
284473
284484
284496
284498
284501
284510
284514
284526
284531
284533
284534
284535
284537
284539
284547
284549
284552
284559
284565
284581
284584
284591
284596
284598
284607
284608
284610
284615
284617
284624
284627
284632
284633
284634
284638
284644
284649
284650
284660
284663
284664
284667
284689
284696
284697
284699
284704
284709
284710
284712
284716
284722
284740
284753
284764
284768
284774
284776
284780
284781
284788
284794
284809
284814
284815
284816
284821
284825
284843
284853
284855
284858
284863
284870
284871
284873
284881
284887
284888
284903
284904
284920
284923
284925
284926
284929
284937
284938
284945
284946
284947
284951
284953
284958
284965
284968
284969
284980
284983
284984
284988
284989
284990
284994
285001
285002
285004
285035
285048
285049
285054
285062
285065
285068
285073
285081
285083
285084
285092
285102
285103
285107
285111
285112
285113
285125
285126
285127
285132
285137
285140
285143
285157
285158
285167
285168
285169
285173
285176
285177
285188
285205
285206
285207
285208
285215
285224
285229
285235
285237
285239
285249
285256
285257
285264
285266
285274
285290
285296
285307
285309
285314
285322
285328
285333
285334
285345
285348
285355
285366
285368
285373
285375
285385
285387
285396
285399
285400
285408
285411
285424
285425
285432
285434
285438
285441
285446
285475
285493
285496
285508
285512
285518
285519
285520
285527
285536
285541
285546
285551
285552
285554
285561
285567
285571
285575
285580
285581
285600
285607
285608
285609
285611
285612
285623
285642
285647
285648
285653
285666
285673
285674
285682
285687
285688
285707
285711
285719
285730
285731
285738
285747
285750
285761
285764
285767
285780
285784
285788
285794
285795
285802
285805
285820
285821
285823
285825
285827
285829
285832
285843
285848
285860
285864
285883
285886
285889
285892
285899
285900
285903
285904
285910
285911
285913
285917
285918
285922
285929
285936
285943
285948
285949
285950
285952
285953
285955
285957
285965
285972
285973
285977
285979
285988
285989
285992
285998
286018
286019
286026
286028
286034
286039
286042
286046
286059
286061
286067
286068
286071
286076
286086
286087
286088
286093
286098
286100
286102
286104
286108
286120
286124
286127
286141
286148
286149
286156
286157
286162
286178
286183
286184
286186
286191
286192
286194
286201
286204
286210
286211
286218
286222
286225
286228
286252
286260
286266
286268
286279
286282
286286
286289
286291
286324
286338
286342
286354
286356
286358
286362
286364
286385
286391
286397
286400
286402
286404
286408
286410
286412
286418
286424
286433
286435
286449
286459
286463
286464
286465
286470
286481
286483
286491
286495
286496
286498
286502
286505
286506
286510
286511
286513
286516
286518
286520
286530
286540
286544
286546
286548
286550
286554
286559
286564
286566
286567
286570
286576
286583
286591
286592
286593
286596
286598
286603
286608
286609
286613
286616
286618
286625
286632
286634
286640
286649
286656
286659
286663
286666
286667
286669
286670
286680
286684
286687
286688
286689
286692
286694
286702
286705
286706
286712
286723
286748
286754
286766
286772
286773
286781
286791
286792
286794
286796
286802
286804
286807
286823
286826
286831
286832
286835
286847
286852
286853
286858
286862
286885
286896
286907
286911
286913
286916
286917
286919
286924
286928
286929
286931
286934
286935
286940
286941
286944
286945
286946
286947
286948
286951
286954
286957
286958
286959
286960
286962
286965
286968
286969
286972
286973
286976
286979
286981
286982
286987
286988
286989
286991
286997
287010
287017
287024
287026
287029
287031
287032
287035
287039
287040
287041
287053
287054
287055
287060
287061
287072
287076
287079
287099
287113
287120
287128
287138
287139
287140
287142
287153
287159
287160
287161
287164
287169
287173
287183
287184
287188
287191
287199
287200
287201
287219
287229
287230
287234
287235
287240
287243
287256
287257
287262
287263
287270
287273
287278
287283
287284
287285
287286
287288
287300
287302
287324
287331
287332
287339
287345
287346
287350
287357
287367
287368
287371
287392
287394
287396
287400
287413
287420
287421
287432
287441
287445
287447
287451
287456
287457
287469
287478
287482
287484
287492
287493
287497
287503
287504
287505
287506
287527
287532
287533
287534
287536
287537
287547
287552
287554
287560
287567
287579
287581
287584
287594
287596
287602
287604
287613
287634
287638
287640
287646
287649
287657
287661
287668
287673
287675
287677
287681
287688
287690
287693
287694
287696
287704
287709
287714
287717
287727
287743
287745
287750
287752
287756
287761
287768
287781
287792
287798
287802
287803
287805
287806
287807
287808
287811
287813
287818
287822
287824
287825
287826
287831
287838
287849
287850
287851
287852
287855
287858
287859
287865
287874
287876
287882
287888
287894
287897
287900
287901
287904
287909
287915
287919
287928
287931
287932
287945
287963
287965
287967
287969
287974
287981
287987
287990
287993
287997
288008
288017
288036
288038
288039
288040
288049
288051
288052
288056
288058
288059
288062
288067
288070
288082
288088
288090
288093
288096
288097
288105
288110
288121
288142
288147
288159
288162
288169
288173
288192
288193
288198
288200
288203
288210
288211
288213
288215
288218
288219
288233
288249
288251
288254
288257
288264
288265
288268
288269
288270
288278
288297
288305
288306
288309
288313
288315
288325
288333
288336
288341
288342
288360
288361
288369
288374
288378
288383
288389
288392
288397
288402
288421
288425
288427
288429
288445
288455
288457
288459
288466
288473
288478
288488
288491
288502
288517
288518
288523
288525
288529
288534
288536
288537
288538
288547
288548
288551
288558
288575
288580
288581
288583
288584
288585
288588
288589
288596
288602
288603
288613
288615
288616
288625
288626
288627
288628
288630
288634
288638
288639
288643
288645
288661
288668
288681
288686
288691
288704
288714
288733
288737
288738
288748
288749
288750
288751
288753
288754
288758
288765
288766
288767
288769
288777
288779
288782
288787
288790
288795
288797
288801
288810
288814
288822
288831
288841
288842
288851
288863
288868
288871
288872
288873
288880
288882
288886
288895
288897
288898
288899
288903
288904
288912
288913
288919
288924
288930
288936
288940
288944
288947
288951
288954
288959
288964
288968
288969
288976
288988
288995
289006
289007
289013
289014
289016
289017
289022
289029
289030
289032
289034
289038
289043
289048
289051
289060
289063
289065
289075
289077
289079
289081
289082
289088
289097
289126
289130
289132
289137
289140
289141
289145
289156
289159
289163
289164
289169
289172
289173
289176
289181
289187
289192
289196
289197
289198
289201
289205
289207
289209
289212
289213
289224
289226
289237
289251
289256
289258
289267
289272
289274
289276
289286
289288
289289
289292
289297
289309
289310
289318
289324
289341
289348
289354
289361
289365
289369
289371
289373
289374
289377
289385
289386
289388
289389
289411
289417
289423
289430
289431
289440
289442
289443
289456
289457
289466
289469
289472
289478
289484
289485
289486
289487
289501
289510
289516
289519
289520
289521
289529
289536
289537
289539
289542
289543
289544
289550
289558
289561
289569
289570
289574
289577
289583
289584
289591
289600
289605
289613
289615
289619
289620
289622
289633
289636
289661
289664
289674
289678
289681
289689
289692
289697
289699
289703
289706
289708
289712
289714
289721
289725
289726
289730
289736
289742
289746
289747
289756
289762
289772
289779
289782
289784
289796
289801
289803
289804
289808
289815
289820
289821
289825
289831
289832
289835
289843
289857
289858
289868
289875
289876
289878
289882
289886
289887
289896
289906
289908
289916
289917
289921
289922
289928
289929
289931
289934
289940
289944
289947
289949
289950
289952
289954
289976
289981
289985
289988
289997
289999
290000
290005
290016
290036
290042
290044
290053
290058
290069
290074
290075
290076
290078
290098
290099
290104
290105
290118
290122
290128
290144
290148
290163
290164
290167
290168
290171
290173
290178
290180
290181
290182
290187
290196
290203
290204
290205
290206
290207
290208
290209
290211
290225
290238
290239
290240
290249
290256
290258
290259
290260
290262
290266
290267
290270
290276
290283
290284
290288
290290
290293
290296
290297
290304
290308
290309
290311
290321
290322
290326
290328
290330
290335
290346
290353
290360
290362
290364
290366
290372
290375
290377
290386
290388
290390
290398
290404
290406
290411
290412
290415
290420
290426
290429
290431
290439
290440
290443
290451
290459
290461
290463
290470
290473
290474
290476
290479
290484
290485
290486
290491
290493
290497
290511
290512
290514
290515
290520
290522
290524
290532
290534
290540
290545
290563
290566
290569
290572
290577
290583
290585
290586
290587
290592
290603
290604
290610
290614
290615
290617
290619
290620
290625
290636
290638
290654
290657
290664
290666
290678
290679
290686
290696
290705
290710
290716
290730
290733
290735
290739
290750
290751
290761
290770
290778
290779
290784
290787
290788
290789
290792
290793
290795
290798
290807
290808
290811
290812
290815
290822
290825
290826
290833
290835
290836
290838
290841
290848
290852
290856
290860
290870
290879
290880
290888
290897
290902
290908
290909
290912
290913
290918
290920
290930
290934
290937
290941
290945
290947
290949
290952
290953
290954
290958
290959
290960
290964
290966
290968
290973
290978
290986
290992
290993
291001
291003
291007
291010
291011
291012
291016
291029
291033
291035
291037
291039
291043
291044
291049
291057
291066
291068
291079
291090
291093
291096
291097
291104
291117
291118
291120
291126
291127
291129
291139
291148
291150
291153
291159
291164
291169
291172
291190
291191
291192
291203
291212
291213
291221
291224
291229
291234
291239
291253
291265
291266
291275
291279
291281
291283
291284
291294
291296
291299
291318
291323
291324
291325
291329
291336
291337
291351
291352
291353
291359
291364
291370
291373
291385
291386
291387
291402
291408
291417
291418
291422
291428
291434
291439
291445
291447
291452
291473
291477
291479
291486
291487
291488
291489
291490
291491
291492
291496
291498
291516
291525
291532
291540
291542
291543
291544
291546
291554
291557
291560
291562
291564
291567
291582
291583
291585
291599
291603
291606
291612
291613
291626
291630
291634
291639
291646
291658
291663
291677
291692
291701
291702
291703
291706
291710
291711
291718
291723
291724
291725
291735
291737
291738
291744
291747
291755
291759
291761
291770
291774
291788
291798
291799
291814
291815
291821
291822
291825
291828
291836
291842
291851
291855
291861
291870
291875
291877
291878
291886
291895
291896
291899
291900
291904
291910
291917
291924
291930
291933
291937
291945
291948
291950
291956
291970
291973
291974
291975
291977
291979
291986
291988
291999
292003
292015
292016
292021
292030
292038
292041
292048
292050
292055
292059
292060
292063
292071
292073
292074
292077
292079
292087
292090
292092
292095
292100
292110
292111
292113
292115
292123
292124
292129
292133
292134
292136
292141
292149
292152
292155
292164
292165
292172
292180
292183
292198
292205
292207
292219
292223
292226
292229
292230
292235
292236
292238
292240
292243
292245
292256
292265
292266
292270
292271
292273
292274
292276
292277
292282
292283
292289
292290
292293
292294
292298
292301
292306
292308
292315
292320
292321
292329
292341
292345
292351
292367
292370
292371
292373
292381
292383
292399
292420
292427
292430
292442
292445
292446
292451
292466
292473
292478
292481
292484
292489
292501
292503
292507
292517
292528
292538
292540
292543
292546
292547
292555
292557
292558
292561
292563
292569
292573
292578
292579
292580
292583
292585
292596
292599
292601
292604
292608
292616
292617
292628
292632
292636
292638
292648
292649
292654
292655
292659
292660
292661
292671
292682
292690
292692
292700
292708
292717
292721
292724
292730
292740
292745
292755
292773
292783
292797
292800
292801
292803
292805
292808
292815
292819
292823
292830
292832
292836
292842
292851
292855
292858
292866
292872
292877
292879
292880
292882
292883
292894
292907
292913
292917
292918
292928
292929
292932
292934
292939
292940
292946
292950
292959
292960
292963
292968
292973
292976
292988
292998
293021
293025
293030
293031
293032
293037
293048
293049
293054
293061
293063
293065
293066
293069
293073
293077
293078
293087
293088
293093
293097
293099
293107
293112
293113
293151
293154
293158
293167
293168
293175
293176
293187
293189
293198
293208
293210
293214
293215
293217
293222
293229
293236
293241
293256
293263
293277
293303
293305
293312
293315
293316
293321
293322
293325
293335
293343
293348
293349
293357
293368
293378
293381
293382
293386
293392
293394
293399
293400
293401
293406
293413
293414
293415
293419
293424
293428
293437
293441
293458
293461
293462
293469
293473
293478
293488
293496
293501
293502
293504
293513
293514
293520
293526
293531
293544
293548
293550
293556
293558
293559
293561
293564
293567
293574
293594
293609
293620
293624
293632
293634
293639
293642
293649
293651
293659
293661
293665
293667
293670
293672
293681
293682
293684
293685
293688
293692
293696
293702
293706
293707
293708
293719
293720
293721
293727
293736
293737
293739
293741
293743
293760
293775
293777
293781
293783
293788
293789
293790
293795
293797
293800
293812
293815
293816
293823
293827
293829
293831
293835
293836
293843
293844
293851
293856
293867
293874
293877
293884
293886
293899
293911
293916
293919
293926
293936
293939
293941
293944
293952
293960
293965
293972
293973
293977
293978
293980
293981
293988
293992
293996
293999
294001
294018
294031
294036
294040
294045
294047
294049
294050
294054
294058
294059
294060
294063
294066
294069
294080
294089
294090
294091
294092
294099
294108
294112
294113
294118
294119
294122
294123
294127
294136
294145
294157
294159
294160
294164
294165
294171
294172
294180
294188
294191
294193
294194
294198
294206
294209
294220
294235
294247
294250
294254
294256
294258
294273
294282
294285
294291
294296
294305
294307
294308
294311
294317
294325
294333
294334
294346
294348
294355
294359
294361
294365
294367
294369
294370
294373
294375
294376
294379
294380
294389
294390
294391
294394
294395
294396
294397
294398
294400
294406
294413
294416
294417
294420
294422
294424
294425
294429
294432
294437
294443
294447
294460
294461
294466
294472
294476
294478
294479
294480
294499
294502
294504
294510
294513
294515
294525
294529
294530
294539
294556
294560
294571
294581
294587
294595
294602
294609
294610
294613
294622
294629
294640
294646
294652
294660
294666
294673
294690
294694
294698
294700
294704
294708
294709
294713
294716
294718
294720
294723
294725
294752
294754
294755
294759
294760
294765
294770
294788
294789
294796
294797
294804
294815
294816
294818
294822
294826
294827
294830
294831
294832
294838
294839
294845
294846
294863
294879
294884
294901
294902
294905
294910
294911
294914
294916
294917
294918
294923
294928
294933
294937
294945
294947
294948
294954
294955
294963
294971
294996
295000
295002
295003
295005
295008
295011
295015
295030
295036
295038
295057
295064
295067
295073
295095
295097
295098
295100
295108
295109
295111
295118
295119
295122
295128
295129
295130
295132
295133
295145
295146
295152
295154
295159
295160
295161
295164
295168
295177
295184
295189
295196
295204
295210
295216
295218
295219
295225
295235
295256
295257
295271
295276
295279
295280
295284
295292
295307
295308
295312
295320
295321
295322
295328
295329
295334
295345
295350
295352
295357
295358
295365
295384
295387
295388
295392
295393
295397
295400
295402
295409
295416
295420
295421
295433
295436
295439
295444
295449
295452
295472
295474
295482
295484
295486
295487
295493
295501
295507
295511
295513
295518
295519
295523
295524
295534
295538
295539
295542
295543
295546
295548
295549
295551
295558
295559
295561
295581
295583
295589
295590
295611
295613
295616
295617
295619
295620
295624
295629
295630
295632
295635
295638
295643
295646
295649
295655
295659
295660
295668
295675
295677
295681
295684
295690
295691
295693
295697
295704
295708
295721
295725
295730
295737
295739
295740
295742
295744
295746
295749
295750
295760
295761
295762
295763
295775
295776
295777
295790
295794
295799
295804
295807
295809
295810
295812
295819
295821
295822
295823
295825
295834
295839
295843
295847
295848
295849
295853
295854
295866
295868
295869
295873
295876
295879
295889
295902
295903
295906
295908
295912
295914
295931
295933
295953
295962
295967
295971
295976
295980
295981
295987
295999
296000
296002
296009
296016
296024
296030
296041
296049
296054
296058
296059
296066
296069
296084
296091
296094
296096
296104
296112
296114
296117
296121
296124
296128
296135
296138
296139
296140
296141
296142
296145
296148
296149
296157
296160
296166
296172
296173
296175
296179
296194
296201
296207
296210
296213
296222
296232
296234
296235
296244
296253
296254
296258
296265
296267
296268
296269
296271
296272
296274
296281
296286
296287
296294
296296
296303
296310
296312
296314
296317
296320
296324
296325
296335
296341
296353
296361
296365
296367
296369
296371
296376
296380
296381
296387
296388
296389
296400
296407
296409
296414
296420
296422
296431
296432
296433
296434
296438
296446
296451
296462
296463
296464
296468
296470
296479
296480
296485
296492
296494
296495
296524
296529
296534
296543
296545
296559
296562
296564
296571
296572
296576
296583
296584
296587
296595
296597
296598
296608
296618
296622
296626
296629
296635
296642
296647
296650
296652
296662
296663
296669
296673
296676
296677
296691
296699
296704
296714
296729
296731
296735
296739
296744
296751
296752
296754
296768
296774
296786
296787
296790
296820
296825
296828
296829
296831
296835
296836
296839
296845
296851
296852
296855
296861
296869
296870
296880
296884
296894
296904
296927
296936
296946
296957
296965
296982
296984
296988
296992
296994
296996
297000
297006
297007
297014
297018
297019
297043
297047
297051
297052
297058
297059
297067
297068
297079
297087
297089
297090
297101
297104
297105
297108
297110
297116
297119
297120
297128
297138
297141
297145
297146
297149
297155
297160
297168
297177
297179
297182
297184
297186
297187
297210
297212
297215
297221
297230
297232
297233
297234
297247
297250
297252
297255
297261
297264
297265
297269
297270
297271
297275
297280
297281
297283
297291
297292
297294
297295
297301
297302
297305
297310
297311
297312
297318
297321
297331
297336
297340
297348
297354
297355
297364
297365
297379
297384
297394
297409
297410
297411
297419
297420
297427
297428
297437
297441
297442
297459
297462
297464
297465
297473
297483
297486
297489
297490
297495
297498
297502
297504
297505
297532
297534
297542
297549
297553
297559
297570
297571
297581
297583
297593
297603
297611
297612
297614
297623
297625
297626
297628
297629
297636
297643
297646
297660
297661
297669
297673
297675
297689
297694
297700
297702
297703
297709
297714
297715
297718
297723
297740
297741
297744
297754
297755
297756
297775
297785
297786
297791
297793
297796
297798
297799
297805
297809
297820
297821
297822
297825
297832
297836
297838
297844
297848
297852
297865
297873
297890
297893
297894
297896
297905
297906
297916
297918
297920
297940
297944
297952
297953
297958
297959
297966
297971
297975
297980
297983
297985
297989
297995
297996
297997
297998
297999
298003
298009
298014
298016
298019
298026
298035
298041
298048
298052
298053
298055
298056
298072
298074
298080
298082
298086
298087
298091
298092
298097
298104
298106
298114
298116
298129
298130
298139
298145
298152
298153
298160
298163
298168
298169
298172
298179
298181
298183
298188
298191
298193
298197
298201
298204
298209
298212
298218
298222
298234
298243
298251
298252
298260
298283
298288
298293
298296
298300
298303
298306
298309
298310
298316
298324
298331
298334
298340
298341
298342
298354
298359
298361
298366
298374
298377
298383
298397
298403
298408
298410
298414
298420
298425
298426
298427
298429
298435
298436
298437
298441
298444
298451
298456
298461
298465
298471
298473
298477
298488
298489
298490
298492
298496
298501
298502
298510
298512
298525
298527
298528
298529
298531
298533
298539
298541
298556
298558
298566
298571
298576
298577
298585
298593
298604
298610
298613
298623
298634
298641
298643
298664
298668
298672
298675
298679
298680
298683
298684
298686
298687
298690
298695
298696
298700
298708
298709
298711
298715
298719
298720
298724
298740
298746
298755
298758
298763
298774
298775
298783
298784
298787
298789
298802
298804
298808
298821
298822
298828
298835
298846
298847
298848
298854
298855
298861
298865
298872
298875
298876
298881
298896
298900
298901
298909
298911
298916
298918
298925
298926
298935
298943
298951
298956
298958
298962
298963
298967
298982
298990
298991
298994
298997
299002
299004
299012
299016
299022
299026
299037
299038
299053
299073
299077
299092
299094
299105
299116
299123
299126
299128
299133
299156
299164
299170
299171
299172
299173
299186
299189
299197
299198
299199
299205
299208
299211
299220
299254
299257
299265
299275
299276
299280
299294
299300
299307
299311
299312
299318
299319
299320
299322
299327
299336
299352
299358
299362
299363
299364
299365
299369
299371
299373
299374
299377
299378
299415
299416
299428
299429
299437
299440
299442
299454
299455
299461
299469
299470
299478
299483
299484
299490
299516
299518
299530
299533
299541
299542
299543
299544
299547
299549
299550
299559
299561
299569
299571
299578
299583
299587
299590
299592
299614
299640
299651
299657
299662
299664
299667
299671
299681
299686
299692
299707
299711
299715
299718
299719
299722
299723
299731
299734
299740
299743
299744
299750
299753
299756
299760
299764
299774
299776
299779
299785
299786
299790
299802
299805
299809
299810
299812
299814
299815
299818
299819
299820
299825
299839
299841
299855
299865
299873
299888
299891
299899
299900
299905
299906
299909
299914
299919
299924
299931
299935
299940
299942
299950
299953
299954
299958
299964
299966
299971
299977
299979
299981
299985
299987
299993
299995
300024
300026
300028
300031
300035
300039
300042
300045
300048
300049
300053
300055
300069
300072
300087
300089
300103
300104
300115
300123
300124
300125
300129
300134
300138
300139
300148
300153
300167
300172
300174
300183
300186
300191
300195
300196
300211
300226
300232
300233
300235
300241
300245
300261
300264
300265
300266
300268
300275
300281
300287
300293
300295
300297
300298
300305
300313
300330
300333
300336
300337
300340
300341
300344
300345
300352
300356
300358
300359
300366
300369
300372
300377
300383
300385
300388
300391
300396
300403
300411
300414
300426
300428
300431
300434
300438
300439
300441
300442
300444
300446
300450
300452
300466
300468
300469
300472
300478
300483
300488
300489
300491
300496
300498
300500
300509
300511
300517
300522
300523
300533
300537
300540
300541
300546
300549
300551
300556
300566
300567
300569
300572
300588
300592
300594
300600
300602
300611
300616
300618
300622
300626
300633
300642
300649
300659
300660
300661
300666
300671
300677
300686
300697
300700
300702
300704
300712
300713
300714
300721
300722
300723
300726
300733
300745
300749
300773
300779
300782
300784
300786
300789
300798
300800
300805
300829
300833
300839
300841
300842
300844
300851
300854
300856
300860
300861
300862
300864
300867
300877
300883
300885
300895
300897
300900
300903
300912
300913
300915
300925
300931
300932
300942
300943
300946
300948
300951
300952
300954
300964
300977
300979
300989
301000
301006
301007
301008
301021
301026
301031
301033
301042
301044
301050
301051
301052
301055
301063
301065
301067
301070
301074
301076
301096
301103
301106
301110
301113
301119
301122
301136
301143
301145
301151
301154
301155
301159
301163
301186
301188
301201
301204
301206
301212
301215
301217
301220
301221
301233
301236
301238
301244
301253
301254
301257
301262
301270
301275
301277
301284
301286
301301
301304
301306
301313
301320
301321
301322
301331
301356
301359
301365
301375
301380
301381
301383
301389
301397
301409
301412
301419
301420
301424
301436
301444
301446
301450
301454
301457
301459
301463
301464
301466
301478
301482
301483
301493
301513
301518
301524
301531
301537
301541
301546
301555
301556
301562
301563
301565
301567
301568
301569
301573
301575
301577
301582
301597
301600
301606
301619
301620
301625
301643
301646
301647
301656
301659
301663
301664
301669
301672
301677
301681
301684
301690
301692
301693
301700
301701
301703
301705
301706
301712
301733
301741
301742
301745
301747
301748
301755
301761
301762
301764
301768
301770
301774
301782
301783
301784
301785
301795
301805
301815
301822
301827
301828
301829
301835
301837
301838
301845
301849
301850
301851
301853
301854
301859
301861
301866
301872
301881
301882
301887
301891
301893
301894
301895
301902
301903
301904
301906
301908
301910
301914
301916
301920
301925
301928
301941
301944
301946
301952
301953
301955
301956
301958
301959
301963
301966
301969
301977
301978
301983
301985
301987
301992
301993
302000
302009
302012
302016
302018
302019
302020
302021
302023
302030
302031
302032
302033
302036
302037
302038
302040
302054
302058
302061
302064
302081
302084
302087
302096
302105
302118
302121
302123
302126
302136
302153
302157
302160
302161
302164
302166
302183
302186
302188
302206
302208
302211
302215
302216
302219
302220
302225
302230
302231
302238
302239
302244
302248
302250
302255
302272
302274
302277
302278
302285
302288
302289
302292
302296
302299
302301
302311
302320
302321
302323
302326
302328
302347
302349
302355
302364
302366
302368
302371
302394
302406
302407
302417
302419
302434
302436
302446
302449
302450
302451
302465
302468
302469
302473
302496
302499
302504
302505
302508
302510
302513
302524
302526
302528
302531
302532
302533
302537
302541
302542
302550
302552
302555
302558
302563
302575
302578
302579
302582
302584
302585
302596
302600
302612
302613
302615
302619
302622
302623
302630
302631
302639
302641
302647
302650
302652
302654
302659
302666
302667
302671
302674
302682
302696
302701
302704
302705
302706
302713
302723
302724
302732
302739
302762
302765
302766
302767
302776
302779
302791
302794
302798
302808
302809
302820
302821
302827
302828
302840
302850
302853
302857
302860
302861
302871
302873
302874
302881
302895
302904
302905
302908
302921
302926
302929
302938
302942
302943
302945
302952
302954
302966
302967
302970
302974
302977
302979
302981
302982
302986
302994
303009
303014
303035
303043
303045
303046
303047
303050
303055
303057
303062
303065
303067
303073
303074
303079
303087
303090
303093
303094
303095
303099
303100
303110
303111
303115
303126
303134
303138
303147
303153
303156
303157
303164
303166
303173
303187
303188
303189
303192
303193
303197
303199
303204
303210
303215
303217
303220
303221
303224
303225
303227
303234
303239
303240
303243
303246
303253
303254
303256
303260
303266
303274
303277
303280
303283
303285
303287
303293
303298
303305
303310
303320
303322
303323
303325
303330
303340
303351
303354
303360
303373
303382
303383
303385
303393
303397
303399
303404
303407
303409
303417
303421
303423
303426
303430
303431
303441
303444
303449
303465
303475
303477
303481
303483
303506
303513
303516
303517
303521
303522
303524
303530
303533
303538
303540
303552
303555
303558
303571
303572
303582
303585
303595
303614
303616
303625
303630
303631
303644
303648
303651
303653
303656
303657
303661
303662
303663
303670
303679
303683
303685
303691
303699
303700
303701
303705
303712
303717
303718
303723
303731
303736
303748
303758
303781
303785
303786
303801
303803
303807
303808
303811
303813
303815
303821
303828
303838
303839
303850
303852
303856
303859
303863
303866
303867
303869
303879
303884
303894
303898
303901
303907
303909
303912
303929
303932
303936
303945
303946
303954
303956
303961
303962
303967
303983
303985
303986
303990
303993
304001
304003
304017
304032
304041
304042
304050
304052
304054
304059
304060
304074
304077
304095
304096
304098
304106
304107
304108
304113
304117
304124
304131
304140
304148
304149
304161
304164
304167
304182
304184
304187
304189
304200
304210
304213
304217
304225
304231
304234
304237
304238
304240
304243
304249
304251
304257
304263
304264
304268
304270
304279
304281
304284
304306
304312
304319
304328
304340
304342
304344
304348
304349
304363
304370
304379
304388
304398
304411
304412
304416
304417
304421
304423
304429
304436
304439
304444
304447
304463
304468
304472
304477
304485
304489
304500
304501
304506
304508
304516
304522
304525
304527
304530
304535
304536
304546
304548
304550
304551
304554
304568
304570
304574
304580
304585
304591
304596
304599
304601
304603
304606
304621
304632
304633
304639
304652
304656
304662
304669
304677
304681
304690
304691
304698
304700
304702
304709
304716
304717
304718
304720
304725
304729
304731
304736
304738
304749
304765
304766
304767
304772
304781
304788
304795
304811
304822
304832
304835
304845
304853
304858
304861
304862
304869
304876
304879
304884
304889
304890
304898
304901
304902
304937
304948
304962
304969
304971
304973
304975
304980
304981
304983
304986
304987
304990
304993
305002
305004
305007
305008
305010
305013
305020
305022
305024
305031
305037
305040
305046
305047
305048
305051
305052
305055
305057
305059
305067
305068
305071
305075
305076
305085
305087
305088
305093
305096
305097
305099
305101
305102
305109
305111
305134
305137
305138
305140
305149
305167
305171
305179
305182
305185
305187
305207
305222
305223
305245
305258
305259
305261
305264
305269
305272
305279
305284
305289
305291
305294
305304
305314
305317
305320
305322
305324
305327
305332
305337
305338
305341
305344
305345
305351
305352
305354
305357
305359
305361
305362
305378
305383
305395
305416
305419
305427
305429
305436
305463
305468
305472
305477
305489
305504
305511
305514
305515
305516
305518
305519
305524
305527
305531
305547
305552
305556
305557
305559
305566
305569
305570
305578
305579
305581
305583
305587
305588
305590
305594
305595
305602
305610
305615
305617
305618
305624
305627
305632
305636
305638
305646
305647
305654
305658
305665
305666
305673
305685
305688
305689
305691
305693
305696
305706
305708
305712
305713
305715
305722
305734
305735
305740
305747
305748
305750
305754
305762
305770
305779
305793
305831
305834
305846
305848
305851
305854
305867
305875
305881
305888
305892
305905
305910
305911
305919
305924
305925
305933
305937
305948
305960
305963
305969
305971
305989
305992
305995
305996
305998
305999
306000
306001
306003
306007
306017
306019
306025
306036
306037
306040
306044
306047
306049
306053
306055
306056
306061
306062
306069
306081
306090
306091
306094
306107
306109
306110
306116
306118
306119
306122
306131
306132
306134
306136
306137
306139
306152
306158
306160
306166
306177
306183
306192
306201
306202
306208
306210
306211
306213
306229
306230
306232
306236
306242
306245
306249
306251
306255
306280
306281
306284
306286
306287
306292
306293
306296
306297
306299
306300
306309
306310
306318
306320
306333
306336
306345
306352
306356
306357
306362
306364
306368
306373
306375
306377
306380
306383
306391
306401
306402
306409
306423
306429
306432
306442
306444
306451
306452
306454
306455
306456
306457
306458
306463
306465
306466
306468
306470
306471
306472
306476
306480
306488
306489
306490
306495
306498
306505
306509
306513
306518
306524
306531
306539
306542
306552
306554
306565
306566
306567
306577
306587
306588
306591
306592
306599
306601
306603
306604
306606
306610
306611
306623
306636
306641
306648
306653
306656
306660
306663
306666
306667
306669
306671
306680
306684
306694
306699
306700
306703
306711
306712
306715
306720
306721
306727
306731
306733
306736
306738
306745
306746
306751
306752
306764
306769
306793
306795
306800
306803
306804
306809
306816
306823
306826
306827
306829
306830
306833
306835
306855
306858
306863
306864
306871
306872
306876
306880
306881
306886
306887
306889
306891
306900
306906
306907
306916
306918
306920
306927
306934
306937
306944
306945
306947
306964
306967
306970
306977
306979
306983
307000
307004
307011
307012
307013
307018
307019
307021
307040
307044
307045
307047
307050
307058
307076
307077
307078
307081
307083
307087
307092
307096
307097
307098
307099
307107
307108
307134
307135
307139
307150
307153
307158
307162
307163
307164
307166
307170
307171
307174
307186
307190
307192
307195
307198
307199
307204
307205
307208
307239
307246
307254
307266
307277
307280
307283
307284
307287
307294
307295
307296
307301
307306
307314
307315
307321
307324
307325
307329
307348
307357
307366
307369
307370
307371
307373
307375
307376
307377
307385
307387
307389
307396
307410
307413
307417
307421
307437
307446
307449
307455
307456
307457
307462
307477
307482
307493
307508
307509
307515
307518
307523
307525
307534
307542
307561
307595
307601
307605
307609
307620
307624
307627
307630
307633
307636
307639
307645
307649
307654
307660
307664
307672
307674
307684
307686
307688
307703
307708
307718
307722
307723
307726
307727
307734
307747
307759
307764
307765
307773
307776
307779
307785
307786
307789
307796
307798
307804
307805
307810
307817
307826
307830
307835
307836
307848
307853
307855
307857
307862
307867
307876
307889
307894
307895
307912
307914
307917
307919
307921
307927
307929
307935
307944
307945
307948
307954
307957
307959
307966
307969
307972
307974
307989
307990
307993
307995
307997
307998
308000
308003
308009
308011
308016
308019
308021
308030
308031
308040
308043
308052
308053
308056
308063
308064
308068
308076
308082
308087
308091
308093
308105
308110
308117
308135
308136
308137
308150
308153
308154
308162
308163
308178
308182
308185
308194
308205
308226
308227
308232
308233
308243
308251
308257
308265
308267
308268
308272
308277
308280
308286
308303
308305
308312
308313
308328
308331
308332
308339
308344
308357
308374
308379
308381
308382
308383
308399
308403
308407
308413
308415
308416
308421
308433
308434
308440
308455
308462
308464
308467
308473
308478
308480
308486
308491
308492
308505
308516
308525
308529
308532
308534
308539
308548
308554
308558
308563
308568
308571
308572
308575
308583
308586
308593
308595
308596
308597
308599
308600
308610
308611
308617
308620
308628
308635
308636
308645
308646
308651
308660
308661
308668
308671
308672
308676
308679
308693
308694
308696
308712
308723
308733
308734
308737
308747
308750
308756
308759
308773
308780
308784
308787
308788
308790
308798
308799
308803
308805
308810
308820
308821
308823
308829
308832
308843
308845
308851
308853
308854
308859
308867
308869
308873
308876
308884
308914
308918
308926
308928
308936
308937
308943
308944
308960
308975
308978
308982
308984
308993
308997
309009
309011
309012
309018
309022
309023
309025
309053
309055
309059
309066
309070
309077
309078
309079
309082
309084
309087
309090
309091
309099
309101
309102
309103
309105
309117
309125
309159
309163
309164
309166
309167
309168
309169
309183
309191
309197
309198
309201
309204
309208
309215
309222
309232
309236
309238
309258
309260
309271
309272
309275
309277
309286
309287
309288
309291
309297
309299
309303
309315
309316
309323
309324
309327
309339
309342
309343
309349
309355
309365
309372
309375
309382
309385
309397
309400
309402
309410
309411
309412
309416
309420
309425
309429
309435
309436
309441
309443
309454
309460
309468
309471
309472
309475
309479
309480
309482
309483
309489
309493
309497
309500
309502
309506
309508
309517
309520
309525
309526
309532
309534
309545
309562
309563
309568
309572
309575
309581
309582
309590
309600
309601
309609
309622
309623
309626
309627
309633
309634
309636
309638
309644
309645
309647
309650
309651
309656
309669
309671
309674
309678
309681
309682
309685
309687
309692
309699
309700
309708
309709
309710
309714
309716
309718
309725
309726
309728
309731
309738
309739
309740
309743
309746
309750
309752
309753
309761
309765
309773
309783
309785
309786
309787
309789
309796
309797
309812
309822
309824
309834
309838
309839
309840
309845
309846
309848
309859
309860
309865
309873
309877
309883
309887
309894
309896
309898
309910
309912
309924
309925
309934
309938
309941
309942
309943
309948
309959
309960
309967
309969
309978
309985
309986
309987
309992
309993
310005
310006
310017
310021
310023
310024
310026
310029
310033
310039
310044
310051
310052
310056
310059
310061
310068
310069
310075
310076
310079
310080
310085
310090
310098
310110
310122
310124
310125
310126
310139
310144
310148
310152
310154
310160
310163
310164
310166
310168
310169
310170
310171
310176
310179
310180
310181
310182
310191
310198
310208
310209
310221
310230
310232
310250
310254
310260
310262
310263
310265
310266
310267
310270
310280
310282
310284
310286
310294
310301
310302
310308
310310
310312
310331
310334
310348
310352
310353
310356
310357
310358
310365
310366
310367
310370
310372
310375
310400
310408
310409
310412
310414
310427
310434
310438
310439
310440
310447
310465
310467
310468
310477
310482
310483
310486
310487
310491
310492
310496
310500
310507
310508
310511
310512
310517
310518
310538
310541
310542
310543
310545
310551
310553
310560
310563
310566
310567
310568
310571
310575
310587
310597
310600
310602
310603
310604
310607
310611
310617
310631
310637
310638
310641
310643
310650
310651
310654
310660
310665
310666
310670
310674
310679
310684
310692
310693
310695
310696
310697
310700
310703
310708
310709
310716
310717
310718
310721
310729
310745
310759
310760
310763
310771
310784
310785
310787
310788
310792
310796
310799
310800
310807
310818
310819
310827
310828
310829
310832
310833
310847
310859
310862
310863
310869
310879
310884
310890
310893
310896
310897
310900
310904
310917
310924
310929
310933
310938
310939
310941
310950
310956
310961
310962
310963
310966
310968
310975
310976
310989
310992
310993
310997
311003
311021
311022
311036
311040
311049
311052
311054
311061
311075
311088
311093
311098
311108
311117
311118
311122
311125
311133
311134
311142
311146
311148
311153
311158
311163
311164
311168
311171
311178
311190
311197
311207
311208
311211
311234
311242
311245
311248
311256
311262
311265
311266
311275
311276
311282
311284
311287
311297
311298
311302
311303
311311
311324
311334
311338
311341
311344
311346
311351
311353
311356
311367
311376
311381
311383
311384
311385
311386
311387
311388
311391
311397
311403
311405
311417
311424
311425
311429
311430
311433
311446
311450
311465
311466
311473
311475
311476
311483
311484
311486
311488
311489
311491
311493
311499
311505
311508
311517
311518
311520
311544
311551
311555
311557
311558
311565
311569
311571
311574
311579
311585
311586
311587
311603
311605
311619
311628
311631
311637
311640
311641
311642
311643
311648
311654
311659
311661
311667
311670
311676
311682
311683
311685
311686
311691
311692
311715
311719
311720
311726
311728
311733
311745
311746
311750
311759
311768
311771
311773
311776
311779
311780
311781
311787
311795
311796
311798
311802
311807
311808
311809
311813
311819
311831
311849
311852
311854
311858
311861
311862
311865
311867
311870
311871
311888
311891
311896
311905
311910
311913
311923
311926
311930
311931
311933
311937
311946
311948
311958
311961
311964
311966
311967
311969
311970
311973
311976
311981
311984
311986
311988
311989
311992
312009
312013
312019
312021
312029
312034
312036
312044
312054
312056
312064
312067
312069
312071
312072
312073
312074
312083
312084
312091
312095
312098
312104
312106
312107
312116
312117
312118
312124
312126
312130
312133
312135
312136
312143
312168
312170
312174
312175
312176
312183
312191
312192
312195
312205
312211
312218
312221
312227
312235
312237
312241
312245
312246
312253
312255
312256
312264
312275
312277
312278
312283
312284
312285
312286
312297
312300
312304
312311
312314
312321
312323
312326
312333
312339
312346
312348
312349
312353
312354
312358
312365
312372
312374
312379
312383
312390
312400
312401
312405
312408
312409
312414
312418
312419
312422
312426
312428
312435
312437
312447
312451
312461
312467
312486
312489
312495
312496
312504
312507
312508
312509
312544
312553
312562
312565
312568
312578
312583
312584
312586
312587
312593
312598
312610
312613
312614
312622
312624
312629
312633
312637
312641
312643
312647
312651
312657
312669
312688
312690
312698
312712
312715
312730
312738
312744
312751
312764
312765
312768
312772
312776
312780
312785
312786
312788
312793
312797
312802
312803
312809
312815
312823
312825
312829
312833
312834
312836
312840
312841
312843
312847
312848
312854
312861
312867
312868
312869
312872
312876
312881
312888
312896
312901
312903
312908
312912
312918
312925
312930
312936
312942
312943
312952
312953
312954
312955
312956
312963
312979
312982
312984
312989
312997
312999
313004
313005
313039
313042
313044
313046
313051
313053
313060
313062
313066
313070
313074
313078
313079
313089
313096
313098
313101
313110
313114
313126
313127
313135
313141
313157
313160
313166
313169
313170
313174
313175
313177
313182
313192
313198
313213
313219
313238
313246
313254
313257
313264
313267
313270
313273
313282
313283
313284
313286
313287
313288
313291
313306
313307
313309
313315
313321
313323
313325
313327
313337
313345
313347
313351
313352
313359
313363
313365
313366
313367
313372
313374
313379
313380
313393
313396
313398
313401
313402
313404
313419
313421
313422
313423
313428
313429
313432
313434
313436
313437
313438
313443
313446
313449
313472
313474
313478
313479
313498
313500
313519
313522
313525
313527
313528
313536
313543
313552
313561
313568
313572
313573
313579
313585
313587
313591
313592
313596
313598
313604
313616
313620
313622
313626
313635
313636
313637
313639
313643
313649
313654
313667
313672
313692
313695
313696
313702
313703
313704
313707
313708
313715
313726
313727
313731
313740
313741
313744
313745
313749
313778
313805
313808
313810
313812
313813
313815
313818
313820
313824
313847
313854
313856
313862
313871
313874
313890
313892
313895
313898
313904
313907
313909
313913
313916
313917
313921
313924
313925
313926
313927
313929
313931
313933
313936
313944
313947
313948
313951
313953
313954
313955
313963
313964
313987
313992
313994
314014
314022
314023
314024
314025
314026
314038
314039
314042
314070
314076
314077
314080
314082
314093
314099
314100
314101
314102
314107
314119
314124
314127
314131
314137
314139
314141
314147
314149
314150
314153
314158
314162
314166
314170
314172
314180
314189
314190
314191
314194
314195
314196
314197
314203
314222
314225
314226
314228
314229
314231
314249
314252
314266
314272
314281
314293
314303
314311
314315
314319
314323
314329
314330
314344
314351
314363
314369
314382
314384
314385
314387
314388
314389
314391
314394
314401
314405
314406
314411
314413
314419
314420
314423
314425
314432
314433
314440
314442
314457
314466
314468
314473
314475
314480
314482
314488
314500
314509
314514
314518
314522
314525
314527
314530
314535
314546
314547
314549
314551
314554
314560
314563
314572
314573
314584
314587
314588
314589
314590
314597
314599
314604
314611
314613
314621
314623
314628
314629
314631
314635
314641
314647
314653
314669
314671
314672
314678
314683
314684
314686
314691
314692
314696
314713
314714
314717
314727
314728
314732
314735
314745
314749
314762
314766
314769
314770
314779
314781
314785
314786
314810
314811
314824
314826
314832
314839
314840
314847
314848
314852
314858
314866
314873
314877
314881
314882
314883
314886
314890
314891
314898
314915
314922
314924
314926
314928
314929
314938
314940
314949
314966
314968
314977
314980
314983
314987
314988
314994
314998
315000
315001
315003
315011
315024
315025
315026
315027
315029
315043
315045
315064
315068
315076
315077
315085
315089
315091
315095
315115
315117
315129
315139
315141
315143
315152
315158
315167
315168
315178
315181
315184
315185
315188
315191
315202
315210
315211
315214
315218
315219
315223
315226
315233
315236
315251
315264
315266
315276
315277
315287
315308
315310
315318
315322
315332
315335
315340
315357
315359
315368
315377
315383
315384
315387
315392
315394
315399
315400
315401
315406
315408
315411
315414
315416
315422
315430
315431
315434
315440
315442
315446
315458
315467
315472
315476
315480
315481
315493
315496
315497
315498
315500
315502
315503
315506
315517
315519
315521
315528
315529
315532
315534
315536
315540
315548
315549
315550
315554
315555
315558
315559
315564
315567
315572
315584
315588
315595
315597
315602
315606
315611
315613
315614
315624
315628
315634
315636
315639
315654
315657
315671
315676
315679
315680
315687
315696
315705
315712
315714
315719
315722
315727
315729
315730
315731
315732
315733
315742
315760
315765
315767
315772
315773
315774
315778
315781
315787
315789
315792
315796
315799
315800
315806
315807
315812
315814
315826
315828
315829
315835
315839
315857
315860
315863
315871
315875
315877
315878
315880
315884
315885
315899
315908
315909
315915
315916
315922
315926
315934
315937
315944
315945
315961
315963
315965
315973
315975
315980
315984
315988
315992
315994
316001
316009
316012
316015
316019
316022
316040
316043
316048
316049
316058
316060
316063
316065
316078
316082
316088
316090
316092
316097
316098
316099
316102
316106
316135
316137
316139
316143
316144
316151
316158
316160
316162
316172
316173
316174
316175
316181
316184
316188
316194
316199
316205
316209
316216
316218
316225
316226
316242
316243
316249
316251
316254
316272
316273
316276
316281
316285
316288
316300
316304
316307
316309
316311
316318
316329
316337
316340
316346
316347
316348
316361
316362
316364
316366
316379
316382
316383
316384
316387
316392
316393
316407
316409
316418
316419
316420
316425
316427
316439
316444
316449
316453
316455
316457
316462
316463
316468
316470
316475
316476
316479
316484
316486
316490
316491
316496
316504
316508
316515
316517
316530
316535
316539
316543
316544
316548
316552
316556
316561
316564
316572
316590
316592
316593
316594
316605
316609
316619
316623
316624
316626
316632
316636
316646
316648
316650
316653
316656
316657
316659
316661
316664
316665
316671
316673
316674
316677
316683
316689
316690
316694
316696
316700
316702
316704
316707
316708
316710
316712
316715
316722
316733
316738
316739
316753
316760
316775
316777
316783
316784
316794
316796
316806
316808
316809
316815
316816
316817
316819
316824
316827
316835
316842
316847
316858
316861
316868
316892
316893
316895
316897
316900
316902
316905
316919
316921
316923
316931
316937
316942
316946
316949
316955
316956
316957
316962
316967
316973
316978
317001
317006
317008
317009
317010
317023
317025
317029
317044
317053
317055
317056
317071
317073
317074
317080
317086
317089
317098
317104
317110
317112
317114
317120
317126
317127
317142
317151
317153
317155
317158
317160
317167
317172
317173
317174
317175
317176
317180
317183
317190
317192
317193
317194
317197
317201
317205
317211
317217
317220
317225
317227
317233
317248
317254
317257
317261
317263
317270
317276
317278
317297
317299
317302
317304
317317
317322
317324
317328
317329
317332
317340
317351
317352
317359
317369
317379
317383
317395
317398
317404
317410
317421
317424
317432
317448
317449
317452
317454
317457
317458
317460
317462
317464
317466
317472
317477
317480
317481
317487
317495
317498
317499
317505
317511
317515
317516
317521
317525
317540
317545
317546
317558
317561
317568
317569
317570
317573
317578
317586
317587
317588
317590
317591
317600
317601
317608
317609
317612
317613
317623
317632
317636
317639
317659
317660
317671
317672
317673
317674
317675
317676
317679
317680
317688
317691
317693
317695
317700
317702
317708
317713
317717
317721
317730
317731
317732
317738
317761
317764
317769
317784
317790
317797
317799
317808
317813
317818
317831
317834
317840
317842
317851
317856
317862
317864
317865
317866
317867
317869
317870
317871
317877
317882
317890
317894
317895
317896
317902
317913
317914
317921
317939
317942
317946
317947
317957
317960
317966
317971
317972
317979
317987
317997
318004
318007
318014
318024
318025
318035
318041
318048
318068
318069
318071
318073
318074
318077
318080
318083
318087
318093
318098
318102
318107
318109
318112
318117
318120
318124
318125
318127
318129
318132
318133
318135
318139
318147
318148
318151
318153
318161
318170
318174
318175
318180
318191
318199
318200
318202
318204
318208
318216
318220
318225
318227
318249
318255
318266
318269
318274
318278
318280
318281
318282
318297
318306
318314
318321
318323
318331
318341
318342
318344
318345
318348
318351
318356
318357
318366
318370
318373
318385
318388
318391
318393
318394
318397
318401
318406
318416
318419
318426
318432
318440
318442
318446
318458
318471
318474
318476
318477
318481
318483
318488
318489
318490
318492
318494
318502
318504
318505
318508
318516
318525
318527
318529
318531
318534
318535
318538
318541
318544
318548
318557
318562
318564
318568
318570
318573
318574
318577
318590
318595
318602
318604
318605
318630
318634
318642
318647
318650
318654
318656
318660
318661
318664
318665
318671
318674
318677
318682
318689
318691
318699
318702
318703
318704
318706
318707
318709
318710
318715
318719
318720
318727
318733
318735
318736
318737
318741
318744
318747
318749
318768
318779
318780
318781
318787
318788
318791
318794
318798
318801
318806
318810
318811
318813
318820
318821
318829
318832
318834
318836
318839
318842
318848
318879
318881
318884
318890
318907
318910
318918
318923
318924
318937
318942
318947
318953
318954
318956
318963
318967
318969
318982
318985
318986
318987
318994
318995
318996
318997
318998
319002
319009
319014
319019
319024
319027
319030
319037
319042
319044
319048
319053
319055
319058
319060
319062
319074
319075
319077
319079
319084
319089
319092
319095
319105
319107
319111
319117
319127
319134
319136
319146
319154
319155
319158
319162
319165
319166
319168
319172
319177
319178
319193
319204
319206
319207
319221
319223
319224
319240
319245
319249
319254
319262
319263
319264
319267
319270
319277
319283
319287
319289
319290
319292
319300
319308
319309
319314
319316
319321
319323
319326
319333
319336
319342
319347
319350
319352
319360
319361
319363
319365
319366
319368
319369
319376
319379
319383
319386
319387
319395
319400
319402
319412
319415
319429
319431
319432
319440
319442
319449
319453
319470
319474
319495
319497
319502
319509
319510
319522
319535
319540
319542
319545
319551
319558
319559
319560
319561
319563
319567
319572
319574
319585
319594
319601
319602
319607
319634
319635
319636
319643
319644
319650
319651
319655
319658
319662
319665
319667
319670
319672
319679
319683
319685
319687
319706
319709
319716
319722
319727
319729
319730
319741
319742
319746
319748
319751
319753
319768
319771
319774
319784
319786
319790
319791
319793
319796
319803
319807
319834
319839
319841
319842
319843
319852
319855
319856
319866
319870
319877
319891
319892
319896
319901
319913
319927
319931
319934
319937
319939
319943
319954
319961
319962
319963
319970
319971
319981
319984
319992
319994
319995
320003
320014
320021
320024
320034
320041
320048
320053
320054
320055
320056
320058
320068
320073
320074
320076
320081
320082
320086
320089
320094
320096
320107
320115
320120
320131
320136
320141
320143
320153
320155
320156
320162
320165
320167
320169
320180
320192
320194
320198
320199
320206
320207
320215
320218
320233
320235
320237
320242
320244
320245
320247
320248
320249
320253
320259
320260
320266
320272
320276
320279
320283
320302
320305
320312
320314
320316
320318
320321
320336
320337
320340
320342
320343
320345
320348
320361
320376
320379
320382
320387
320391
320395
320397
320415
320423
320425
320430
320431
320435
320443
320444
320448
320452
320455
320461
320463
320478
320490
320493
320497
320501
320512
320519
320522
320526
320527
320531
320538
320543
320545
320569
320578
320586
320595
320596
320600
320610
320613
320618
320622
320623
320632
320635
320643
320648
320651
320656
320661
320662
320672
320710
320711
320713
320714
320720
320721
320724
320733
320737
320738
320742
320745
320759
320770
320772
320773
320775
320779
320784
320790
320793
320799
320813
320815
320819
320825
320826
320829
320830
320831
320832
320836
320841
320845
320858
320866
320881
320885
320888
320894
320901
320902
320915
320927
320937
320938
320939
320942
320948
320952
320954
320960
320976
320988
320989
320993
320998
321002
321005
321009
321010
321019
321028
321032
321036
321041
321042
321047
321050
321063
321067
321071
321073
321076
321089
321104
321116
321122
321126
321129
321132
321137
321162
321163
321172
321175
321181
321188
321190
321200
321210
321216
321217
321219
321256
321258
321264
321281
321282
321286
321287
321292
321311
321313
321319
321320
321321
321325
321326
321328
321338
321339
321343
321344
321351
321366
321373
321374
321387
321389
321391
321393
321398
321401
321402
321403
321410
321417
321425
321432
321433
321436
321437
321443
321444
321446
321449
321459
321463
321465
321479
321482
321493
321501
321508
321509
321510
321523
321529
321530
321532
321536
321537
321552
321563
321566
321571
321573
321576
321577
321580
321591
321595
321598
321603
321612
321616
321620
321624
321630
321640
321642
321643
321645
321649
321653
321662
321679
321687
321692
321697
321711
321717
321718
321720
321727
321729
321731
321736
321742
321751
321761
321768
321770
321773
321774
321776
321782
321784
321794
321796
321797
321803
321806
321808
321809
321825
321826
321845
321846
321850
321851
321864
321867
321870
321873
321875
321879
321880
321889
321896
321899
321900
321901
321902
321903
321907
321913
321920
321932
321935
321941
321946
321960
321961
321971
321984
321987
321996
321998
322001
322003
322008
322011
322024
322037
322039
322043
322046
322048
322051
322054
322060
322064
322071
322073
322080
322082
322091
322102
322107
322117
322125
322148
322151
322155
322158
322159
322167
322181
322188
322189
322191
322193
322208
322219
322256
322260
322269
322271
322272
322278
322279
322285
322287
322290
322298
322304
322306
322317
322318
322323
322326
322327
322328
322338
322342
322343
322347
322349
322361
322376
322383
322386
322389
322396
322400
322401
322406
322410
322418
322419
322422
322423
322426
322430
322431
322432
322433
322434
322435
322437
322445
322449
322450
322452
322465
322475
322476
322478
322480
322492
322495
322496
322499
322505
322508
322516
322526
322528
322536
322540
322542
322545
322556
322557
322558
322564
322575
322576
322577
322581
322586
322592
322593
322594
322596
322605
322606
322609
322610
322619
322620
322628
322633
322651
322657
322660
322666
322668
322669
322672
322673
322674
322677
322678
322689
322691
322697
322698
322713
322716
322719
322724
322727
322750
322758
322761
322762
322775
322777
322786
322791
322795
322800
322802
322807
322808
322822
322826
322834
322837
322842
322850
322861
322872
322874
322875
322876
322897
322902
322907
322914
322916
322917
322920
322923
322924
322933
322939
322958
322963
322968
322972
322975
322980
322981
322984
322992
322994
322995
322998
323000
323016
323019
323027
323031
323033
323040
323041
323043
323046
323056
323063
323066
323070
323079
323084
323085
323086
323090
323094
323103
323105
323108
323119
323122
323124
323126
323127
323142
323152
323156
323159
323163
323169
323172
323173
323183
323189
323191
323202
323206
323220
323221
323225
323226
323237
323238
323243
323244
323246
323259
323269
323272
323285
323287
323295
323296
323299
323300
323306
323311
323313
323316
323318
323321
323322
323331
323333
323336
323346
323353
323359
323361
323368
323378
323379
323381
323393
323395
323398
323404
323410
323415
323420
323424
323430
323436
323443
323446
323450
323452
323454
323458
323461
323462
323468
323476
323484
323485
323491
323493
323497
323499
323500
323503
323504
323509
323510
323516
323528
323532
323533
323535
323539
323541
323547
323549
323565
323570
323573
323579
323580
323584
323588
323589
323593
323594
323602
323608
323617
323623
323625
323626
323627
323628
323637
323645
323651
323666
323669
323674
323677
323682
323686
323699
323705
323713
323715
323718
323720
323728
323731
323738
323740
323743
323745
323750
323762
323771
323783
323794
323811
323815
323830
323831
323835
323836
323843
323850
323855
323868
323876
323878
323879
323886
323887
323893
323904
323911
323913
323915
323916
323920
323925
323926
323930
323932
323953
323957
323958
323963
323967
323968
323969
323970
323978
323980
323984
323989
323992
324003
324007
324012
324014
324025
324027
324032
324053
324055
324066
324070
324071
324080
324083
324089
324111
324124
324126
324131
324138
324140
324141
324142
324147
324151
324155
324159
324171
324178
324180
324182
324185
324192
324193
324196
324197
324208
324210
324211
324229
324230
324234
324240
324241
324242
324244
324245
324258
324264
324267
324282
324285
324291
324295
324297
324299
324306
324308
324309
324314
324323
324325
324331
324332
324334
324335
324343
324347
324351
324353
324355
324356
324381
324382
324393
324394
324404
324409
324410
324413
324414
324415
324434
324436
324443
324450
324456
324462
324464
324469
324481
324484
324488
324494
324497
324505
324506
324510
324514
324516
324519
324522
324526
324527
324536
324544
324547
324555
324558
324559
324562
324564
324566
324568
324573
324580
324585
324587
324594
324599
324606
324608
324610
324616
324619
324628
324637
324649
324653
324656
324665
324667
324672
324674
324680
324683
324689
324692
324694
324701
324702
324703
324706
324707
324708
324718
324719
324726
324729
324731
324738
324746
324748
324752
324759
324761
324762
324765
324766
324770
324771
324784
324793
324794
324797
324799
324802
324804
324811
324817
324819
324820
324821
324832
324834
324837
324844
324852
324862
324863
324865
324868
324874
324875
324884
324896
324903
324904
324906
324907
324916
324927
324938
324941
324942
324949
324950
324952
324964
324965
324968
324970
324972
324974
324977
324978
324980
324994
325003
325004
325005
325014
325018
325021
325023
325032
325036
325041
325048
325056
325058
325059
325062
325065
325077
325080
325081
325085
325087
325094
325097
325099
325103
325105
325116
325117
325124
325131
325134
325152
325154
325158
325160
325163
325165
325168
325170
325175
325178
325192
325213
325219
325222
325228
325229
325230
325236
325242
325243
325244
325250
325260
325265
325269
325270
325290
325296
325297
325301
325302
325312
325314
325325
325326
325329
325335
325339
325342
325348
325361
325362
325363
325379
325380
325382
325383
325387
325389
325392
325394
325398
325401
325407
325413
325418
325426
325431
325436
325438
325443
325445
325447
325449
325451
325452
325461
325465
325470
325475
325479
325482
325487
325491
325492
325493
325506
325507
325513
325518
325533
325535
325542
325544
325558
325561
325565
325582
325584
325586
325593
325596
325602
325606
325608
325609
325613
325618
325628
325630
325648
325653
325655
325662
325663
325666
325677
325682
325684
325685
325687
325688
325691
325692
325696
325707
325712
325714
325715
325718
325721
325733
325736
325741
325742
325743
325749
325755
325767
325771
325775
325778
325780
325785
325789
325794
325795
325806
325814
325819
325821
325824
325839
325843
325844
325847
325865
325870
325899
325906
325907
325908
325919
325922
325927
325928
325941
325945
325952
325961
325962
325963
325965
325968
325971
325973
325982
325997
325998
326000
326002
326019
326020
326029
326031
326032
326038
326043
326044
326047
326048
326050
326053
326061
326070
326072
326074
326077
326083
326086
326089
326092
326094
326095
326097
326098
326102
326108
326115
326116
326117
326121
326126
326137
326144
326145
326150
326162
326168
326177
326180
326188
326190
326195
326200
326201
326214
326220
326231
326232
326233
326238
326254
326260
326262
326264
326271
326272
326273
326278
326280
326288
326302
326304
326306
326309
326310
326320
326326
326331
326332
326336
326339
326342
326359
326372
326376
326378
326382
326387
326392
326397
326398
326402
326416
326418
326422
326427
326436
326441
326444
326447
326453
326459
326460
326462
326467
326470
326471
326474
326475
326477
326482
326484
326488
326497
326499
326509
326513
326514
326520
326526
326527
326532
326542
326546
326547
326558
326570
326573
326587
326595
326600
326605
326609
326615
326616
326618
326619
326626
326631
326649
326658
326660
326663
326665
326674
326681
326688
326691
326693
326698
326703
326705
326707
326710
326714
326718
326720
326727
326731
326745
326763
326764
326772
326775
326790
326791
326793
326795
326827
326828
326830
326831
326839
326843
326844
326846
326847
326848
326849
326851
326859
326861
326864
326865
326867
326870
326872
326877
326878
326898
326903
326905
326908
326910
326915
326919
326923
326924
326933
326938
326939
326943
326948
326961
326970
326975
326982
326990
326994
327000
327007
327018
327019
327024
327036
327040
327044
327054
327061
327069
327077
327081
327085
327098
327111
327112
327114
327115
327124
327127
327134
327143
327153
327158
327166
327167
327176
327178
327189
327192
327194
327197
327198
327200
327209
327212
327214
327220
327223
327237
327240
327257
327261
327262
327266
327281
327285
327286
327287
327288
327290
327295
327299
327301
327311
327323
327328
327331
327337
327349
327357
327368
327376
327380
327383
327384
327387
327394
327398
327407
327408
327414
327419
327420
327429
327434
327435
327439
327447
327448
327449
327475
327477
327482
327487
327492
327494
327495
327501
327504
327505
327517
327522
327527
327535
327552
327553
327554
327563
327564
327566
327583
327596
327597
327600
327603
327608
327611
327615
327632
327633
327636
327640
327653
327654
327676
327678
327680
327683
327696
327699
327708
327722
327723
327724
327726
327731
327743
327753
327755
327756
327757
327762
327772
327777
327788
327789
327791
327793
327794
327796
327797
327801
327806
327812
327822
327825
327830
327838
327845
327846
327848
327849
327852
327853
327862
327868
327870
327875
327876
327881
327883
327887
327888
327889
327892
327896
327900
327902
327904
327905
327906
327913
327915
327916
327924
327925
327927
327931
327933
327934
327935
327941
327946
327948
327950
327957
327959
327967
327977
327991
327998
327999
328006
328010
328012
328024
328033
328041
328045
328051
328057
328061
328062
328066
328068
328076
328079
328085
328094
328106
328107
328108
328116
328117
328119
328121
328127
328129
328130
328141
328144
328157
328160
328162
328171
328172
328176
328179
328188
328191
328199
328203
328211
328218
328225
328227
328231
328235
328239
328244
328247
328248
328253
328255
328263
328265
328268
328273
328276
328279
328286
328294
328301
328309
328310
328313
328318
328327
328332
328342
328347
328349
328351
328353
328363
328364
328374
328389
328390
328398
328399
328400
328403
328409
328412
328421
328425
328431
328432
328439
328441
328449
328451
328465
328468
328471
328474
328479
328480
328482
328488
328500
328502
328503
328504
328508
328510
328511
328513
328514
328522
328528
328529
328530
328544
328549
328561
328562
328563
328567
328570
328574
328577
328582
328584
328590
328593
328614
328615
328621
328623
328627
328634
328641
328643
328650
328651
328653
328672
328675
328676
328679
328682
328703
328705
328719
328724
328734
328740
328756
328759
328765
328769
328771
328774
328779
328786
328788
328789
328793
328795
328798
328803
328807
328816
328818
328820
328825
328827
328830
328842
328844
328849
328860
328862
328874
328879
328884
328890
328891
328897
328901
328902
328904
328915
328918
328930
328931
328936
328960
328962
328969
328980
328981
328986
328992
328993
329004
329011
329017
329021
329026
329038
329039
329040
329041
329049
329053
329060
329068
329069
329074
329079
329084
329089
329100
329101
329103
329104
329115
329118
329119
329125
329127
329129
329134
329136
329139
329140
329146
329162
329174
329181
329182
329187
329188
329189
329197
329202
329203
329208
329209
329215
329221
329233
329234
329235
329238
329239
329245
329249
329250
329251
329252
329265
329287
329296
329299
329301
329312
329321
329326
329334
329335
329336
329339
329341
329344
329345
329347
329348
329352
329357
329368
329371
329373
329374
329382
329391
329400
329415
329417
329418
329421
329422
329433
329441
329466
329469
329470
329475
329476
329479
329483
329489
329490
329498
329505
329508
329513
329529
329531
329532
329533
329534
329535
329540
329542
329544
329545
329547
329551
329558
329572
329584
329585
329586
329589
329594
329598
329612
329615
329622
329627
329630
329639
329640
329641
329655
329659
329660
329667
329672
329680
329688
329690
329703
329714
329716
329718
329721
329728
329731
329732
329733
329736
329738
329741
329743
329759
329761
329762
329769
329770
329771
329774
329777
329793
329796
329797
329803
329806
329807
329834
329844
329845
329846
329847
329849
329853
329854
329856
329861
329863
329877
329883
329889
329898
329903
329904
329906
329909
329914
329918
329919
329924
329929
329931
329933
329934
329944
329946
329956
329959
329975
329985
329989
330006
330007
330013
330016
330018
330025
330028
330036
330037
330038
330041
330042
330049
330055
330057
330062
330073
330078
330080
330083
330085
330099
330101
330103
330104
330108
330111
330112
330119
330121
330135
330142
330144
330148
330151
330166
330172
330174
330190
330201
330207
330215
330226
330237
330239
330244
330245
330247
330250
330252
330258
330261
330269
330274
330286
330295
330299
330301
330307
330308
330309
330310
330321
330322
330324
330330
330331
330341
330342
330348
330351
330372
330373
330376
330381
330386
330391
330394
330395
330399
330406
330409
330415
330420
330442
330444
330445
330456
330458
330459
330467
330471
330475
330477
330479
330481
330485
330492
330493
330494
330497
330499
330502
330518
330526
330530
330531
330537
330545
330548
330556
330578
330581
330584
330598
330602
330608
330621
330631
330634
330642
330643
330647
330651
330652
330653
330667
330673
330674
330681
330682
330698
330711
330716
330717
330720
330722
330724
330737
330739
330741
330744
330748
330753
330754
330760
330762
330767
330768
330770
330771
330783
330792
330800
330808
330813
330815
330820
330823
330825
330827
330838
330852
330856
330870
330877
330881
330882
330902
330906
330911
330912
330917
330923
330932
330937
330940
330944
330952
330960
330968
330977
330979
330980
330983
330991
330993
330997
331001
331016
331022
331032
331042
331048
331052
331054
331056
331061
331069
331070
331073
331074
331080
331082
331091
331096
331111
331115
331120
331124
331125
331130
331131
331135
331138
331149
331154
331156
331172
331174
331176
331179
331180
331182
331189
331191
331194
331197
331202
331219
331224
331234
331241
331243
331245
331248
331255
331257
331268
331270
331271
331275
331276
331277
331286
331289
331293
331302
331309
331320
331322
331330
331332
331334
331340
331346
331347
331348
331350
331354
331363
331365
331366
331377
331386
331392
331394
331400
331415
331421
331426
331434
331448
331455
331461
331471
331472
331474
331476
331484
331488
331490
331494
331496
331501
331502
331507
331512
331516
331521
331522
331525
331529
331532
331537
331544
331554
331562
331564
331568
331579
331582
331583
331584
331590
331591
331597
331603
331605
331609
331612
331618
331623
331625
331629
331641
331644
331651
331654
331662
331664
331669
331670
331673
331679
331689
331694
331702
331709
331715
331721
331723
331725
331728
331730
331738
331739
331752
331753
331757
331758
331761
331763
331768
331770
331774
331776
331795
331796
331797
331800
331805
331810
331813
331814
331817
331820
331825
331827
331833
331836
331840
331842
331851
331858
331866
331867
331868
331870
331876
331879
331880
331886
331887
331894
331895
331902
331903
331906
331910
331916
331926
331929
331934
331935
331943
331953
331955
331957
331958
331959
331963
331972
331978
331981
331989
331990
331991
331992
331996
331997
332008
332009
332011
332013
332020
332021
332025
332028
332030
332031
332032
332040
332045
332050
332062
332067
332074
332085
332097
332098
332102
332105
332107
332119
332124
332126
332128
332129
332133
332140
332145
332154
332157
332164
332170
332171
332178
332188
332193
332196
332197
332203
332207
332212
332215
332223
332226
332228
332237
332240
332246
332251
332258
332260
332274
332276
332282
332285
332289
332294
332296
332309
332310
332311
332314
332317
332319
332322
332324
332329
332332
332333
332336
332342
332348
332359
332363
332367
332370
332377
332379
332382
332383
332390
332392
332393
332398
332409
332414
332418
332419
332420
332428
332429
332430
332436
332450
332453
332462
332467
332469
332471
332475
332483
332485
332492
332501
332504
332506
332508
332509
332517
332527
332528
332540
332545
332550
332552
332555
332559
332575
332590
332596
332603
332609
332614
332622
332626
332627
332638
332641
332643
332646
332651
332660
332661
332665
332668
332670
332676
332682
332686
332688
332689
332711
332712
332714
332718
332735
332736
332741
332752
332753
332761
332763
332765
332768
332783
332790
332794
332797
332799
332801
332802
332810
332812
332816
332818
332820
332821
332827
332834
332835
332839
332840
332842
332844
332846
332848
332849
332850
332852
332853
332856
332860
332865
332866
332871
332878
332881
332884
332892
332893
332895
332896
332911
332924
332925
332937
332938
332939
332943
332950
332958
332961
332966
332967
332978
332980
332993
332996
332997
333000
333007
333019
333026
333038
333040
333042
333046
333055
333066
333084
333094
333096
333108
333112
333116
333117
333121
333122
333131
333135
333140
333144
333152
333160
333161
333163
333173
333174
333206
333208
333211
333213
333218
333227
333238
333250
333253
333258
333260
333265
333267
333278
333281
333283
333284
333286
333291
333292
333298
333302
333312
333313
333323
333325
333329
333330
333333
333334
333336
333345
333347
333356
333357
333365
333375
333378
333384
333386
333388
333390
333391
333403
333407
333410
333415
333418
333422
333424
333427
333432
333436
333441
333447
333453
333456
333457
333462
333467
333473
333474
333482
333497
333504
333512
333520
333528
333538
333542
333545
333550
333553
333556
333562
333567
333568
333569
333571
333574
333581
333586
333594
333598
333610
333614
333620
333629
333639
333642
333645
333653
333659
333665
333678
333687
333696
333702
333709
333710
333711
333713
333715
333716
333721
333722
333730
333739
333740
333742
333745
333747
333756
333759
333768
333780
333791
333797
333801
333805
333825
333827
333838
333840
333843
333848
333849
333853
333855
333858
333861
333868
333870
333892
333893
333895
333899
333900
333901
333902
333909
333918
333921
333923
333929
333931
333934
333939
333952
333955
333956
333962
333981
333982
333985
333999
334005
334008
334010
334032
334037
334038
334042
334048
334057
334058
334062
334063
334071
334084
334085
334098
334101
334110
334117
334119
334120
334134
334140
334146
334152
334157
334162
334163
334170
334171
334180
334192
334194
334204
334210
334215
334223
334234
334235
334239
334241
334243
334245
334246
334247
334249
334250
334254
334259
334275
334281
334287
334297
334299
334300
334301
334316
334327
334328
334332
334334
334342
334344
334351
334352
334356
334358
334359
334360
334363
334366
334371
334393
334394
334395
334397
334400
334408
334414
334426
334431
334432
334437
334445
334447
334460
334462
334474
334479
334484
334488
334498
334501
334505
334525
334540
334545
334547
334548
334553
334554
334562
334565
334567
334571
334579
334582
334587
334594
334598
334609
334617
334621
334623
334632
334633
334634
334642
334645
334664
334665
334669
334672
334674
334675
334677
334684
334692
334693
334700
334702
334716
334720
334729
334740
334741
334745
334747
334751
334761
334765
334796
334801
334804
334806
334807
334808
334816
334821
334823
334825
334834
334855
334859
334860
334870
334872
334875
334880
334881
334883
334891
334892
334893
334901
334908
334913
334929
334932
334933
334937
334955
334965
334970
334971
334974
334978
334984
334986
334988
334990
335013
335017
335022
335024
335025
335037
335039
335048
335056
335070
335083
335085
335091
335095
335096
335100
335106
335109
335114
335115
335116
335119
335123
335133
335137
335138
335145
335149
335151
335156
335163
335172
335183
335191
335192
335196
335203
335209
335217
335221
335222
335229
335233
335238
335253
335254
335257
335262
335265
335269
335270
335273
335278
335289
335291
335293
335295
335306
335314
335321
335322
335341
335355
335362
335370
335373
335375
335380
335383
335393
335395
335396
335402
335409
335417
335428
335437
335438
335446
335447
335453
335476
335478
335480
335486
335487
335510
335521
335529
335533
335540
335556
335557
335561
335562
335568
335578
335580
335582
335583
335588
335593
335595
335598
335605
335608
335611
335621
335622
335627
335629
335630
335632
335640
335645
335647
335649
335657
335668
335669
335675
335679
335680
335684
335693
335695
335697
335699
335700
335704
335705
335707
335711
335718
335723
335728
335734
335751
335753
335755
335762
335768
335769
335770
335771
335776
335778
335780
335782
335785
335787
335792
335794
335799
335808
335809
335813
335818
335821
335823
335826
335828
335829
335832
335833
335835
335848
335852
335865
335881
335887
335888
335890
335891
335896
335898
335900
335906
335909
335923
335935
335944
335948
335949
335954
335961
335962
335964
335968
335974
335984
336005
336014
336028
336031
336032
336039
336041
336044
336054
336055
336058
336066
336070
336072
336073
336075
336076
336084
336099
336108
336114
336129
336130
336136
336143
336153
336154
336160
336163
336170
336173
336174
336175
336177
336178
336181
336185
336192
336200
336201
336202
336205
336206
336207
336208
336217
336224
336228
336232
336241
336242
336243
336264
336268
336274
336278
336283
336284
336285
336287
336290
336304
336310
336311
336317
336321
336325
336327
336331
336335
336336
336347
336350
336351
336352
336362
336363
336368
336371
336376
336394
336395
336396
336403
336404
336409
336419
336421
336423
336435
336440
336446
336450
336454
336463
336473
336475
336476
336478
336479
336482
336489
336496
336497
336509
336515
336517
336521
336527
336530
336535
336536
336537
336541
336547
336559
336562
336563
336569
336577
336582
336594
336596
336602
336607
336611
336621
336631
336636
336637
336638
336640
336643
336660
336661
336675
336676
336677
336679
336685
336688
336691
336693
336697
336698
336707
336709
336746
336752
336757
336763
336764
336769
336772
336779
336780
336783
336786
336793
336795
336804
336808
336811
336813
336818
336826
336827
336831
336832
336835
336838
336840
336847
336850
336859
336860
336864
336866
336874
336879
336880
336888
336890
336897
336902
336909
336914
336939
336940
336953
336955
336956
336958
336959
336961
336962
336969
336978
336985
336988
336991
336994
337005
337008
337014
337018
337022
337023
337035
337053
337058
337061
337064
337073
337075
337077
337083
337091
337094
337095
337098
337104
337105
337111
337126
337137
337138
337140
337143
337145
337149
337150
337153
337156
337159
337163
337175
337177
337182
337184
337188
337193
337200
337201
337205
337209
337210
337211
337214
337216
337223
337226
337227
337228
337235
337240
337257
337260
337270
337273
337275
337280
337281
337283
337292
337294
337295
337300
337307
337310
337318
337322
337323
337328
337333
337339
337344
337353
337360
337372
337378
337379
337380
337386
337388
337392
337398
337400
337401
337411
337420
337421
337428
337438
337442
337443
337444
337455
337457
337458
337459
337463
337467
337471
337472
337476
337477
337498
337500
337505
337512
337513
337521
337524
337525
337528
337532
337533
337538
337542
337546
337557
337559
337566
337570
337573
337575
337580
337587
337595
337602
337617
337645
337653
337662
337666
337668
337671
337672
337674
337675
337680
337684
337686
337688
337690
337693
337697
337709
337712
337716
337743
337752
337754
337755
337757
337759
337761
337770
337776
337782
337783
337789
337791
337796
337804
337805
337807
337818
337820
337826
337827
337831
337838
337840
337848
337862
337863
337864
337866
337867
337868
337874
337877
337884
337888
337899
337900
337907
337909
337912
337917
337920
337922
337923
337928
337930
337938
337940
337944
337948
337956
337959
337967
337968
337970
337975
337981
337983
337985
337989
337991
337995
337998
338015
338016
338019
338020
338023
338029
338033
338048
338059
338061
338062
338068
338069
338076
338082
338083
338090
338092
338097
338098
338099
338122
338123
338126
338127
338130
338131
338137
338151
338158
338160
338172
338177
338181
338202
338204
338211
338214
338215
338219
338235
338236
338237
338244
338246
338248
338263
338268
338271
338278
338281
338283
338290
338295
338306
338313
338314
338322
338329
338330
338332
338334
338335
338336
338346
338352
338356
338359
338360
338365
338371
338381
338382
338383
338384
338390
338391
338392
338396
338402
338405
338409
338421
338424
338432
338435
338442
338444
338448
338466
338467
338469
338475
338478
338483
338487
338488
338501
338502
338504
338509
338517
338518
338522
338523
338524
338530
338538
338549
338550
338551
338553
338559
338573
338584
338585
338586
338587
338594
338597
338598
338600
338609
338617
338623
338629
338637
338646
338653
338655
338662
338667
338668
338672
338678
338689
338691
338693
338694
338700
338703
338705
338740
338742
338743
338746
338752
338753
338755
338761
338762
338765
338766
338780
338790
338798
338807
338811
338818
338823
338828
338830
338839
338845
338846
338856
338862
338871
338872
338875
338877
338889
338893
338896
338897
338906
338910
338913
338916
338925
338929
338940
338944
338948
338951
338958
338960
338964
338972
338974
338981
338993
339000
339001
339004
339013
339014
339026
339031
339037
339050
339055
339065
339068
339073
339076
339080
339086
339088
339091
339093
339097
339098
339114
339115
339116
339122
339141
339151
339154
339159
339186
339191
339192
339203
339209
339211
339212
339225
339226
339229
339241
339244
339253
339257
339258
339263
339266
339277
339279
339286
339295
339297
339306
339307
339311
339324
339337
339338
339356
339358
339360
339370
339377
339387
339391
339397
339402
339403
339411
339413
339416
339422
339427
339444
339447
339454
339465
339473
339478
339479
339482
339491
339493
339500
339501
339505
339510
339514
339517
339518
339524
339528
339535
339544
339545
339548
339549
339557
339564
339569
339572
339578
339587
339589
339592
339595
339599
339602
339603
339609
339613
339620
339625
339626
339632
339633
339636
339642
339654
339658
339666
339671
339675
339681
339686
339687
339697
339699
339701
339712
339713
339714
339720
339730
339735
339740
339757
339763
339770
339777
339778
339781
339784
339790
339806
339814
339816
339826
339834
339837
339852
339856
339864
339866
339867
339877
339885
339896
339900
339903
339904
339921
339928
339934
339935
339936
339939
339941
339947
339948
339949
339951
339956
339976
339978
339980
339981
339983
339986
340001
340002
340004
340011
340014
340017
340019
340024
340032
340038
340045
340047
340050
340051
340057
340072
340080
340081
340084
340088
340090
340091
340092
340099
340110
340112
340121
340128
340148
340155
340158
340172
340173
340181
340183
340188
340190
340200
340203
340206
340212
340213
340217
340222
340229
340231
340232
340240
340242
340246
340250
340274
340275
340292
340293
340298
340304
340306
340308
340312
340314
340319
340322
340328
340337
340341
340342
340353
340356
340358
340359
340360
340361
340371
340381
340390
340392
340406
340407
340411
340412
340415
340420
340422
340429
340430
340433
340443
340452
340473
340475
340479
340484
340496
340508
340512
340519
340521
340531
340532
340534
340543
340545
340548
340550
340561
340572
340573
340576
340582
340586
340588
340607
340627
340631
340632
340651
340658
340664
340665
340669
340678
340685
340691
340695
340696
340711
340717
340724
340728
340740
340742
340746
340749
340756
340764
340768
340773
340774
340780
340783
340790
340794
340797
340798
340799
340807
340810
340819
340827
340831
340834
340835
340843
340844
340846
340848
340849
340851
340852
340854
340858
340860
340869
340872
340874
340877
340880
340884
340885
340887
340890
340891
340894
340895
340896
340903
340904
340915
340919
340920
340923
340924
340930
340933
340936
340937
340945
340957
340966
340969
340979
340981
340987
340988
341001
341003
341007
341008
341010
341019
341035
341051
341053
341059
341063
341066
341073
341074
341079
341080
341086
341087
341089
341096
341100
341109
341112
341115
341119
341128
341130
341137
341138
341141
341142
341143
341146
341165
341166
341168
341170
341172
341174
341175
341176
341183
341185
341187
341190
341195
341196
341197
341206
341215
341217
341230
341231
341235
341256
341264
341273
341284
341286
341287
341290
341291
341294
341295
341298
341303
341308
341319
341321
341335
341338
341339
341348
341349
341359
341367
341375
341380
341381
341389
341403
341404
341406
341410
341412
341423
341427
341431
341432
341435
341439
341449
341450
341459
341461
341463
341471
341481
341484
341488
341489
341494
341495
341506
341514
341537
341538
341539
341543
341553
341555
341561
341562
341565
341577
341584
341589
341590
341595
341598
341603
341611
341620
341622
341636
341647
341650
341652
341654
341660
341668
341669
341686
341689
341690
341693
341696
341698
341710
341714
341718
341720
341733
341737
341739
341740
341741
341746
341750
341759
341761
341768
341770
341786
341787
341791
341792
341797
341798
341801
341811
341816
341824
341826
341832
341834
341838
341839
341842
341844
341847
341848
341861
341868
341871
341875
341878
341892
341897
341898
341901
341918
341929
341931
341933
341939
341946
341947
341948
341950
341952
341953
341954
341959
341962
341966
341970
341975
341976
341981
341982
341984
341987
341996
341997
342000
342002
342014
342017
342021
342023
342031
342037
342042
342048
342052
342058
342063
342065
342066
342069
342071
342082
342094
342096
342102
342107
342113
342126
342131
342142
342143
342145
342146
342157
342160
342162
342175
342178
342179
342180
342194
342202
342207
342213
342214
342218
342220
342227
342233
342241
342242
342243
342244
342259
342269
342271
342274
342276
342278
342279
342281
342282
342285
342287
342294
342314
342318
342319
342322
342325
342326
342328
342333
342337
342338
342343
342354
342361
342362
342373
342376
342377
342380
342381
342383
342388
342399
342414
342419
342425
342430
342437
342441
342449
342460
342462
342464
342470
342482
342483
342494
342504
342509
342511
342512
342523
342524
342525
342531
342541
342542
342543
342544
342551
342555
342560
342561
342564
342575
342576
342580
342581
342586
342587
342588
342591
342593
342604
342616
342623
342624
342629
342630
342631
342637
342642
342644
342647
342652
342655
342658
342661
342666
342688
342693
342694
342695
342697
342703
342707
342711
342714
342722
342725
342729
342737
342742
342745
342746
342750
342755
342757
342764
342768
342777
342786
342789
342801
342802
342803
342812
342815
342818
342823
342825
342828
342829
342836
342838
342842
342849
342850
342857
342858
342859
342864
342867
342869
342870
342871
342875
342879
342880
342892
342901
342904
342908
342918
342924
342931
342932
342935
342954
342956
342961
342962
342971
342973
342981
342983
342989
343000
343003
343012
343018
343021
343029
343039
343047
343068
343073
343080
343081
343093
343100
343104
343109
343110
343113
343122
343123
343127
343132
343140
343147
343151
343161
343163
343167
343173
343174
343183
343186
343187
343196
343201
343219
343222
343228
343229
343233
343237
343238
343245
343250
343259
343262
343269
343270
343292
343307
343308
343317
343330
343333
343339
343346
343352
343353
343358
343363
343365
343366
343369
343374
343377
343378
343381
343383
343388
343389
343396
343397
343401
343402
343410
343416
343417
343420
343425
343431
343432
343440
343445
343462
343469
343473
343474
343475
343494
343500
343501
343504
343508
343510
343515
343517
343528
343541
343543
343544
343546
343548
343552
343555
343556
343559
343562
343565
343586
343595
343599
343613
343616
343617
343618
343619
343621
343647
343658
343660
343663
343665
343680
343694
343703
343705
343706
343707
343714
343716
343718
343721
343725
343728
343729
343730
343741
343744
343745
343746
343750
343751
343760
343768
343771
343789
343792
343796
343800
343801
343804
343819
343831
343834
343837
343844
343845
343847
343851
343870
343872
343878
343895
343898
343912
343916
343921
343923
343925
343938
343942
343944
343953
343954
343958
343975
343980
343982
343988
343995
344002
344004
344005
344006
344008
344009
344030
344038
344044
344045
344046
344052
344065
344079
344081
344082
344092
344094
344104
344105
344109
344112
344113
344125
344130
344133
344135
344138
344141
344146
344148
344150
344155
344163
344165
344169
344175
344179
344182
344184
344187
344189
344193
344197
344204
344213
344216
344218
344220
344221
344231
344239
344240
344259
344264
344266
344267
344268
344283
344292
344295
344298
344304
344306
344308
344311
344315
344319
344320
344322
344330
344345
344348
344350
344351
344359
344360
344365
344367
344373
344374
344382
344384
344389
344397
344401
344403
344405
344407
344411
344414
344421
344426
344428
344430
344431
344435
344450
344457
344471
344478
344486
344496
344505
344506
344508
344510
344511
344513
344514
344524
344526
344529
344538
344544
344558
344562
344568
344573
344576
344586
344603
344605
344613
344614
344616
344618
344620
344623
344625
344627
344639
344643
344649
344656
344658
344660
344662
344668
344670
344671
344672
344675
344676
344677
344679
344686
344688
344689
344694
344698
344702
344707
344712
344718
344720
344723
344725
344726
344731
344733
344754
344756
344759
344766
344767
344768
344777
344780
344781
344783
344784
344787
344791
344793
344795
344797
344798
344803
344827
344831
344833
344835
344840
344841
344843
344844
344846
344858
344860
344865
344867
344876
344881
344910
344916
344922
344926
344928
344934
344951
344952
344957
344958
344959
344963
344978
344980
344982
344987
344989
344995
345003
345015
345028
345029
345034
345037
345038
345044
345048
345055
345065
345073
345106
345123
345127
345131
345135
345138
345142
345153
345169
345174
345177
345178
345181
345182
345185
345189
345204
345212
345220
345222
345224
345225
345228
345232
345233
345244
345247
345250
345254
345255
345256
345263
345265
345266
345268
345269
345278
345281
345282
345285
345287
345289
345291
345298
345306
345307
345323
345324
345325
345326
345327
345328
345330
345331
345340
345353
345356
345357
345358
345376
345382
345390
345392
345394
345397
345404
345412
345413
345419
345420
345421
345423
345428
345429
345430
345434
345435
345438
345444
345461
345464
345465
345481
345487
345489
345495
345507
345516
345525
345529
345534
345536
345538
345542
345551
345557
345565
345574
345581
345591
345592
345605
345613
345614
345618
345621
345624
345630
345632
345636
345646
345663
345664
345667
345668
345688
345696
345703
345708
345710
345712
345715
345716
345723
345734
345735
345738
345741
345743
345761
345769
345772
345777
345782
345784
345785
345792
345797
345801
345805
345806
345818
345821
345830
345833
345836
345837
345843
345846
345847
345854
345863
345865
345871
345875
345876
345883
345888
345890
345892
345904
345907
345910
345911
345912
345921
345924
345927
345930
345935
345936
345941
345965
345976
345988
345993
345997
346002
346008
346014
346015
346019
346025
346028
346035
346046
346048
346057
346063
346077
346078
346087
346088
346094
346097
346098
346103
346107
346109
346114
346117
346118
346119
346126
346130
346132
346140
346141
346145
346159
346162
346173
346177
346180
346183
346190
346194
346198
346210
346214
346218
346221
346224
346226
346231
346233
346235
346239
346243
346257
346264
346265
346267
346280
346288
346304
346308
346319
346338
346345
346348
346354
346362
346374
346376
346383
346387
346390
346391
346402
346406
346407
346410
346415
346417
346420
346422
346423
346425
346427
346429
346440
346446
346447
346460
346464
346468
346469
346473
346477
346483
346484
346489
346492
346498
346500
346508
346516
346517
346518
346525
346529
346536
346539
346541
346542
346543
346557
346558
346565
346575
346578
346606
346609
346610
346613
346627
346629
346632
346638
346652
346654
346664
346665
346666
346668
346669
346673
346675
346678
346680
346686
346691
346694
346700
346721
346727
346728
346730
346737
346738
346739
346742
346744
346745
346759
346763
346764
346765
346774
346782
346784
346788
346792
346798
346809
346816
346826
346843
346852
346854
346864
346866
346870
346871
346873
346882
346892
346894
346900
346906
346920
346925
346928
346930
346936
346937
346940
346942
346952
346962
346969
346976
346978
346980
346985
346989
347000
347016
347019
347021
347032
347033
347035
347043
347066
347070
347072
347073
347079
347083
347087
347093
347095
347096
347099
347102
347103
347107
347110
347111
347112
347120
347123
347128
347132
347142
347146
347158
347167
347171
347172
347182
347204
347210
347213
347216
347220
347223
347224
347225
347227
347239
347241
347243
347244
347248
347250
347259
347276
347290
347292
347295
347302
347306
347310
347313
347320
347325
347326
347327
347330
347333
347334
347339
347340
347349
347354
347365
347368
347374
347375
347382
347384
347388
347393
347394
347398
347399
347400
347409
347419
347428
347429
347431
347432
347434
347436
347438
347450
347452
347458
347463
347465
347471
347472
347481
347483
347484
347491
347492
347500
347501
347503
347504
347506
347509
347510
347525
347536
347546
347549
347556
347558
347561
347565
347578
347584
347597
347613
347614
347627
347631
347638
347651
347652
347654
347656
347665
347679
347686
347694
347697
347698
347702
347712
347717
347723
347725
347726
347729
347731
347740
347742
347743
347748
347749
347754
347764
347766
347767
347769
347771
347772
347773
347775
347782
347802
347803
347807
347811
347812
347814
347816
347818
347821
347824
347833
347836
347841
347856
347862
347864
347866
347873
347876
347879
347885
347887
347890
347894
347897
347899
347900
347907
347909
347920
347922
347924
347932
347933
347939
347940
347941
347944
347946
347949
347953
347965
347968
347969
347971
347981
347987
347990
348009
348010
348011
348017
348019
348023
348024
348026
348030
348033
348044
348046
348047
348061
348066
348067
348069
348072
348074
348088
348091
348099
348101
348105
348117
348136
348139
348151
348167
348171
348173
348175
348194
348195
348196
348202
348207
348212
348215
348217
348218
348236
348240
348249
348254
348258
348260
348269
348272
348274
348280
348291
348298
348312
348314
348319
348325
348330
348332
348334
348338
348347
348350
348352
348353
348354
348356
348358
348359
348363
348371
348376
348381
348383
348389
348391
348395
348396
348398
348402
348403
348404
348406
348426
348432
348434
348436
348447
348453
348455
348466
348471
348478
348480
348482
348500
348502
348503
348506
348508
348510
348519
348523
348535
348537
348538
348539
348543
348545
348547
348548
348551
348553
348555
348556
348561
348565
348586
348589
348593
348594
348595
348600
348611
348615
348616
348618
348621
348629
348636
348647
348658
348664
348668
348669
348678
348681
348683
348689
348707
348708
348718
348719
348723
348736
348744
348745
348750
348751
348753
348759
348762
348766
348772
348786
348791
348799
348800
348811
348817
348818
348827
348829
348832
348835
348836
348838
348841
348849
348850
348851
348858
348859
348868
348873
348874
348880
348881
348889
348890
348899
348903
348904
348905
348909
348913
348918
348925
348928
348932
348940
348942
348943
348950
348951
348958
348965
348969
348970
348989
348992
348993
348996
348998
348999
349000
349040
349044
349050
349054
349065
349069
349079
349080
349081
349084
349095
349096
349099
349102
349107
349119
349122
349124
349126
349131
349133
349134
349149
349154
349160
349163
349166
349179
349181
349187
349192
349194
349206
349210
349217
349227
349237
349242
349246
349251
349258
349264
349266
349267
349281
349288
349289
349300
349302
349309
349311
349315
349317
349323
349326
349331
349332
349335
349341
349345
349366
349369
349370
349378
349395
349396
349397
349399
349411
349420
349421
349429
349434
349437
349444
349447
349448
349454
349455
349456
349464
349469
349472
349473
349475
349479
349482
349487
349496
349506
349509
349515
349516
349526
349527
349530
349535
349543
349547
349548
349569
349570
349577
349582
349592
349601
349602
349608
349615
349617
349621
349629
349631
349633
349635
349639
349642
349646
349649
349650
349655
349657
349660
349661
349662
349663
349664
349680
349681
349691
349693
349705
349709
349712
349727
349732
349737
349740
349747
349750
349758
349763
349764
349782
349783
349785
349789
349790
349791
349792
349793
349799
349805
349813
349830
349832
349836
349837
349845
349852
349853
349862
349864
349868
349869
349870
349878
349882
349885
349887
349888
349890
349894
349902
349908
349911
349920
349925
349929
349935
349960
349974
349977
349980
349986
349996
349997
350004
350010
350011
350012
350018
350019
350023
350027
350035
350040
350043
350061
350063
350065
350073
350081
350082
350083
350084
350085
350090
350094
350095
350099
350100
350118
350120
350123
350131
350133
350134
350137
350138
350149
350152
350153
350155
350156
350157
350169
350178
350179
350181
350184
350192
350194
350201
350204
350205
350209
350218
350224
350237
350248
350251
350252
350253
350255
350257
350261
350262
350272
350277
350280
350288
350296
350303
350308
350309
350310
350313
350316
350330
350342
350345
350354
350359
350375
350379
350380
350384
350390
350394
350407
350409
350420
350430
350431
350443
350447
350468
350469
350475
350477
350479
350486
350494
350495
350501
350505
350509
350514
350523
350524
350525
350526
350534
350540
350548
350556
350557
350559
350565
350571
350574
350575
350595
350602
350610
350611
350639
350643
350663
350668
350671
350672
350673
350678
350684
350693
350695
350696
350699
350700
350705
350721
350728
350729
350735
350742
350745
350749
350760
350764
350766
350779
350786
350799
350801
350808
350821
350824
350840
350841
350842
350845
350853
350856
350858
350863
350885
350897
350899
350900
350905
350908
350927
350938
350942
350948
350951
350954
350973
350981
350982
350985
350990
350993
350994
351002
351004
351007
351016
351022
351023
351039
351040
351053
351057
351061
351080
351094
351106
351115
351117
351120
351125
351129
351133
351139
351150
351153
351155
351159
351161
351165
351166
351168
351172
351177
351180
351183
351184
351196
351201
351203
351217
351225
351226
351234
351240
351244
351245
351253
351254
351256
351260
351265
351273
351283
351290
351291
351298
351302
351307
351312
351313
351319
351327
351330
351334
351339
351341
351345
351346
351350
351355
351356
351372
351374
351378
351382
351391
351400
351418
351422
351427
351434
351442
351446
351448
351454
351456
351460
351461
351464
351466
351475
351485
351497
351503
351510
351513
351518
351521
351526
351528
351532
351537
351541
351547
351549
351550
351561
351564
351567
351573
351576
351582
351587
351588
351593
351595
351597
351603
351608
351610
351611
351612
351631
351634
351638
351643
351645
351648
351649
351650
351670
351671
351672
351673
351679
351683
351689
351696
351701
351706
351712
351714
351717
351718
351722
351729
351732
351733
351739
351741
351749
351750
351763
351766
351769
351771
351774
351783
351785
351787
351788
351789
351792
351796
351797
351801
351805
351816
351825
351827
351828
351837
351842
351847
351849
351857
351858
351859
351868
351869
351874
351882
351884
351885
351886
351892
351895
351897
351899
351904
351906
351910
351911
351917
351918
351921
351923
351925
351936
351939
351940
351945
351950
351951
351957
351963
351964
351965
351968
351981
351985
351986
351987
351996
352002
352014
352022
352024
352025
352026
352029
352042
352044
352048
352049
352050
352056
352057
352063
352064
352076
352083
352085
352112
352114
352116
352121
352123
352132
352137
352147
352148
352155
352159
352169
352170
352173
352191
352193
352194
352197
352199
352201
352203
352207
352211
352213
352224
352225
352239
352240
352241
352243
352249
352253
352256
352258
352261
352262
352264
352265
352270
352271
352285
352287
352298
352301
352317
352320
352324
352327
352332
352335
352339
352350
352351
352356
352357
352358
352369
352373
352375
352376
352377
352387
352391
352395
352397
352402
352408
352419
352427
352434
352438
352440
352441
352448
352460
352461
352469
352475
352488
352492
352493
352497
352499
352500
352503
352504
352505
352506
352508
352512
352514
352519
352529
352533
352537
352538
352539
352543
352544
352545
352546
352551
352553
352556
352582
352583
352587
352589
352597
352603
352605
352612
352616
352624
352625
352631
352635
352639
352647
352649
352650
352653
352659
352660
352667
352669
352671
352672
352674
352675
352676
352690
352692
352704
352706
352710
352714
352733
352747
352751
352755
352766
352767
352773
352783
352795
352796
352814
352826
352830
352831
352833
352845
352846
352850
352859
352863
352866
352871
352874
352875
352876
352889
352891
352902
352905
352909
352911
352913
352917
352919
352920
352930
352935
352941
352954
352966
352969
352971
352977
352979
352991
352997
352999
353008
353019
353021
353024
353026
353031
353032
353036
353041
353044
353049
353050
353051
353057
353059
353066
353077
353084
353086
353090
353094
353101
353103
353104
353107
353109
353111
353117
353125
353127
353131
353132
353136
353139
353141
353143
353144
353146
353149
353158
353164
353172
353174
353178
353180
353190
353201
353210
353219
353220
353230
353233
353238
353242
353251
353253
353266
353272
353273
353277
353279
353283
353289
353293
353296
353309
353318
353320
353324
353327
353332
353343
353348
353355
353357
353358
353360
353361
353363
353366
353367
353368
353378
353386
353397
353400
353402
353412
353419
353425
353428
353429
353436
353443
353451
353458
353462
353465
353475
353484
353485
353491
353497
353502
353527
353528
353536
353541
353545
353547
353551
353557
353559
353563
353564
353565
353581
353588
353591
353598
353599
353602
353604
353607
353613
353617
353627
353631
353633
353638
353647
353649
353657
353658
353663
353666
353669
353677
353679
353682
353689
353697
353703
353705
353708
353722
353723
353724
353728
353730
353736
353739
353750
353764
353766
353769
353779
353782
353788
353793
353799
353804
353808
353810
353811
353824
353847
353848
353849
353850
353855
353856
353857
353864
353865
353868
353872
353881
353883
353885
353898
353904
353910
353913
353919
353921
353930
353933
353937
353939
353941
353942
353943
353945
353947
353948
353950
353954
353956
353964
353972
353975
353976
353977
353979
353996
354001
354004
354006
354013
354018
354020
354021
354030
354041
354046
354050
354052
354056
354057
354064
354071
354076
354079
354089
354094
354100
354107
354114
354117
354137
354145
354152
354160
354171
354172
354174
354180
354186
354191
354195
354197
354199
354205
354209
354221
354222
354225
354229
354230
354233
354238
354242
354246
354248
354249
354256
354259
354263
354276
354277
354280
354282
354284
354285
354289
354297
354300
354306
354309
354310
354322
354324
354335
354342
354350
354351
354354
354356
354361
354362
354363
354364
354369
354381
354382
354383
354390
354391
354405
354407
354413
354420
354421
354427
354432
354436
354437
354445
354448
354452
354454
354461
354466
354474
354477
354480
354486
354489
354494
354499
354500
354504
354505
354506
354508
354515
354521
354525
354530
354533
354535
354540
354543
354544
354545
354546
354557
354558
354559
354563
354569
354574
354576
354577
354587
354601
354608
354615
354625
354632
354633
354634
354637
354638
354655
354658
354660
354663
354664
354666
354671
354673
354679
354680
354687
354700
354703
354704
354706
354717
354728
354729
354731
354740
354743
354745
354753
354755
354759
354762
354763
354769
354770
354776
354777
354778
354779
354786
354796
354810
354817
354825
354826
354830
354835
354851
354865
354871
354872
354877
354878
354902
354913
354924
354928
354943
354944
354956
354958
354962
354972
354978
354987
354989
354991
354993
354997
355000
355014
355020
355037
355039
355041
355044
355045
355047
355049
355052
355056
355061
355065
355067
355069
355073
355079
355082
355084
355085
355092
355095
355101
355106
355113
355120
355124
355128
355131
355133
355136
355137
355139
355151
355152
355153
355155
355157
355166
355172
355185
355186
355196
355197
355199
355204
355211
355217
355218
355220
355221
355230
355244
355248
355254
355256
355257
355262
355265
355269
355276
355277
355283
355286
355291
355295
355297
355306
355308
355309
355312
355313
355316
355317
355329
355333
355334
355338
355343
355345
355361
355365
355366
355370
355374
355376
355381
355385
355393
355396
355403
355405
355407
355410
355412
355420
355421
355422
355423
355424
355431
355438
355445
355455
355456
355468
355472
355478
355480
355488
355491
355497
355506
355510
355534
355543
355547
355548
355549
355554
355555
355564
355572
355574
355575
355586
355588
355590
355592
355593
355602
355608
355609
355613
355615
355624
355631
355632
355637
355645
355646
355652
355657
355658
355672
355675
355681
355683
355684
355693
355695
355704
355705
355712
355740
355744
355746
355753
355754
355758
355759
355760
355761
355777
355784
355786
355799
355802
355813
355823
355824
355826
355834
355835
355843
355844
355846
355847
355854
355859
355860
355862
355866
355874
355877
355894
355900
355905
355906
355911
355913
355920
355933
355936
355938
355946
355953
355954
355962
355976
355981
355986
355994
355995
356002
356004
356007
356011
356016
356020
356022
356039
356042
356047
356049
356063
356074
356093
356102
356110
356112
356121
356122
356128
356131
356132
356136
356140
356141
356147
356151
356154
356155
356160
356162
356164
356173
356174
356179
356181
356184
356188
356189
356192
356206
356217
356233
356235
356238
356239
356247
356248
356256
356258
356266
356271
356276
356277
356278
356279
356285
356288
356292
356303
356315
356335
356338
356340
356350
356351
356353
356366
356367
356372
356377
356378
356382
356389
356396
356403
356407
356419
356427
356428
356437
356440
356453
356454
356458
356462
356468
356471
356474
356484
356491
356494
356497
356500
356504
356505
356507
356513
356519
356524
356546
356552
356571
356578
356582
356586
356590
356594
356600
356609
356612
356619
356624
356626
356628
356632
356634
356637
356639
356645
356646
356654
356666
356675
356676
356678
356680
356686
356690
356691
356695
356697
356702
356722
356728
356731
356734
356735
356737
356751
356755
356756
356758
356763
356770
356775
356777
356782
356784
356790
356791
356798
356807
356811
356821
356822
356823
356829
356832
356836
356839
356844
356871
356873
356875
356880
356890
356891
356892
356894
356910
356921
356924
356927
356940
356946
356951
356954
356956
356959
356970
356973
356981
356984
356993
357002
357014
357022
357025
357028
357029
357030
357053
357058
357062
357063
357071
357072
357073
357079
357080
357081
357083
357085
357098
357109
357110
357113
357119
357122
357123
357128
357135
357145
357150
357156
357157
357171
357174
357180
357183
357185
357192
357198
357214
357216
357217
357220
357221
357232
357242
357248
357253
357259
357263
357268
357272
357273
357282
357287
357307
357308
357316
357333
357340
357348
357350
357353
357365
357369
357372
357380
357381
357383
357388
357391
357395
357405
357406
357409
357413
357415
357416
357418
357427
357430
357432
357433
357434
357435
357442
357445
357455
357460
357468
357474
357481
357495
357497
357513
357515
357516
357520
357522
357528
357529
357531
357532
357534
357536
357538
357544
357545
357546
357552
357559
357561
357571
357574
357577
357581
357587
357590
357591
357599
357602
357604
357608
357616
357617
357620
357626
357633
357646
357648
357650
357653
357655
357659
357660
357669
357670
357677
357681
357684
357688
357689
357691
357695
357697
357702
357703
357704
357716
357717
357721
357730
357733
357735
357740
357752
357760
357761
357778
357780
357795
357800
357804
357810
357816
357822
357824
357833
357836
357837
357840
357848
357850
357851
357858
357860
357865
357866
357871
357882
357883
357884
357887
357896
357897
357903
357912
357915
357920
357924
357925
357927
357935
357936
357957
357959
357961
357964
357967
357972
357973
357975
357978
357985
357986
358006
358009
358013
358016
358030
358038
358045
358048
358053
358055
358058
358059
358060
358061
358062
358071
358075
358076
358082
358083
358085
358089
358095
358102
358111
358112
358116
358118
358140
358147
358150
358154
358155
358156
358162
358165
358172
358175
358182
358194
358201
358207
358209
358213
358220
358221
358223
358228
358229
358231
358232
358237
358241
358242
358257
358260
358263
358264
358268
358270
358273
358274
358277
358283
358286
358295
358305
358311
358320
358324
358331
358332
358336
358340
358345
358352
358353
358356
358367
358374
358376
358377
358383
358386
358397
358398
358411
358414
358423
358425
358426
358427
358428
358434
358436
358439
358443
358449
358451
358453
358455
358461
358474
358479
358483
358485
358486
358487
358493
358495
358496
358499
358507
358508
358516
358525
358526
358527
358535
358537
358538
358540
358544
358553
358571
358579
358580
358588
358598
358606
358610
358623
358641
358650
358652
358656
358657
358658
358661
358663
358664
358671
358672
358677
358678
358682
358700
358704
358714
358728
358729
358736
358740
358753
358760
358775
358777
358784
358787
358791
358796
358812
358828
358836
358839
358841
358848
358854
358855
358864
358866
358873
358879
358884
358894
358895
358896
358897
358902
358906
358911
358925
358934
358944
358948
358949
358951
358952
358956
358975
358977
358989
358997
359006
359007
359016
359018
359021
359023
359036
359044
359046
359047
359053
359060
359066
359076
359084
359088
359098
359101
359103
359110
359121
359124
359126
359130
359137
359140
359143
359150
359155
359157
359161
359167
359175
359182
359194
359205
359211
359216
359227
359229
359237
359239
359241
359244
359245
359246
359248
359251
359252
359254
359255
359259
359261
359270
359273
359277
359278
359281
359282
359283
359292
359305
359306
359307
359321
359324
359329
359331
359334
359339
359341
359349
359352
359357
359366
359373
359375
359377
359379
359387
359390
359399
359410
359414
359415
359420
359431
359434
359437
359446
359449
359454
359463
359485
359487
359489
359492
359493
359496
359503
359506
359515
359524
359528
359531
359533
359538
359541
359542
359544
359554
359555
359575
359576
359578
359588
359589
359591
359595
359608
359619
359621
359622
359625
359629
359631
359635
359641
359642
359644
359646
359657
359658
359663
359664
359666
359669
359670
359675
359680
359685
359688
359700
359701
359702
359707
359708
359710
359712
359722
359738
359744
359745
359746
359754
359758
359765
359767
359768
359769
359771
359777
359782
359783
359784
359787
359791
359793
359798
359805
359821
359822
359829
359839
359840
359842
359844
359849
359853
359854
359866
359879
359883
359886
359911
359912
359916
359919
359926
359934
359939
359951
359952
359955
359959
359969
359981
359982
359983
359984
359989
360005
360010
360013
360014
360019
360020
360023
360025
360037
360039
360040
360047
360049
360053
360055
360067
360072
360073
360075
360079
360084
360090
360097
360101
360108
360112
360119
360123
360127
360130
360137
360142
360144
360153
360155
360156
360168
360184
360185
360190
360196
360201
360208
360217
360232
360244
360254
360255
360258
360274
360277
360281
360282
360284
360291
360293
360308
360321
360325
360326
360330
360334
360345
360355
360364
360369
360372
360377
360387
360391
360395
360397
360398
360403
360413
360416
360417
360418
360433
360438
360445
360450
360452
360453
360457
360458
360466
360469
360479
360484
360486
360488
360489
360497
360501
360502
360504
360506
360509
360516
360517
360523
360524
360535
360545
360546
360548
360551
360557
360567
360594
360598
360599
360601
360602
360616
360626
360627
360630
360632
360634
360635
360642
360654
360663
360671
360674
360678
360685
360691
360699
360702
360703
360728
360730
360738
360739
360750
360760
360770
360771
360775
360781
360785
360786
360787
360788
360791
360796
360799
360808
360811
360816
360817
360819
360822
360823
360832
360835
360844
360847
360849
360852
360860
360864
360865
360868
360878
360880
360888
360889
360896
360906
360919
360921
360923
360930
360932
360939
360946
360964
360965
360971
360974
360976
360977
360980
360982
360983
360984
360990
360991
361016
361021
361028
361034
361036
361049
361056
361057
361064
361077
361083
361086
361087
361088
361089
361103
361105
361116
361121
361130
361142
361151
361161
361166
361178
361180
361181
361185
361189
361191
361192
361198
361207
361208
361211
361212
361226
361231
361235
361239
361243
361249
361254
361262
361268
361278
361279
361283
361284
361287
361290
361300
361310
361311
361318
361325
361326
361328
361331
361341
361343
361349
361361
361362
361368
361374
361382
361384
361386
361395
361400
361401
361414
361415
361424
361445
361446
361455
361458
361464
361467
361471
361475
361477
361482
361486
361497
361498
361500
361501
361502
361520
361527
361532
361541
361550
361551
361563
361573
361574
361578
361579
361584
361587
361589
361595
361598
361604
361606
361608
361623
361629
361639
361647
361651
361658
361659
361662
361669
361670
361682
361688
361698
361705
361707
361715
361722
361726
361728
361732
361734
361738
361739
361758
361763
361764
361766
361771
361772
361778
361782
361785
361790
361795
361808
361809
361816
361829
361831
361837
361843
361849
361852
361859
361862
361865
361867
361876
361885
361888
361889
361890
361897
361901
361902
361903
361906
361909
361910
361916
361943
361954
361955
361959
361966
361972
361973
361975
361977
361979
361980
361992
361998
362003
362007
362013
362021
362033
362034
362037
362043
362047
362049
362052
362062
362066
362068
362076
362077
362081
362082
362087
362088
362089
362092
362097
362102
362103
362112
362120
362124
362127
362128
362133
362134
362138
362139
362140
362141
362155
362157
362158
362163
362164
362166
362173
362178
362187
362192
362193
362200
362207
362209
362210
362219
362220
362232
362235
362238
362243
362245
362246
362249
362255
362259
362261
362264
362265
362271
362280
362286
362288
362291
362295
362296
362301
362307
362319
362320
362335
362339
362342
362347
362357
362360
362361
362368
362371
362375
362376
362378
362382
362389
362390
362395
362399
362406
362408
362410
362414
362416
362429
362433
362436
362437
362438
362449
362467
362473
362475
362478
362481
362482
362489
362491
362495
362498
362501
362503
362512
362517
362518
362525
362526
362534
362539
362545
362550
362553
362559
362565
362567
362574
362604
362620
362622
362629
362631
362640
362642
362647
362654
362664
362671
362672
362673
362686
362687
362699
362712
362714
362716
362727
362730
362731
362736
362739
362741
362743
362752
362753
362759
362760
362761
362779
362780
362787
362791
362796
362798
362803
362805
362808
362810
362811
362814
362824
362826
362832
362834
362835
362838
362840
362848
362852
362857
362859
362860
362868
362875
362878
362879
362882
362891
362892
362901
362904
362906
362916
362923
362928
362929
362938
362943
362944
362967
362975
362982
362986
362988
362994
363002
363003
363008
363013
363018
363020
363030
363036
363037
363057
363070
363077
363093
363095
363101
363102
363106
363117
363118
363119
363123
363127
363128
363130
363142
363143
363148
363150
363156
363159
363161
363162
363163
363165
363167
363188
363192
363201
363203
363212
363223
363224
363225
363226
363234
363239
363240
363241
363245
363247
363251
363252
363258
363267
363271
363276
363278
363279
363295
363298
363308
363312
363324
363334
363343
363377
363384
363420
363423
363426
363432
363434
363441
363443
363444
363448
363456
363466
363471
363473
363475
363478
363479
363482
363496
363498
363500
363505
363506
363512
363518
363519
363520
363526
363527
363531
363541
363546
363547
363554
363556
363558
363571
363584
363588
363589
363593
363599
363615
363618
363623
363629
363635
363636
363638
363640
363641
363643
363647
363653
363656
363659
363665
363666
363674
363686
363692
363697
363699
363701
363711
363712
363713
363720
363722
363726
363727
363729
363732
363735
363739
363754
363763
363765
363773
363775
363777
363790
363794
363795
363796
363801
363807
363808
363810
363817
363818
363821
363823
363827
363831
363839
363846
363849
363858
363860
363862
363864
363871
363873
363878
363888
363898
363902
363909
363925
363929
363930
363945
363956
363959
363960
363964
363972
363973
363978
363989
363990
363996
363998
363999
364001
364007
364008
364012
364017
364020
364028
364034
364035
364050
364052
364056
364064
364070
364077
364098
364099
364102
364105
364114
364116
364117
364126
364128
364134
364157
364160
364162
364166
364174
364177
364180
364182
364185
364192
364195
364201
364204
364208
364215
364217
364220
364228
364230
364238
364240
364246
364248
364250
364254
364255
364261
364270
364271
364272
364273
364274
364277
364279
364287
364298
364308
364321
364322
364335
364336
364337
364339
364340
364345
364351
364354
364356
364359
364362
364364
364379
364381
364384
364395
364397
364401
364408
364414
364416
364422
364425
364437
364448
364449
364461
364466
364468
364470
364480
364481
364483
364486
364492
364506
364513
364519
364523
364524
364528
364538
364554
364555
364556
364564
364567
364568
364571
364578
364585
364592
364597
364598
364613
364615
364618
364626
364627
364628
364629
364633
364643
364647
364666
364674
364677
364679
364683
364686
364692
364693
364700
364703
364704
364711
364712
364721
364729
364730
364733
364741
364752
364759
364765
364766
364774
364775
364777
364781
364784
364786
364789
364792
364796
364804
364806
364819
364826
364827
364833
364836
364837
364854
364866
364867
364868
364871
364873
364880
364881
364882
364885
364891
364893
364906
364908
364911
364914
364919
364920
364923
364928
364933
364938
364940
364943
364944
364950
364952
364953
364955
364964
364966
364971
364978
364983
364991
364998
365000
365005
365011
365024
365027
365037
365038
365039
365040
365044
365053
365056
365060
365068
365077
365080
365086
365090
365092
365093
365098
365105
365109
365110
365112
365113
365118
365121
365122
365127
365144
365145
365151
365152
365156
365160
365164
365165
365171
365172
365186
365187
365190
365194
365198
365206
365207
365209
365213
365217
365219
365229
365239
365244
365254
365257
365261
365264
365265
365267
365284
365286
365292
365302
365309
365319
365326
365341
365342
365343
365366
365370
365375
365379
365381
365384
365386
365388
365390
365391
365395
365401
365402
365403
365407
365408
365419
365433
365435
365436
365442
365454
365455
365458
365468
365475
365485
365491
365493
365499
365500
365504
365513
365515
365520
365525
365537
365539
365541
365546
365550
365551
365554
365560
365564
365565
365566
365570
365571
365582
365590
365591
365596
365597
365604
365605
365613
365614
365617
365623
365627
365632
365645
365659
365680
365692
365695
365702
365716
365719
365722
365732
365738
365739
365743
365746
365747
365757
365758
365767
365769
365771
365772
365782
365784
365787
365790
365791
365795
365797
365805
365811
365814
365817
365829
365841
365842
365849
365850
365852
365853
365864
365869
365871
365875
365878
365882
365883
365888
365906
365908
365926
365930
365934
365938
365940
365944
365945
365948
365958
365962
365965
365968
365973
365976
365980
365988
365997
365999
366006
366007
366015
366024
366025
366030
366031
366032
366034
366043
366046
366047
366048
366050
366052
366053
366065
366075
366084
366086
366087
366092
366094
366095
366097
366104
366134
366135
366142
366146
366149
366151
366152
366156
366157
366162
366164
366165
366168
366174
366179
366182
366187
366194
366196
366198
366201
366202
366203
366206
366207
366208
366210
366212
366214
366215
366228
366237
366238
366239
366241
366243
366247
366249
366259
366264
366268
366271
366272
366273
366275
366278
366279
366288
366306
366307
366320
366339
366341
366344
366351
366353
366358
366359
366363
366366
366367
366368
366372
366382
366384
366385
366395
366402
366406
366410
366413
366415
366419
366426
366440
366443
366455
366459
366463
366465
366468
366469
366472
366478
366483
366487
366491
366496
366499
366504
366507
366515
366519
366522
366527
366530
366533
366544
366546
366548
366550
366551
366553
366563
366565
366568
366569
366576
366577
366589
366591
366595
366602
366612
366614
366616
366619
366626
366627
366629
366630
366633
366642
366646
366647
366655
366656
366661
366680
366684
366688
366695
366696
366703
366704
366705
366713
366714
366717
366719
366726
366738
366740
366749
366751
366753
366762
366766
366769
366777
366788
366793
366794
366818
366825
366830
366846
366847
366851
366855
366873
366886
366890
366897
366900
366903
366906
366908
366911
366913
366924
366926
366931
366935
366937
366941
366948
366949
366952
366955
366958
366959
366965
366972
366973
366993
366998
367001
367008
367012
367013
367016
367017
367022
367025
367027
367028
367036
367044
367047
367051
367055
367059
367060
367063
367066
367073
367074
367075
367077
367079
367093
367100
367102
367105
367106
367108
367118
367119
367128
367136
367141
367164
367175
367176
367185
367186
367187
367202
367203
367210
367213
367215
367216
367218
367219
367220
367221
367223
367224
367239
367240
367247
367254
367256
367257
367263
367267
367272
367286
367294
367296
367298
367301
367302
367304
367310
367327
367329
367333
367334
367335
367345
367347
367355
367361
367362
367371
367373
367381
367384
367385
367387
367389
367391
367393
367408
367413
367419
367424
367427
367431
367432
367434
367442
367445
367450
367452
367453
367457
367460
367462
367464
367468
367470
367485
367486
367489
367499
367507
367517
367519
367523
367540
367542
367550
367552
367554
367557
367558
367561
367568
367569
367573
367577
367579
367598
367599
367606
367609
367614
367615
367618
367620
367621
367657
367659
367660
367661
367662
367668
367672
367677
367686
367687
367688
367691
367695
367699
367706
367714
367716
367718
367721
367731
367732
367744
367750
367763
367765
367776
367778
367780
367782
367784
367790
367793
367804
367820
367822
367826
367828
367830
367831
367837
367840
367856
367861
367862
367864
367865
367870
367872
367874
367875
367878
367891
367892
367893
367894
367904
367906
367908
367912
367919
367921
367923
367925
367933
367941
367944
367948
367957
367960
367962
367966
367968
367970
367973
367974
367975
367982
367984
367987
367990
367995
367997
368003
368004
368010
368018
368025
368027
368033
368035
368044
368058
368059
368060
368068
368069
368087
368090
368092
368093
368097
368102
368120
368125
368126
368132
368137
368138
368145
368146
368147
368162
368165
368169
368173
368178
368184
368185
368187
368188
368195
368200
368203
368209
368210
368221
368230
368234
368240
368258
368262
368265
368272
368281
368286
368287
368296
368305
368313
368317
368329
368330
368336
368341
368348
368352
368354
368357
368361
368368
368383
368399
368401
368403
368406
368407
368408
368410
368411
368415
368419
368423
368430
368432
368445
368454
368471
368474
368483
368487
368490
368492
368494
368495
368497
368500
368506
368516
368517
368518
368529
368541
368546
368547
368549
368553
368568
368569
368585
368588
368596
368605
368608
368609
368617
368627
368631
368635
368639
368643
368646
368647
368652
368660
368661
368663
368667
368668
368676
368679
368686
368697
368701
368714
368720
368725
368727
368736
368742
368744
368746
368747
368748
368753
368759
368763
368764
368769
368780
368781
368795
368811
368818
368828
368837
368842
368843
368845
368849
368858
368860
368873
368908
368909
368910
368915
368920
368921
368923
368927
368930
368937
368939
368944
368945
368949
368950
368954
368961
368969
368976
368979
368981
368982
368992
368997
369000
369011
369015
369025
369031
369037
369049
369053
369056
369062
369065
369073
369074
369075
369077
369081
369093
369094
369098
369101
369107
369108
369109
369114
369117
369119
369120
369128
369131
369148
369149
369154
369159
369164
369168
369170
369179
369182
369187
369190
369192
369200
369202
369204
369209
369210
369224
369240
369242
369250
369252
369265
369268
369269
369273
369278
369280
369281
369286
369287
369289
369299
369305
369306
369317
369318
369320
369323
369326
369334
369336
369338
369339
369341
369346
369353
369354
369357
369360
369361
369362
369365
369370
369371
369382
369392
369399
369405
369409
369423
369428
369432
369433
369440
369441
369442
369446
369447
369451
369452
369454
369457
369458
369462
369480
369486
369489
369492
369502
369504
369512
369519
369521
369525
369529
369535
369541
369546
369553
369563
369568
369569
369576
369580
369592
369601
369606
369610
369634
369637
369638
369640
369656
369657
369670
369671
369678
369686
369688
369695
369699
369701
369702
369703
369708
369717
369724
369732
369736
369747
369751
369755
369772
369774
369775
369776
369790
369791
369802
369809
369810
369811
369812
369818
369824
369843
369847
369849
369851
369855
369860
369869
369886
369890
369892
369896
369898
369907
369923
369936
369940
369962
369969
369970
369974
369975
369979
369983
369990
369992
369996
369997
369999
370003
370016
370021
370024
370032
370036
370038
370046
370047
370048
370050
370057
370058
370059
370067
370068
370070
370080
370088
370092
370097
370102
370103
370105
370112
370115
370116
370119
370122
370127
370132
370141
370150
370152
370158
370160
370169
370171
370188
370190
370191
370195
370196
370203
370207
370215
370217
370219
370224
370226
370227
370229
370231
370233
370244
370245
370248
370255
370256
370257
370259
370261
370262
370264
370265
370266
370267
370268
370269
370270
370278
370280
370281
370282
370287
370293
370295
370298
370304
370305
370309
370313
370321
370330
370341
370344
370352
370358
370359
370361
370364
370379
370381
370393
370394
370403
370413
370421
370424
370427
370438
370446
370455
370469
370473
370475
370485
370486
370491
370493
370494
370504
370508
370518
370523
370530
370532
370539
370548
370556
370563
370565
370571
370576
370587
370591
370592
370596
370597
370615
370627
370628
370629
370632
370636
370644
370651
370656
370658
370659
370663
370665
370667
370668
370671
370679
370682
370707
370712
370713
370714
370736
370741
370750
370754
370755
370760
370763
370769
370771
370774
370794
370795
370801
370806
370810
370812
370814
370816
370839
370844
370846
370850
370856
370857
370861
370866
370867
370869
370872
370878
370889
370890
370893
370896
370897
370904
370914
370919
370925
370931
370935
370937
370939
370949
370955
370963
370965
370974
370990
370999
371005
371006
371011
371020
371025
371027
371030
371033
371035
371036
371038
371041
371044
371065
371068
371069
371078
371081
371092
371097
371104
371106
371109
371118
371122
371126
371134
371135
371143
371150
371152
371158
371161
371168
371172
371178
371183
371184
371187
371189
371191
371193
371195
371197
371198
371212
371214
371216
371223
371226
371231
371232
371241
371243
371253
371254
371257
371261
371265
371276
371279
371281
371287
371289
371302
371303
371309
371315
371326
371330
371333
371334
371336
371344
371346
371348
371366
371367
371368
371373
371374
371376
371378
371390
371397
371403
371404
371405
371416
371423
371433
371437
371438
371447
371448
371463
371468
371472
371474
371489
371490
371500
371514
371517
371519
371524
371527
371542
371552
371553
371555
371560
371565
371566
371573
371577
371589
371590
371591
371596
371608
371611
371613
371614
371618
371620
371627
371628
371638
371643
371650
371656
371659
371669
371670
371671
371674
371675
371686
371687
371691
371692
371698
371702
371705
371706
371709
371715
371717
371721
371724
371725
371731
371739
371744
371747
371748
371749
371778
371779
371782
371787
371790
371791
371792
371804
371805
371806
371811
371812
371820
371821
371827
371831
371848
371850
371852
371854
371870
371871
371873
371874
371875
371877
371882
371884
371887
371889
371900
371902
371907
371908
371910
371919
371922
371931
371934
371938
371940
371944
371955
371956
371958
371974
371985
371986
371988
371990
371993
371995
371997
372008
372012
372017
372020
372025
372026
372039
372045
372053
372064
372067
372093
372098
372102
372120
372128
372130
372133
372139
372150
372155
372156
372162
372178
372181
372191
372197
372199
372206
372208
372221
372224
372255
372258
372265
372274
372280
372284
372287
372290
372292
372305
372310
372314
372315
372320
372326
372334
372339
372342
372349
372350
372352
372353
372358
372361
372363
372364
372370
372378
372382
372388
372391
372394
372396
372397
372399
372402
372405
372410
372411
372417
372419
372422
372449
372450
372454
372455
372473
372482
372484
372489
372495
372497
372501
372506
372512
372520
372523
372525
372534
372544
372549
372550
372552
372553
372567
372572
372576
372577
372588
372609
372610
372617
372625
372628
372634
372641
372645
372669
372673
372680
372682
372683
372687
372688
372690
372691
372702
372708
372714
372723
372727
372737
372739
372749
372754
372756
372761
372769
372772
372779
372782
372787
372794
372798
372803
372805
372830
372831
372839
372849
372853
372856
372857
372858
372867
372868
372869
372884
372886
372887
372890
372892
372897
372901
372902
372911
372924
372929
372936
372944
372945
372948
372950
372953
372957
372960
372964
372967
372971
372972
372975
372981
372982
372989
372995
372997
372998
372999
373000
373008
373013
373017
373030
373036
373044
373053
373058
373060
373064
373065
373068
373079
373087
373090
373093
373095
373097
373098
373099
373115
373120
373125
373126
373130
373133
373136
373141
373142
373146
373148
373149
373151
373153
373154
373157
373166
373175
373180
373181
373196
373203
373204
373217
373219
373222
373228
373229
373235
373247
373253
373257
373261
373265
373268
373276
373277
373281
373287
373295
373311
373317
373320
373326
373330
373331
373336
373350
373357
373364
373373
373382
373383
373387
373388
373400
373407
373409
373411
373417
373418
373429
373434
373437
373446
373448
373463
373467
373469
373476
373483
373493
373510
373511
373515
373520
373521
373525
373530
373533
373535
373541
373546
373548
373568
373571
373574
373576
373581
373586
373608
373612
373622
373624
373643
373650
373658
373663
373675
373677
373678
373679
373680
373682
373683
373688
373693
373694
373699
373700
373707
373717
373719
373721
373722
373727
373729
373734
373741
373743
373750
373752
373753
373769
373772
373775
373792
373802
373804
373809
373812
373814
373817
373823
373826
373828
373832
373839
373849
373855
373860
373866
373872
373879
373883
373886
373901
373909
373913
373918
373925
373927
373933
373939
373947
373954
373967
373969
373977
373986
373991
373998
373999
374000
374003
374005
374007
374013
374015
374018
374023
374025
374033
374042
374049
374052
374059
374065
374066
374084
374086
374087
374090
374091
374092
374096
374107
374111
374112
374116
374126
374129
374130
374132
374133
374136
374137
374143
374148
374160
374168
374172
374174
374186
374187
374195
374198
374217
374225
374227
374230
374231
374233
374236
374240
374241
374248
374249
374252
374254
374255
374261
374264
374271
374291
374294
374303
374304
374308
374310
374318
374326
374327
374333
374334
374341
374342
374353
374354
374359
374364
374368
374372
374378
374386
374393
374395
374408
374413
374415
374416
374423
374424
374425
374427
374429
374430
374435
374436
374440
374446
374451
374452
374460
374463
374468
374479
374489
374492
374499
374501
374509
374510
374514
374521
374528
374537
374544
374552
374560
374572
374583
374594
374603
374604
374607
374617
374619
374631
374633
374635
374636
374643
374644
374646
374650
374658
374659
374665
374676
374678
374679
374689
374693
374697
374701
374712
374726
374742
374744
374746
374748
374755
374757
374758
374765
374766
374769
374776
374777
374778
374779
374793
374808
374823
374831
374833
374844
374852
374862
374863
374865
374882
374897
374905
374908
374914
374917
374924
374935
374938
374939
374940
374941
374942
374946
374952
374959
374960
374964
374965
374967
374968
374976
374989
374991
375009
375010
375012
375014
375017
375018
375020
375026
375030
375045
375046
375049
375051
375058
375061
375063
375072
375082
375098
375103
375106
375107
375111
375113
375121
375129
375132
375136
375138
375142
375144
375151
375155
375166
375169
375176
375178
375180
375190
375197
375201
375207
375208
375211
375233
375242
375243
375253
375254
375262
375264
375274
375279
375282
375288
375294
375295
375297
375301
375306
375310
375315
375323
375324
375325
375334
375337
375340
375342
375345
375347
375349
375363
375367
375378
375379
375381
375384
375389
375394
375397
375400
375401
375409
375410
375416
375418
375419
375434
375436
375440
375441
375448
375456
375462
375463
375464
375468
375477
375485
375486
375488
375490
375499
375501
375507
375508
375514
375516
375524
375529
375536
375537
375540
375545
375566
375575
375579
375581
375592
375593
375602
375604
375605
375613
375616
375618
375621
375631
375640
375648
375650
375656
375657
375666
375672
375674
375675
375676
375678
375683
375695
375716
375719
375720
375723
375730
375735
375737
375741
375755
375766
375770
375771
375776
375782
375789
375800
375804
375806
375831
375835
375840
375846
375853
375856
375859
375872
375890
375894
375907
375926
375928
375929
375947
375961
375964
375969
375970
375976
375978
375984
375985
375991
375992
375999
376001
376002
376008
376011
376012
376019
376023
376025
376026
376028
376033
376034
376040
376044
376050
376059
376060
376063
376067
376070
376079
376081
376085
376086
376090
376091
376096
376106
376108
376111
376119
376120
376128
376129
376134
376139
376149
376151
376156
376158
376159
376160
376162
376164
376167
376172
376180
376190
376196
376197
376201
376212
376215
376216
376221
376222
376228
376232
376242
376248
376253
376261
376273
376276
376297
376304
376307
376308
376312
376321
376328
376339
376348
376356
376364
376367
376387
376392
376393
376401
376410
376420
376442
376444
376449
376458
376469
376489
376505
376510
376515
376521
376523
376524
376525
376529
376534
376537
376538
376541
376544
376547
376553
376554
376556
376560
376561
376562
376575
376578
376581
376588
376589
376596
376597
376600
376604
376605
376626
376635
376643
376644
376645
376654
376662
376672
376674
376680
376681
376699
376702
376706
376708
376709
376715
376716
376725
376733
376736
376737
376738
376746
376747
376748
376753
376757
376762
376774
376775
376783
376790
376794
376796
376797
376800
376802
376805
376814
376816
376819
376822
376824
376826
376831
376832
376837
376840
376844
376856
376867
376868
376875
376881
376883
376884
376887
376891
376893
376900
376904
376910
376911
376912
376917
376921
376927
376928
376946
376950
376957
376959
376960
376964
376967
376969
376973
376974
376975
376982
376988
376991
376993
376995
377003
377008
377009
377017
377021
377024
377027
377028
377036
377037
377040
377052
377059
377065
377072
377073
377076
377077
377081
377085
377087
377093
377097
377099
377105
377106
377109
377113
377114
377121
377123
377126
377128
377129
377130
377132
377134
377138
377145
377146
377150
377153
377159
377162
377175
377178
377188
377190
377191
377194
377195
377197
377204
377206
377211
377218
377221
377222
377232
377235
377238
377250
377258
377264
377266
377280
377282
377285
377290
377311
377312
377314
377316
377317
377322
377326
377329
377330
377336
377339
377346
377348
377349
377354
377363
377372
377377
377380
377381
377382
377385
377387
377388
377389
377398
377405
377407
377415
377417
377422
377437
377440
377441
377448
377452
377461
377462
377463
377464
377468
377472
377478
377488
377490
377498
377500
377508
377511
377522
377523
377525
377534
377545
377549
377552
377562
377568
377569
377575
377578
377579
377590
377591
377594
377598
377607
377610
377611
377613
377615
377621
377623
377624
377625
377643
377648
377650
377652
377663
377668
377677
377685
377689
377701
377704
377706
377707
377711
377712
377724
377737
377739
377741
377742
377747
377748
377757
377758
377759
377765
377769
377781
377784
377785
377786
377815
377816
377832
377838
377849
377850
377851
377859
377863
377865
377866
377879
377883
377889
377893
377895
377896
377899
377902
377904
377912
377918
377924
377927
377930
377933
377941
377947
377952
377953
377960
377962
377971
377978
377985
377987
377990
377993
377998
378003
378004
378006
378018
378028
378030
378035
378036
378040
378042
378043
378050
378051
378057
378058
378073
378091
378106
378109
378117
378122
378129
378136
378137
378141
378144
378145
378148
378151
378161
378162
378163
378166
378168
378170
378175
378178
378187
378189
378190
378191
378192
378193
378195
378200
378201
378206
378208
378223
378229
378230
378235
378237
378238
378241
378244
378259
378264
378266
378275
378277
378288
378299
378304
378305
378309
378313
378319
378322
378332
378336
378348
378353
378361
378364
378376
378377
378378
378379
378384
378389
378391
378395
378401
378413
378434
378442
378448
378449
378457
378458
378462
378468
378474
378483
378488
378491
378498
378500
378501
378503
378514
378515
378521
378524
378533
378534
378554
378562
378564
378572
378576
378579
378588
378593
378596
378599
378607
378608
378609
378618
378631
378640
378643
378645
378649
378653
378659
378664
378669
378672
378674
378683
378696
378700
378703
378705
378710
378713
378716
378734
378740
378742
378763
378764
378766
378770
378772
378776
378782
378785
378786
378790
378792
378795
378805
378807
378814
378827
378830
378841
378843
378851
378859
378861
378863
378872
378874
378876
378879
378885
378889
378914
378921
378923
378924
378928
378932
378946
378947
378949
378950
378953
378955
378963
378964
378970
378976
378978
378992
379005
379006
379008
379009
379012
379013
379015
379022
379032
379038
379039
379046
379049
379053
379059
379061
379066
379071
379079
379083
379089
379093
379099
379112
379119
379126
379128
379131
379134
379138
379139
379142
379162
379166
379168
379171
379190
379198
379199
379206
379208
379210
379226
379230
379237
379238
379240
379244
379251
379258
379259
379263
379269
379270
379278
379280
379281
379289
379291
379295
379302
379303
379305
379319
379325
379328
379340
379343
379345
379351
379352
379355
379365
379369
379374
379377
379380
379382
379383
379399
379400
379407
379414
379417
379420
379428
379430
379431
379432
379433
379443
379448
379452
379460
379473
379478
379479
379480
379481
379493
379502
379512
379513
379521
379533
379534
379538
379545
379546
379550
379555
379564
379568
379571
379578
379589
379592
379595
379596
379605
379607
379617
379618
379627
379629
379633
379635
379640
379643
379644
379648
379665
379677
379680
379693
379699
379700
379702
379707
379717
379727
379728
379734
379739
379743
379745
379756
379759
379760
379767
379768
379769
379771
379773
379779
379780
379782
379784
379789
379795
379797
379799
379805
379806
379813
379814
379820
379821
379827
379831
379838
379846
379848
379858
379870
379872
379877
379888
379889
379896
379897
379898
379900
379901
379902
379903
379916
379919
379923
379924
379936
379955
379956
379963
379986
379992
379993
379996
380010
380011
380012
380013
380018
380031
380034
380042
380053
380060
380069
380089
380103
380110
380119
380121
380122
380123
380128
380129
380130
380132
380137
380138
380142
380147
380148
380149
380170
380171
380175
380181
380187
380190
380191
380194
380196
380197
380204
380215
380226
380227
380228
380233
380237
380238
380241
380252
380253
380261
380277
380279
380280
380285
380289
380291
380292
380294
380301
380303
380309
380311
380318
380324
380325
380326
380335
380342
380343
380345
380351
380355
380356
380362
380363
380375
380378
380380
380382
380386
380391
380402
380406
380407
380413
380423
380431
380433
380440
380441
380447
380448
380450
380451
380455
380470
380483
380485
380491
380496
380497
380504
380505
380508
380518
380519
380521
380523
380525
380527
380536
380555
380559
380560
380562
380571
380574
380576
380577
380581
380582
380584
380587
380588
380597
380610
380613
380618
380620
380623
380635
380637
380642
380651
380652
380660
380661
380666
380667
380686
380697
380706
380710
380713
380714
380720
380721
380723
380724
380726
380727
380729
380730
380733
380736
380743
380746
380748
380758
380763
380767
380769
380775
380785
380791
380797
380806
380808
380809
380812
380818
380830
380836
380838
380850
380854
380855
380858
380862
380866
380876
380878
380881
380885
380887
380889
380893
380897
380901
380911
380912
380913
380927
380930
380946
380948
380950
380951
380976
380977
380978
380983
380992
380993
381005
381009
381014
381016
381017
381030
381034
381036
381037
381042
381048
381051
381058
381065
381071
381082
381088
381092
381094
381099
381100
381108
381112
381114
381116
381124
381127
381128
381134
381151
381170
381176
381182
381192
381194
381201
381204
381213
381215
381227
381228
381238
381242
381246
381249
381252
381256
381268
381273
381274
381278
381284
381288
381291
381298
381309
381313
381318
381335
381341
381350
381351
381354
381358
381359
381363
381365
381374
381386
381387
381388
381392
381395
381403
381404
381408
381412
381416
381421
381423
381432
381435
381438
381439
381441
381447
381449
381453
381465
381469
381481
381482
381484
381487
381490
381495
381509
381512
381515
381517
381537
381552
381556
381564
381565
381567
381572
381576
381579
381582
381584
381588
381592
381598
381605
381612
381615
381616
381618
381623
381625
381628
381629
381634
381635
381637
381639
381641
381643
381644
381646
381653
381655
381658
381659
381666
381670
381682
381697
381708
381713
381714
381716
381721
381722
381724
381725
381731
381737
381738
381742
381749
381751
381752
381753
381760
381769
381774
381776
381780
381781
381785
381788
381800
381804
381805
381809
381814
381834
381837
381839
381844
381845
381848
381853
381854
381859
381861
381864
381865
381867
381869
381873
381877
381879
381880
381888
381896
381898
381904
381905
381910
381911
381913
381919
381926
381940
381942
381948
381950
381967
381977
381984
381987
381991
381998
382001
382009
382015
382016
382021
382022
382032
382040
382044
382048
382057
382058
382062
382069
382077
382082
382094
382096
382103
382105
382112
382114
382115
382117
382124
382128
382144
382149
382150
382154
382157
382160
382162
382163
382165
382170
382176
382184
382188
382190
382196
382199
382202
382209
382213
382217
382232
382233
382235
382241
382246
382249
382259
382260
382262
382264
382271
382273
382284
382293
382294
382295
382297
382302
382304
382307
382308
382312
382313
382321
382330
382332
382333
382343
382345
382349
382356
382358
382360
382361
382362
382365
382378
382379
382395
382396
382397
382402
382408
382410
382412
382413
382414
382423
382428
382432
382458
382467
382471
382475
382477
382481
382485
382491
382496
382498
382499
382518
382523
382527
382533
382537
382543
382544
382545
382558
382562
382566
382571
382580
382593
382595
382602
382605
382608
382613
382620
382628
382634
382635
382641
382653
382656
382657
382669
382674
382677
382679
382682
382698
382701
382703
382711
382713
382718
382719
382724
382744
382748
382750
382751
382752
382765
382766
382772
382774
382777
382778
382779
382790
382801
382803
382806
382821
382834
382840
382842
382845
382848
382851
382855
382866
382868
382870
382871
382876
382877
382885
382889
382891
382893
382898
382899
382900
382904
382907
382916
382923
382926
382930
382933
382939
382942
382943
382949
382954
382964
382969
382983
382986
382991
382995
383000
383008
383011
383016
383020
383029
383035
383044
383048
383060
383061
383063
383064
383067
383070
383081
383085
383087
383089
383097
383099
383110
383111
383114
383118
383122
383127
383129
383131
383133
383137
383139
383145
383147
383152
383156
383159
383169
383173
383178
383180
383183
383184
383187
383188
383206
383208
383212
383215
383233
383238
383253
383258
383262
383283
383285
383299
383304
383306
383307
383309
383315
383325
383340
383344
383352
383353
383361
383362
383363
383364
383366
383372
383374
383377
383381
383386
383395
383398
383401
383402
383406
383419
383420
383423
383426
383439
383441
383443
383448
383450
383465
383469
383471
383472
383475
383481
383482
383495
383498
383499
383507
383512
383514
383516
383517
383521
383528
383531
383535
383539
383546
383550
383555
383571
383573
383582
383586
383590
383592
383595
383596
383599
383601
383605
383607
383611
383615
383621
383622
383624
383627
383629
383636
383647
383648
383651
383655
383659
383661
383666
383667
383668
383670
383679
383681
383683
383686
383693
383697
383702
383709
383711
383712
383715
383720
383726
383733
383736
383748
383762
383763
383764
383765
383778
383779
383781
383792
383793
383796
383805
383808
383820
383822
383823
383831
383837
383845
383850
383861
383862
383863
383868
383870
383875
383876
383886
383887
383889
383892
383895
383901
383907
383910
383924
383926
383927
383928
383929
383936
383941
383943
383947
383950
383951
383953
383956
383958
383967
383980
383985
383991
383997
383998
383999
384010
384020
384034
384036
384038
384042
384045
384046
384050
384054
384064
384072
384075
384080
384085
384094
384103
384108
384115
384123
384126
384134
384139
384140
384142
384149
384150
384155
384156
384157
384159
384166
384169
384176
384180
384181
384191
384199
384200
384201
384205
384211
384218
384219
384220
384223
384234
384242
384243
384244
384245
384247
384251
384252
384253
384264
384268
384275
384286
384289
384293
384304
384315
384320
384322
384326
384327
384329
384331
384340
384342
384349
384365
384372
384373
384375
384376
384377
384386
384394
384399
384400
384406
384408
384414
384416
384417
384420
384424
384429
384430
384436
384437
384443
384449
384451
384459
384467
384476
384479
384486
384489
384498
384502
384504
384507
384508
384519
384531
384536
384539
384551
384557
384564
384570
384571
384573
384577
384578
384580
384582
384592
384594
384596
384602
384606
384607
384609
384614
384616
384619
384620
384622
384631
384632
384634
384637
384644
384647
384651
384653
384655
384657
384658
384660
384665
384677
384679
384692
384696
384700
384703
384711
384712
384713
384721
384728
384729
384731
384732
384748
384755
384760
384762
384767
384780
384787
384790
384791
384798
384799
384814
384816
384818
384822
384825
384834
384836
384852
384855
384860
384868
384872
384873
384881
384882
384884
384887
384890
384894
384901
384904
384918
384928
384930
384932
384935
384937
384941
384945
384961
384963
384966
384970
384972
384986
384987
384993
384994
385000
385001
385013
385015
385023
385032
385038
385041
385045
385046
385048
385056
385057
385058
385061
385062
385069
385090
385095
385098
385102
385110
385118
385126
385134
385143
385149
385150
385159
385161
385173
385177
385178
385182
385197
385200
385214
385221
385230
385233
385235
385239
385240
385241
385248
385250
385255
385259
385260
385262
385263
385264
385272
385274
385278
385279
385281
385284
385300
385304
385307
385310
385319
385322
385328
385331
385333
385338
385341
385349
385350
385352
385364
385370
385379
385386
385387
385391
385393
385395
385403
385404
385407
385412
385418
385420
385428
385433
385438
385442
385446
385447
385454
385455
385463
385465
385472
385474
385476
385479
385481
385482
385501
385504
385507
385511
385512
385516
385520
385534
385536
385538
385540
385545
385547
385560
385562
385563
385575
385578
385579
385583
385602
385604
385606
385615
385621
385626
385638
385641
385659
385661
385666
385673
385679
385682
385694
385697
385698
385703
385714
385716
385727
385730
385731
385734
385737
385738
385739
385743
385747
385748
385749
385755
385767
385775
385781
385782
385799
385800
385803
385806
385811
385816
385819
385823
385824
385825
385830
385833
385834
385836
385842
385867
385873
385874
385884
385886
385887
385891
385896
385899
385900
385912
385922
385931
385941
385945
385946
385951
385952
385953
385954
385956
385958
385959
385966
385970
385972
385975
385982
385989
385993
385994
386018
386022
386024
386028
386029
386034
386035
386048
386049
386057
386060
386077
386080
386081
386097
386127
386130
386138
386142
386149
386157
386163
386170
386172
386191
386195
386202
386206
386208
386211
386214
386223
386227
386228
386234
386238
386241
386245
386251
386258
386263
386267
386274
386281
386284
386314
386316
386327
386328
386329
386336
386339
386340
386341
386344
386347
386351
386362
386367
386369
386371
386374
386380
386383
386397
386400
386407
386412
386420
386429
386436
386437
386443
386459
386461
386465
386466
386470
386475
386487
386489
386496
386498
386499
386501
386507
386508
386511
386514
386517
386518
386521
386526
386539
386541
386542
386548
386550
386551
386569
386571
386572
386573
386578
386580
386581
386592
386593
386595
386597
386599
386601
386606
386618
386624
386625
386627
386632
386637
386640
386650
386651
386653
386657
386658
386663
386665
386670
386674
386677
386678
386681
386691
386696
386706
386716
386719
386724
386735
386751
386756
386758
386765
386766
386767
386770
386771
386773
386776
386780
386789
386792
386793
386807
386811
386814
386821
386824
386828
386831
386840
386846
386848
386850
386851
386855
386858
386863
386866
386868
386872
386882
386884
386894
386903
386908
386914
386927
386929
386935
386941
386942
386951
386958
386960
386969
386972
386973
386975
386980
386983
386985
386990
386992
386994
387002
387003
387004
387007
387020
387022
387027
387031
387033
387037
387044
387049
387054
387058
387066
387085
387087
387101
387105
387106
387107
387111
387117
387119
387126
387128
387131
387144
387157
387161
387167
387174
387177
387178
387179
387185
387192
387197
387208
387212
387217
387218
387223
387224
387226
387228
387237
387239
387241
387248
387253
387264
387267
387271
387272
387290
387298
387302
387303
387304
387313
387315
387317
387318
387321
387323
387324
387325
387326
387328
387329
387330
387331
387334
387338
387340
387347
387350
387362
387372
387378
387381
387385
387390
387421
387430
387442
387446
387454
387457
387461
387463
387465
387473
387476
387490
387494
387504
387511
387512
387513
387515
387522
387526
387531
387532
387537
387539
387546
387556
387578
387580
387586
387589
387591
387598
387599
387607
387610
387616
387619
387621
387624
387626
387634
387641
387649
387651
387661
387663
387668
387669
387673
387674
387676
387679
387684
387685
387686
387687
387692
387700
387715
387717
387718
387730
387732
387765
387766
387778
387784
387786
387790
387792
387810
387815
387821
387829
387833
387842
387852
387853
387857
387866
387870
387871
387875
387885
387891
387898
387902
387903
387908
387909
387915
387921
387929
387940
387943
387947
387962
387967
387981
387982
387985
387991
388013
388022
388024
388027
388031
388033
388044
388052
388060
388069
388072
388081
388085
388086
388087
388088
388090
388091
388096
388106
388110
388122
388123
388124
388132
388134
388141
388147
388151
388152
388161
388162
388163
388170
388171
388172
388173
388181
388185
388187
388189
388191
388195
388200
388204
388211
388213
388214
388239
388240
388242
388243
388244
388255
388256
388261
388270
388291
388292
388296
388300
388306
388307
388310
388318
388322
388325
388337
388338
388341
388342
388347
388350
388364
388368
388376
388377
388380
388381
388390
388394
388397
388400
388406
388407
388410
388418
388427
388428
388435
388436
388438
388440
388442
388447
388449
388450
388454
388459
388469
388470
388471
388481
388487
388489
388492
388496
388498
388500
388502
388503
388515
388516
388518
388530
388533
388545
388554
388567
388568
388578
388579
388586
388590
388597
388601
388611
388619
388625
388627
388642
388643
388647
388657
388662
388666
388668
388669
388672
388673
388683
388687
388689
388690
388691
388693
388697
388698
388703
388711
388717
388718
388733
388734
388742
388744
388749
388751
388756
388761
388766
388777
388778
388784
388786
388794
388797
388802
388813
388817
388822
388827
388838
388848
388854
388858
388860
388862
388863
388871
388876
388881
388891
388895
388896
388905
388907
388913
388916
388917
388934
388935
388937
388939
388945
388960
388964
388971
388972
389000
389005
389018
389023
389033
389050
389054
389106
389107
389121
389124
389125
389128
389129
389144
389149
389159
389160
389162
389170
389171
389178
389180
389185
389187
389188
389189
389191
389195
389204
389207
389209
389217
389235
389246
389247
389248
389256
389265
389267
389281
389286
389303
389304
389306
389311
389318
389321
389328
389332
389334
389335
389336
389339
389341
389342
389346
389350
389352
389360
389364
389369
389375
389380
389389
389391
389392
389393
389395
389398
389402
389404
389410
389411
389412
389413
389420
389422
389424
389437
389440
389443
389446
389448
389450
389466
389470
389471
389477
389482
389483
389485
389499
389506
389508
389509
389516
389517
389521
389529
389533
389537
389538
389541
389544
389546
389557
389568
389581
389582
389585
389587
389588
389589
389600
389602
389609
389610
389617
389619
389620
389626
389629
389630
389631
389634
389635
389641
389647
389664
389668
389669
389670
389671
389672
389673
389688
389694
389712
389714
389717
389719
389731
389732
389751
389766
389770
389773
389778
389783
389792
389805
389808
389811
389813
389815
389820
389822
389825
389830
389839
389843
389844
389845
389856
389857
389861
389867
389872
389873
389874
389876
389877
389885
389888
389898
389902
389912
389916
389927
389929
389935
389938
389942
389955
389959
389960
389969
389973
389982
389986
389989
389990
389997
390007
390008
390012
390015
390022
390033
390043
390044
390050
390051
390052
390058
390059
390062
390072
390075
390078
390094
390099
390104
390106
390109
390122
390126
390130
390132
390138
390143
390147
390150
390158
390162
390172
390178
390183
390189
390194
390199
390200
390203
390204
390207
390220
390229
390231
390240
390254
390257
390261
390270
390271
390276
390280
390284
390295
390302
390307
390308
390313
390314
390316
390328
390333
390334
390335
390337
390342
390343
390344
390352
390355
390356
390357
390365
390367
390369
390378
390380
390382
390386
390397
390399
390403
390409
390411
390413
390420
390427
390430
390445
390461
390463
390464
390465
390467
390471
390473
390477
390480
390497
390500
390502
390504
390508
390511
390546
390554
390561
390563
390574
390578
390590
390592
390598
390606
390609
390618
390619
390624
390626
390627
390628
390630
390632
390642
390645
390647
390654
390656
390657
390667
390668
390681
390685
390686
390687
390692
390698
390699
390701
390702
390704
390706
390710
390719
390753
390759
390767
390771
390773
390775
390784
390800
390814
390815
390821
390825
390831
390837
390838
390840
390841
390847
390855
390856
390857
390864
390866
390871
390883
390920
390932
390934
390941
390952
390958
390974
390978
390982
390986
390991
390996
391001
391007
391010
391012
391013
391029
391036
391043
391050
391054
391058
391064
391069
391077
391082
391094
391103
391107
391108
391111
391112
391118
391119
391124
391131
391133
391135
391149
391157
391158
391161
391175
391178
391190
391191
391197
391199
391211
391227
391243
391245
391246
391251
391252
391255
391263
391266
391269
391272
391279
391281
391290
391298
391322
391327
391334
391342
391351
391358
391376
391380
391383
391388
391396
391409
391410
391411
391412
391419
391420
391421
391433
391434
391435
391440
391446
391451
391467
391470
391484
391491
391503
391507
391509
391513
391521
391522
391526
391529
391533
391542
391543
391550
391553
391559
391562
391566
391581
391591
391592
391595
391598
391610
391611
391612
391617
391645
391646
391647
391652
391657
391681
391686
391688
391692
391693
391699
391708
391709
391711
391715
391716
391717
391718
391722
391723
391726
391734
391737
391746
391747
391749
391756
391761
391765
391771
391772
391780
391784
391787
391791
391795
391798
391810
391814
391815
391830
391833
391840
391845
391847
391848
391855
391864
391865
391871
391886
391888
391889
391905
391912
391915
391917
391924
391927
391929
391933
391938
391941
391942
391954
391971
391975
391977
391980
391981
391986
391990
391993
391995
392001
392003
392009
392018
392046
392047
392060
392065
392067
392068
392080
392088
392107
392120
392128
392129
392133
392134
392137
392138
392146
392151
392154
392157
392158
392168
392170
392172
392177
392180
392184
392185
392186
392188
392190
392192
392196
392198
392200
392201
392205
392208
392212
392217
392221
392227
392237
392241
392242
392248
392249
392250
392251
392258
392264
392268
392272
392277
392284
392295
392313
392314
392315
392318
392321
392323
392325
392332
392335
392338
392340
392341
392364
392366
392371
392373
392388
392389
392390
392392
392400
392407
392419
392421
392425
392435
392437
392440
392443
392453
392462
392468
392483
392492
392494
392495
392497
392499
392503
392504
392512
392514
392517
392521
392524
392536
392540
392543
392547
392555
392557
392566
392567
392568
392569
392578
392580
392581
392588
392589
392592
392602
392603
392604
392608
392610
392614
392621
392625
392643
392662
392663
392668
392669
392689
392690
392692
392703
392705
392708
392729
392730
392738
392743
392745
392748
392750
392752
392755
392764
392771
392775
392776
392778
392786
392787
392791
392794
392797
392803
392806
392809
392810
392813
392815
392819
392828
392842
392843
392855
392857
392859
392863
392879
392886
392892
392893
392895
392906
392908
392909
392929
392931
392937
392944
392945
392954
392961
392963
392979
392994
393012
393013
393018
393020
393022
393035
393048
393051
393064
393068
393069
393083
393090
393105
393107
393113
393116
393124
393127
393139
393142
393143
393156
393158
393167
393176
393187
393188
393190
393192
393199
393201
393206
393207
393208
393213
393215
393218
393220
393222
393226
393227
393235
393236
393247
393252
393258
393263
393264
393269
393271
393274
393284
393286
393291
393293
393300
393309
393310
393319
393320
393337
393346
393352
393354
393366
393373
393378
393383
393387
393395
393398
393409
393417
393419
393421
393424
393431
393442
393444
393458
393471
393484
393489
393491
393493
393495
393501
393504
393512
393514
393521
393528
393529
393533
393537
393544
393545
393551
393553
393554
393559
393563
393566
393578
393583
393585
393587
393590
393591
393594
393596
393597
393600
393614
393632
393634
393636
393638
393639
393644
393648
393651
393652
393660
393663
393678
393686
393689
393692
393698
393699
393702
393704
393710
393712
393713
393715
393716
393723
393727
393728
393739
393751
393754
393756
393762
393763
393770
393775
393786
393790
393800
393805
393807
393812
393819
393825
393827
393828
393835
393837
393846
393860
393865
393873
393879
393880
393888
393889
393894
393897
393900
393906
393910
393915
393918
393921
393925
393929
393935
393943
393949
393953
393970
393977
393987
393995
394001
394004
394005
394010
394011
394018
394030
394031
394036
394039
394040
394045
394048
394051
394053
394057
394061
394065
394068
394075
394076
394079
394081
394083
394086
394087
394090
394096
394109
394115
394118
394134
394138
394141
394144
394146
394155
394157
394158
394164
394167
394178
394184
394188
394198
394207
394210
394211
394216
394225
394226
394228
394237
394239
394242
394250
394253
394256
394259
394266
394277
394278
394279
394281
394282
394292
394303
394307
394318
394320
394333
394335
394339
394341
394342
394343
394347
394351
394352
394356
394357
394360
394362
394365
394369
394373
394377
394386
394393
394396
394401
394402
394418
394420
394422
394437
394441
394449
394461
394462
394466
394471
394482
394493
394496
394497
394504
394508
394525
394530
394531
394539
394542
394544
394549
394569
394570
394574
394577
394581
394582
394589
394590
394593
394602
394606
394610
394612
394613
394621
394622
394638
394640
394641
394643
394645
394648
394658
394659
394666
394667
394675
394688
394691
394692
394696
394715
394735
394744
394745
394747
394750
394751
394755
394757
394759
394765
394771
394773
394777
394779
394783
394794
394796
394800
394803
394806
394814
394816
394821
394823
394835
394852
394854
394861
394873
394884
394886
394889
394894
394896
394900
394913
394921
394926
394930
394933
394936
394945
394947
394949
394953
394955
394957
394959
394971
394975
394980
394981
394982
394985
394995
394997
394999
395006
395007
395010
395012
395013
395015
395019
395020
395037
395042
395057
395058
395075
395078
395081
395083
395084
395087
395090
395097
395110
395116
395120
395128
395132
395141
395143
395146
395150
395151
395160
395162
395170
395173
395176
395177
395178
395180
395189
395200
395205
395209
395210
395222
395224
395230
395231
395234
395236
395244
395246
395251
395260
395264
395270
395271
395273
395279
395282
395288
395289
395290
395304
395306
395311
395318
395319
395320
395329
395331
395332
395335
395343
395346
395357
395361
395383
395385
395391
395397
395407
395411
395416
395428
395435
395451
395457
395473
395486
395493
395498
395502
395503
395505
395513
395519
395526
395528
395534
395538
395539
395543
395549
395558
395561
395562
395564
395565
395571
395574
395577
395581
395587
395588
395592
395593
395594
395596
395607
395610
395616
395626
395630
395633
395652
395654
395655
395656
395657
395665
395675
395680
395688
395689
395695
395702
395706
395708
395711
395716
395719
395723
395724
395726
395730
395731
395745
395752
395755
395767
395782
395783
395786
395787
395788
395791
395800
395806
395809
395815
395820
395831
395832
395836
395845
395853
395855
395857
395859
395871
395874
395877
395903
395904
395925
395928
395929
395952
395957
395962
395963
395970
395972
395979
395986
395990
396003
396007
396019
396023
396029
396033
396034
396038
396045
396048
396056
396057
396062
396064
396065
396069
396072
396073
396078
396079
396080
396084
396088
396091
396093
396100
396108
396116
396119
396121
396122
396125
396126
396133
396135
396140
396144
396146
396148
396149
396151
396155
396158
396159
396160
396163
396175
396179
396189
396191
396195
396196
396198
396200
396201
396202
396208
396210
396213
396218
396223
396224
396227
396230
396231
396238
396239
396246
396248
396249
396251
396255
396259
396260
396261
396265
396269
396270
396276
396281
396282
396286
396288
396291
396305
396319
396322
396323
396332
396335
396337
396342
396359
396360
396362
396374
396378
396383
396385
396388
396394
396395
396402
396403
396407
396408
396410
396413
396417
396424
396425
396426
396428
396429
396432
396434
396443
396444
396447
396450
396452
396453
396455
396456
396457
396460
396467
396470
396471
396472
396473
396482
396483
396489
396497
396506
396507
396508
396509
396538
396543
396545
396561
396566
396573
396578
396586
396589
396592
396596
396603
396609
396610
396613
396622
396632
396634
396637
396640
396642
396652
396654
396670
396671
396673
396676
396682
396685
396689
396694
396707
396711
396721
396724
396730
396732
396735
396737
396739
396742
396749
396754
396755
396761
396776
396779
396782
396783
396789
396790
396793
396795
396797
396810
396813
396815
396821
396831
396832
396834
396835
396837
396838
396840
396845
396849
396855
396859
396862
396863
396864
396871
396872
396878
396880
396886
396892
396896
396905
396906
396910
396911
396923
396927
396931
396951
396953
396966
396977
396978
396979
396980
396981
396983
396987
396990
396993
396994
396996
397002
397004
397005
397011
397012
397017
397019
397020
397024
397026
397035
397036
397037
397039
397040
397043
397044
397045
397051
397055
397058
397067
397071
397075
397082
397088
397089
397092
397098
397104
397105
397111
397114
397120
397121
397123
397128
397136
397145
397146
397150
397151
397154
397156
397157
397165
397174
397175
397176
397194
397195
397200
397201
397202
397205
397214
397229
397232
397234
397235
397236
397250
397257
397258
397262
397263
397267
397270
397294
397296
397298
397300
397309
397310
397316
397320
397338
397340
397358
397359
397373
397374
397379
397381
397384
397389
397399
397402
397406
397411
397412
397415
397423
397424
397428
397430
397433
397434
397435
397442
397444
397446
397451
397452
397453
397457
397459
397470
397474
397479
397481
397487
397491
397492
397502
397509
397510
397517
397518
397519
397532
397546
397548
397557
397565
397566
397576
397584
397587
397597
397609
397617
397621
397624
397625
397636
397640
397641
397644
397662
397663
397665
397667
397680
397692
397694
397696
397697
397699
397701
397709
397719
397724
397730
397731
397734
397735
397739
397740
397741
397746
397747
397751
397752
397754
397760
397764
397775
397779
397780
397785
397787
397788
397796
397803
397805
397824
397828
397833
397835
397836
397839
397847
397850
397851
397860
397864
397871
397875
397876
397877
397878
397888
397891
397894
397896
397902
397905
397910
397912
397913
397916
397917
397918
397933
397940
397944
397946
397952
397955
397956
397957
397967
397968
397971
397979
397983
397987
397988
397992
398013
398014
398015
398018
398020
398028
398037
398039
398043
398051
398055
398056
398057
398076
398077
398094
398095
398105
398107
398111
398112
398121
398125
398126
398129
398131
398137
398143
398150
398163
398168
398173
398179
398182
398190
398192
398204
398210
398223
398227
398228
398235
398238
398244
398251
398256
398260
398261
398268
398280
398287
398290
398294
398301
398304
398306
398307
398321
398327
398329
398331
398337
398340
398348
398355
398362
398364
398367
398381
398386
398389
398391
398404
398406
398415
398422
398438
398444
398449
398458
398460
398464
398466
398472
398474
398475
398482
398485
398487
398489
398493
398495
398510
398518
398520
398523
398524
398535
398538
398541
398549
398552
398555
398562
398566
398572
398579
398580
398582
398587
398600
398609
398616
398618
398626
398628
398630
398651
398669
398674
398679
398694
398700
398706
398707
398721
398740
398744
398745
398746
398748
398750
398752
398756
398758
398766
398768
398772
398776
398777
398806
398807
398808
398809
398811
398822
398829
398833
398836
398840
398845
398846
398855
398860
398862
398870
398886
398890
398897
398909
398913
398916
398919
398924
398935
398936
398938
398939
398944
398945
398949
398951
398954
398955
398958
398969
398972
398976
398978
398981
398982
398999
399004
399015
399017
399023
399026
399032
399045
399054
399057
399065
399074
399080
399083
399088
399093
399099
399105
399109
399114
399117
399118
399130
399131
399134
399142
399146
399153
399154
399165
399176
399177
399181
399187
399188
399189
399198
399199
399202
399215
399222
399227
399232
399234
399241
399242
399260
399267
399276
399279
399289
399303
399310
399319
399325
399327
399329
399344
399347
399349
399351
399352
399353
399367
399368
399370
399371
399375
399381
399383
399394
399400
399406
399408
399409
399422
399440
399443
399449
399459
399467
399471
399476
399484
399485
399488
399489
399491
399492
399500
399501
399502
399503
399511
399513
399522
399525
399535
399538
399546
399547
399549
399556
399558
399568
399569
399570
399571
399590
399593
399596
399603
399610
399613
399617
399640
399668
399671
399677
399685
399686
399691
399697
399702
399705
399710
399714
399717
399719
399720
399722
399729
399735
399736
399737
399738
399739
399741
399743
399755
399757
399764
399777
399779
399788
399807
399809
399812
399816
399817
399819
399835
399837
399843
399852
399858
399859
399861
399864
399867
399875
399882
399889
399890
399894
399907
399909
399913
399921
399922
399924
399929
399932
399933
399937
399940
399949
399953
399959
399962
399965
399987
399988
399995
399998
400000
400002
400004
400015
400021
400024
400027
400035
400049
400050
400053
400055
400058
400059
400062
400066
400078
400079
400080
400084
400092
400095
400104
400111
400121
400125
400137
400139
400140
400141
400144
400151
400154
400156
400157
400171
400177
400179
400184
400185
400190
400199
400201
400210
400213
400216
400222
400224
400230
400231
400232
400234
400239
400243
400247
400248
400257
400258
400262
400263
400267
400269
400274
400275
400277
400278
400284
400285
400289
400293
400296
400297
400300
400305
400309
400321
400329
400336
400348
400350
400361
400366
400369
400373
400375
400377
400378
400382
400386
400388
400393
400402
400403
400411
400414
400418
400420
400421
400422
400430
400432
400438
400439
400440
400445
400447
400454
400463
400466
400469
400473
400483
400484
400486
400494
400497
400501
400502
400511
400515
400518
400519
400522
400528
400532
400535
400536
400545
400548
400556
400561
400565
400568
400586
400588
400603
400604
400618
400629
400630
400634
400636
400640
400641
400642
400646
400649
400651
400659
400661
400663
400668
400671
400690
400693
400696
400700
400704
400706
400708
400710
400712
400713
400715
400716
400717
400721
400722
400727
400731
400733
400734
400736
400741
400742
400745
400746
400748
400749
400755
400757
400771
400772
400773
400774
400778
400781
400795
400796
400797
400799
400804
400814
400817
400819
400824
400826
400831
400842
400846
400848
400852
400853
400857
400858
400862
400873
400874
400883
400896
400914
400916
400919
400922
400924
400930
400943
400944
400947
400950
400953
400954
400955
400957
400966
400967
400975
400977
400987
400994
400998
401001
401006
401007
401011
401012
401016
401017
401019
401022
401030
401035
401040
401054
401066
401072
401074
401083
401085
401091
401094
401096
401107
401112
401117
401119
401120
401122
401124
401130
401131
401135
401143
401144
401154
401155
401156
401158
401163
401166
401167
401173
401177
401178
401181
401182
401183
401186
401188
401196
401204
401205
401207
401215
401216
401217
401222
401227
401237
401243
401245
401246
401247
401248
401253
401254
401267
401268
401270
401274
401278
401281
401286
401293
401299
401301
401305
401314
401319
401322
401327
401334
401336
401342
401350
401358
401359
401361
401363
401376
401378
401383
401386
401389
401393
401399
401400
401416
401420
401421
401426
401432
401435
401436
401437
401440
401447
401450
401451
401454
401458
401461
401463
401466
401475
401478
401489
401500
401508
401512
401514
401522
401528
401534
401539
401545
401559
401563
401568
401571
401572
401593
401595
401606
401607
401608
401610
401618
401629
401633
401634
401635
401639
401644
401649
401652
401653
401661
401662
401665
401671
401675
401680
401685
401687
401690
401694
401700
401701
401713
401719
401725
401730
401735
401739
401741
401742
401750
401751
401754
401755
401767
401770
401772
401773
401776
401779
401782
401784
401785
401787
401792
401796
401798
401799
401801
401808
401818
401820
401823
401830
401831
401834
401845
401848
401850
401857
401859
401861
401865
401869
401883
401890
401895
401910
401917
401923
401924
401926
401929
401932
401934
401937
401951
401985
401990
401997
401999
402023
402024
402025
402031
402034
402045
402050
402051
402054
402057
402062
402074
402079
402092
402096
402099
402102
402111
402119
402120
402125
402128
402134
402138
402152
402153
402155
402164
402165
402167
402171
402175
402191
402194
402195
402206
402217
402225
402233
402243
402245
402248
402252
402258
402261
402263
402270
402273
402276
402286
402287
402288
402291
402292
402293
402294
402297
402301
402307
402311
402317
402321
402322
402323
402324
402328
402329
402337
402350
402351
402353
402357
402358
402361
402363
402365
402366
402370
402375
402388
402389
402393
402400
402409
402415
402425
402437
402442
402443
402445
402447
402453
402462
402472
402479
402480
402486
402522
402523
402525
402526
402527
402529
402530
402541
402549
402551
402556
402557
402573
402575
402579
402585
402588
402589
402595
402605
402609
402614
402615
402622
402623
402624
402625
402626
402648
402651
402654
402658
402660
402661
402665
402666
402667
402675
402685
402699
402702
402703
402709
402718
402724
402729
402736
402742
402743
402753
402756
402757
402761
402762
402764
402766
402777
402782
402784
402786
402787
402794
402796
402800
402803
402813
402817
402821
402831
402832
402834
402850
402851
402854
402856
402858
402862
402863
402868
402878
402880
402885
402888
402901
402911
402912
402914
402915
402924
402927
402928
402933
402935
402953
402960
402962
402966
402967
402968
402970
402971
402973
402976
402977
402981
402988
402990
402996
402998
403000
403009
403026
403031
403042
403045
403048
403057
403059
403066
403081
403085
403089
403091
403096
403099
403105
403108
403110
403111
403114
403115
403122
403125
403132
403133
403143
403150
403152
403156
403158
403160
403172
403174
403189
403198
403201
403214
403219
403220
403221
403222
403229
403232
403234
403243
403247
403249
403255
403260
403264
403265
403266
403268
403283
403291
403295
403299
403302
403303
403304
403312
403320
403329
403331
403338
403343
403345
403348
403362
403372
403373
403376
403377
403378
403388
403408
403412
403416
403419
403423
403433
403438
403440
403443
403466
403470
403473
403483
403485
403486
403490
403493
403496
403501
403505
403510
403512
403515
403518
403526
403532
403533
403537
403542
403546
403557
403559
403561
403565
403567
403570
403582
403584
403586
403591
403592
403594
403597
403605
403619
403632
403633
403634
403636
403637
403642
403644
403660
403662
403664
403675
403684
403703
403718
403723
403735
403747
403749
403759
403770
403772
403773
403776
403787
403806
403817
403824
403828
403832
403834
403837
403841
403842
403846
403851
403859
403864
403868
403871
403873
403878
403879
403881
403882
403886
403888
403898
403907
403919
403927
403928
403931
403932
403936
403939
403942
403950
403954
403955
403958
403959
403962
403967
403969
403981
403982
403986
403987
403988
403991
403995
403998
403999
404015
404019
404025
404033
404034
404040
404042
404044
404048
404056
404071
404072
404077
404078
404083
404084
404108
404109
404113
404119
404120
404122
404123
404129
404130
404133
404135
404144
404150
404157
404165
404168
404179
404183
404192
404194
404195
404204
404217
404221
404232
404234
404239
404244
404245
404254
404255
404259
404260
404262
404264
404265
404270
404271
404272
404273
404277
404284
404290
404299
404300
404314
404322
404329
404331
404347
404348
404359
404361
404370
404384
404386
404394
404398
404403
404421
404435
404437
404438
404441
404447
404451
404462
404466
404477
404481
404491
404499
404512
404515
404525
404538
404540
404542
404547
404550
404553
404563
404570
404575
404576
404577
404592
404608
404609
404610
404612
404616
404628
404632
404633
404637
404646
404648
404649
404654
404655
404659
404667
404668
404669
404671
404674
404680
404686
404699
404704
404706
404708
404716
404720
404722
404725
404730
404739
404746
404748
404758
404759
404765
404772
404773
404781
404782
404783
404784
404785
404788
404792
404793
404795
404805
404809
404833
404846
404853
404863
404879
404881
404883
404886
404888
404890
404892
404898
404903
404908
404909
404914
404918
404920
404922
404923
404928
404935
404939
404940
404944
404945
404946
404962
404970
404972
404978
404988
404995
405014
405019
405023
405036
405041
405048
405050
405052
405056
405058
405060
405068
405079
405080
405082
405087
405088
405097
405099
405108
405115
405120
405127
405148
405149
405155
405156
405159
405165
405168
405173
405180
405182
405187
405194
405200
405203
405204
405207
405210
405211
405212
405213
405216
405218
405224
405227
405230
405235
405238
405241
405246
405248
405253
405258
405259
405268
405275
405278
405279
405280
405282
405283
405284
405293
405297
405306
405312
405315
405322
405329
405348
405349
405351
405357
405369
405381
405386
405387
405388
405390
405397
405431
405434
405439
405452
405457
405458
405464
405466
405468
405469
405480
405484
405495
405496
405500
405506
405507
405513
405515
405519
405531
405535
405541
405542
405545
405547
405549
405552
405553
405556
405557
405562
405565
405566
405570
405596
405597
405598
405599
405601
405606
405607
405610
405611
405613
405619
405620
405621
405624
405625
405630
405632
405643
405653
405662
405671
405676
405679
405681
405687
405694
405699
405705
405727
405731
405741
405755
405759
405760
405763
405765
405770
405773
405774
405776
405779
405780
405783
405785
405789
405807
405815
405825
405829
405834
405846
405848
405863
405872
405874
405878
405883
405892
405894
405897
405900
405911
405922
405927
405928
405930
405936
405947
405949
405951
405954
405955
405957
405960
405964
405967
405974
405975
405977
405979
405982
405984
405986
405991
405996
405999
406003
406004
406007
406011
406015
406016
406019
406021
406024
406034
406041
406045
406047
406049
406051
406057
406065
406069
406078
406080
406088
406089
406092
406093
406097
406100
406107
406110
406111
406125
406127
406128
406129
406130
406142
406144
406145
406151
406157
406163
406169
406174
406181
406183
406189
406191
406194
406198
406202
406206
406214
406218
406231
406232
406242
406246
406248
406250
406253
406259
406277
406278
406285
406288
406308
406317
406327
406333
406334
406343
406354
406355
406357
406365
406370
406381
406383
406384
406387
406398
406399
406403
406410
406416
406418
406426
406438
406449
406450
406451
406459
406465
406469
406474
406480
406483
406488
406490
406500
406502
406506
406508
406513
406520
406522
406526
406527
406534
406540
406542
406544
406545
406555
406577
406583
406587
406588
406591
406597
406611
406617
406622
406627
406629
406632
406637
406639
406647
406653
406657
406664
406666
406675
406679
406680
406693
406701
406703
406708
406710
406713
406720
406722
406744
406751
406754
406770
406791
406795
406801
406804
406805
406807
406808
406811
406817
406827
406828
406852
406858
406860
406862
406863
406894
406898
406902
406903
406908
406926
406928
406932
406934
406942
406945
406963
406972
406974
406981
406983
406986
406994
406995
406999
407015
407018
407020
407023
407027
407031
407032
407043
407051
407052
407055
407060
407062
407074
407093
407097
407099
407102
407108
407119
407125
407134
407149
407156
407157
407167
407175
407180
407188
407194
407196
407203
407210
407214
407218
407220
407221
407233
407239
407241
407243
407246
407257
407270
407272
407273
407279
407282
407284
407291
407292
407294
407298
407301
407304
407308
407314
407316
407319
407324
407329
407331
407339
407346
407347
407350
407352
407353
407355
407373
407376
407383
407394
407395
407396
407401
407408
407413
407418
407421
407434
407435
407437
407439
407445
407448
407458
407474
407475
407476
407477
407479
407480
407486
407489
407500
407501
407503
407510
407515
407539
407541
407551
407556
407564
407566
407572
407575
407577
407580
407593
407598
407606
407608
407609
407619
407627
407629
407648
407651
407655
407658
407659
407662
407663
407675
407681
407691
407699
407701
407706
407711
407717
407719
407724
407725
407739
407740
407742
407743
407746
407753
407756
407757
407766
407779
407786
407791
407800
407804
407805
407807
407821
407823
407830
407833
407834
407836
407841
407846
407847
407850
407856
407859
407862
407866
407872
407876
407880
407887
407892
407898
407900
407909
407917
407921
407932
407945
407955
407963
407971
407973
407981
407984
407995
408002
408010
408014
408015
408021
408025
408029
408032
408047
408052
408053
408057
408058
408059
408062
408063
408074
408078
408094
408099
408103
408105
408107
408114
408119
408126
408130
408132
408137
408154
408155
408161
408178
408180
408184
408193
408201
408208
408223
408234
408239
408252
408253
408254
408272
408281
408294
408303
408308
408310
408313
408320
408321
408322
408323
408332
408341
408344
408350
408356
408357
408362
408367
408372
408373
408375
408383
408392
408393
408397
408404
408406
408412
408416
408420
408430
408431
408432
408433
408435
408446
408448
408451
408454
408455
408466
408474
408495
408497
408502
408504
408505
408509
408514
408515
408520
408532
408537
408562
408571
408592
408596
408614
408615
408630
408633
408639
408648
408666
408667
408672
408681
408685
408688
408691
408697
408699
408701
408705
408716
408721
408723
408724
408727
408732
408737
408742
408743
408745
408746
408748
408749
408768
408770
408772
408773
408780
408784
408788
408790
408812
408829
408830
408846
408850
408851
408853
408870
408871
408873
408874
408877
408880
408888
408891
408892
408894
408901
408902
408903
408915
408916
408920
408922
408926
408927
408936
408939
408948
408949
408951
408959
408960
408965
408972
408977
408985
408988
408991
408992
408993
408996
408998
409003
409005
409012
409016
409017
409023
409024
409027
409036
409039
409044
409057
409070
409071
409076
409078
409079
409081
409083
409090
409093
409094
409096
409097
409100
409102
409105
409108
409117
409119
409120
409122
409131
409133
409139
409140
409142
409149
409153
409160
409163
409170
409174
409178
409182
409184
409187
409192
409194
409197
409224
409235
409246
409247
409249
409255
409256
409257
409260
409263
409268
409274
409276
409287
409294
409299
409304
409305
409310
409312
409320
409325
409326
409331
409334
409337
409339
409356
409360
409361
409364
409366
409367
409369
409383
409399
409400
409410
409423
409425
409428
409442
409452
409460
409462
409465
409469
409477
409479
409480
409487
409494
409511
409512
409517
409541
409543
409547
409550
409553
409556
409562
409567
409572
409575
409585
409588
409593
409596
409599
409603
409609
409614
409616
409618
409622
409624
409625
409630
409631
409634
409651
409653
409657
409663
409667
409668
409685
409686
409697
409698
409701
409702
409712
409715
409722
409724
409725
409728
409732
409733
409736
409737
409743
409744
409747
409758
409764
409781
409787
409790
409795
409799
409804
409809
409810
409811
409812
409818
409819
409826
409829
409835
409837
409839
409846
409847
409859
409862
409879
409881
409883
409889
409890
409892
409896
409901
409903
409912
409914
409916
409917
409921
409930
409933
409938
409940
409941
409948
409950
409952
409953
409957
409958
409967
409969
409972
409975
409985
409988
409989
409994
410002
410003
410010
410015
410034
410037
410043
410048
410049
410050
410059
410064
410067
410072
410073
410076
410082
410084
410097
410099
410100
410101
410104
410112
410121
410123
410125
410132
410143
410153
410154
410158
410167
410170
410175
410178
410193
410209
410213
410216
410222
410223
410225
410232
410236
410237
410263
410266
410270
410271
410273
410275
410277
410283
410289
410291
410303
410315
410330
410335
410350
410353
410354
410362
410375
410377
410382
410384
410386
410387
410389
410393
410405
410409
410410
410414
410415
410421
410425
410427
410428
410430
410435
410437
410438
410465
410479
410483
410489
410493
410496
410505
410508
410509
410512
410517
410519
410525
410528
410538
410544
410545
410552
410562
410566
410569
410570
410573
410581
410584
410595
410597
410601
410604
410605
410613
410625
410626
410629
410632
410634
410643
410644
410657
410666
410673
410681
410683
410685
410695
410706
410707
410712
410713
410724
410725
410729
410737
410738
410742
410755
410767
410770
410776
410782
410785
410804
410807
410813
410819
410829
410830
410832
410837
410853
410859
410861
410869
410875
410878
410880
410888
410891
410896
410897
410898
410899
410900
410903
410905
410906
410916
410918
410920
410926
410928
410936
410941
410956
410958
410959
410962
410977
410980
410982
410983
410985
410989
410999
411000
411002
411003
411007
411013
411014
411017
411020
411024
411025
411033
411044
411046
411050
411053
411060
411063
411065
411088
411089
411095
411116
411117
411119
411121
411125
411135
411139
411141
411142
411143
411147
411157
411172
411178
411179
411180
411184
411189
411198
411200
411201
411217
411218
411226
411227
411239
411242
411244
411250
411259
411260
411262
411265
411273
411275
411277
411282
411285
411290
411291
411294
411298
411302
411313
411316
411319
411324
411327
411334
411335
411337
411338
411344
411353
411368
411373
411377
411378
411386
411388
411399
411409
411414
411421
411422
411431
411432
411441
411444
411445
411455
411459
411462
411469
411473
411476
411479
411484
411487
411494
411510
411513
411518
411519
411521
411534
411544
411550
411552
411555
411574
411577
411579
411584
411586
411591
411594
411596
411597
411599
411602
411604
411606
411609
411611
411615
411617
411621
411624
411626
411633
411643
411644
411646
411648
411649
411652
411654
411669
411680
411683
411684
411692
411698
411699
411705
411708
411716
411725
411733
411735
411752
411756
411759
411760
411770
411771
411774
411780
411782
411785
411788
411799
411805
411807
411817
411823
411825
411834
411836
411842
411844
411847
411852
411867
411871
411872
411875
411880
411885
411894
411895
411896
411899
411900
411901
411902
411908
411913
411923
411928
411931
411932
411935
411941
411946
411948
411957
411962
411963
411964
411970
411973
411978
411981
411982
411991
411994
411995
411997
411999
412005
412008
412011
412026
412027
412028
412033
412038
412042
412046
412051
412059
412064
412067
412070
412082
412094
412101
412114
412116
412122
412127
412134
412135
412144
412145
412147
412149
412150
412159
412162
412163
412169
412178
412189
412192
412195
412200
412202
412219
412224
412228
412236
412251
412252
412258
412260
412261
412265
412266
412284
412285
412287
412295
412304
412305
412308
412314
412315
412316
412317
412319
412326
412327
412329
412332
412342
412349
412356
412357
412367
412370
412371
412374
412375
412378
412381
412382
412386
412393
412397
412400
412402
412405
412406
412416
412417
412418
412422
412430
412440
412442
412455
412465
412470
412472
412479
412481
412484
412500
412513
412514
412515
412516
412523
412533
412534
412545
412546
412547
412548
412552
412554
412557
412559
412572
412578
412580
412586
412587
412600
412601
412603
412612
412613
412617
412618
412632
412634
412635
412636
412645
412648
412652
412665
412678
412683
412684
412688
412689
412704
412707
412708
412719
412721
412732
412736
412743
412747
412750
412751
412773
412777
412778
412780
412795
412796
412803
412806
412812
412820
412822
412825
412826
412840
412844
412848
412849
412851
412857
412860
412866
412867
412869
412871
412874
412877
412878
412882
412883
412885
412903
412915
412928
412932
412936
412940
412944
412960
412962
412963
412966
412970
412972
412984
412991
412994
413003
413004
413005
413006
413015
413030
413033
413045
413046
413063
413071
413073
413075
413081
413082
413091
413095
413096
413102
413110
413111
413116
413121
413133
413134
413135
413136
413140
413147
413148
413155
413181
413190
413191
413199
413200
413202
413203
413207
413208
413217
413227
413229
413233
413242
413246
413250
413254
413256
413264
413265
413268
413271
413274
413275
413277
413284
413288
413296
413298
413301
413306
413311
413318
413319
413320
413336
413338
413347
413349
413353
413356
413360
413364
413368
413369
413373
413374
413375
413379
413380
413381
413384
413385
413398
413412
413414
413419
413421
413424
413426
413429
413432
413434
413435
413442
413444
413445
413451
413457
413461
413462
413463
413470
413475
413491
413493
413494
413507
413516
413520
413522
413525
413526
413529
413533
413535
413539
413540
413546
413547
413549
413551
413555
413556
413567
413568
413576
413587
413591
413592
413596
413603
413606
413614
413620
413623
413625
413626
413627
413628
413635
413641
413643
413647
413648
413650
413651
413653
413660
413666
413667
413672
413675
413677
413680
413681
413684
413694
413698
413699
413701
413702
413704
413716
413719
413720
413721
413722
413726
413731
413736
413743
413748
413753
413756
413759
413760
413765
413766
413767
413772
413773
413781
413784
413785
413788
413790
413794
413800
413805
413809
413810
413811
413818
413829
413831
413843
413848
413860
413861
413871
413877
413886
413898
413903
413906
413916
413919
413920
413923
413928
413931
413933
413939
413942
413943
413945
413957
413963
413969
413971
413976
413979
413981
413983
413990
413992
413993
413995
414004
414007
414010
414021
414027
414037
414039
414042
414046
414047
414049
414051
414060
414064
414072
414075
414078
414082
414085
414089
414105
414106
414109
414112
414115
414118
414119
414120
414121
414122
414131
414135
414137
414138
414140
414146
414153
414163
414168
414172
414179
414183
414184
414185
414187
414190
414193
414199
414210
414221
414226
414227
414232
414235
414238
414239
414249
414253
414257
414266
414270
414282
414283
414288
414289
414306
414308
414320
414328
414336
414337
414350
414352
414353
414354
414360
414361
414365
414367
414374
414388
414396
414405
414408
414413
414417
414418
414419
414421
414422
414433
414434
414435
414437
414442
414445
414454
414455
414456
414461
414462
414473
414474
414475
414479
414488
414491
414498
414500
414501
414511
414527
414533
414537
414539
414541
414548
414570
414575
414576
414577
414582
414587
414601
414603
414622
414629
414630
414638
414644
414650
414660
414664
414666
414676
414678
414684
414685
414687
414688
414690
414693
414700
414704
414715
414724
414725
414726
414730
414732
414738
414744
414750
414756
414757
414763
414765
414776
414789
414792
414799
414800
414805
414815
414822
414823
414829
414830
414834
414835
414839
414841
414848
414851
414852
414860
414867
414875
414876
414877
414883
414886
414891
414906
414909
414911
414916
414932
414933
414934
414937
414940
414946
414950
414954
414964
414968
414972
414977
414980
414984
414985
415000
415001
415005
415008
415011
415018
415020
415024
415045
415047
415049
415057
415059
415067
415070
415071
415077
415080
415082
415083
415093
415094
415095
415096
415099
415104
415105
415118
415120
415122
415124
415125
415136
415143
415144
415145
415146
415167
415172
415174
415180
415186
415189
415192
415196
415197
415202
415233
415238
415245
415249
415259
415260
415263
415275
415277
415282
415286
415289
415293
415302
415305
415307
415308
415310
415319
415320
415322
415325
415326
415331
415334
415341
415352
415354
415358
415359
415361
415375
415376
415377
415379
415381
415387
415392
415406
415410
415416
415419
415420
415422
415437
415447
415452
415456
415464
415468
415473
415484
415490
415494
415496
415498
415504
415506
415519
415522
415526
415527
415530
415534
415538
415549
415557
415558
415559
415560
415563
415566
415569
415579
415580
415589
415592
415601
415602
415611
415614
415631
415633
415637
415641
415642
415648
415649
415651
415658
415667
415678
415680
415686
415688
415693
415697
415700
415706
415710
415713
415724
415726
415727
415731
415733
415740
415747
415758
415768
415769
415787
415791
415798
415803
415805
415809
415812
415813
415815
415827
415829
415834
415836
415839
415845
415847
415869
415871
415882
415886
415890
415893
415906
415913
415916
415919
415925
415930
415935
415939
415942
415943
415969
415972
415976
415977
415992
415996
416000
416001
416002
416008
416010
416011
416016
416017
416020
416021
416026
416029
416035
416036
416040
416042
416050
416061
416063
416064
416081
416084
416085
416095
416096
416103
416105
416121
416128
416137
416138
416139
416149
416163
416172
416182
416192
416195
416199
416207
416213
416231
416233
416244
416245
416246
416250
416252
416270
416278
416281
416285
416286
416298
416303
416305
416307
416324
416325
416328
416338
416340
416343
416351
416355
416359
416361
416364
416376
416377
416378
416384
416390
416392
416409
416414
416416
416419
416420
416426
416430
416440
416441
416446
416450
416464
416466
416470
416472
416473
416490
416491
416497
416500
416502
416504
416509
416514
416521
416525
416530
416532
416535
416542
416553
416577
416580
416581
416583
416587
416592
416593
416596
416602
416603
416605
416621
416626
416630
416640
416650
416654
416658
416659
416665
416666
416669
416673
416674
416682
416685
416686
416688
416700
416703
416714
416718
416726
416735
416738
416739
416741
416742
416750
416755
416762
416771
416773
416775
416783
416790
416793
416796
416801
416802
416806
416812
416813
416814
416820
416824
416829
416832
416837
416841
416844
416845
416847
416860
416869
416872
416874
416886
416891
416892
416893
416898
416904
416905
416917
416927
416936
416939
416948
416949
416950
416959
416961
416963
416967
416974
416975
416979
416989
416990
417001
417005
417008
417022
417023
417026
417030
417037
417043
417045
417050
417056
417057
417058
417061
417073
417078
417082
417085
417097
417101
417103
417107
417112
417114
417115
417116
417123
417128
417135
417137
417142
417143
417144
417145
417154
417171
417174
417194
417200
417201
417206
417207
417209
417210
417212
417235
417237
417249
417256
417259
417261
417265
417267
417272
417284
417288
417291
417293
417299
417302
417304
417306
417309
417310
417314
417337
417340
417345
417348
417356
417360
417363
417364
417366
417370
417377
417382
417386
417393
417395
417402
417404
417412
417416
417422
417424
417426
417438
417441
417449
417455
417462
417464
417466
417467
417470
417472
417496
417506
417514
417520
417527
417541
417542
417548
417551
417553
417554
417556
417567
417574
417575
417587
417605
417607
417612
417615
417617
417622
417632
417643
417645
417654
417660
417664
417665
417676
417677
417681
417686
417699
417702
417712
417713
417714
417717
417720
417728
417735
417741
417743
417745
417749
417754
417766
417772
417783
417784
417788
417789
417794
417801
417804
417815
417825
417828
417832
417846
417849
417856
417858
417864
417869
417877
417880
417885
417889
417892
417896
417901
417909
417913
417930
417937
417940
417943
417947
417951
417964
417965
417969
417970
417975
417979
417985
417993
417999
418014
418022
418028
418030
418033
418052
418054
418056
418067
418068
418069
418082
418087
418088
418089
418092
418096
418101
418110
418113
418114
418117
418118
418119
418121
418129
418131
418140
418142
418143
418146
418154
418158
418159
418162
418163
418165
418170
418172
418174
418178
418181
418183
418184
418185
418199
418207
418211
418218
418225
418226
418230
418239
418248
418258
418263
418264
418266
418273
418274
418282
418288
418295
418297
418301
418302
418312
418314
418318
418328
418334
418340
418347
418349
418350
418352
418353
418358
418362
418364
418371
418372
418377
418379
418386
418387
418388
418391
418394
418398
418411
418412
418419
418420
418431
418435
418446
418449
418451
418462
418463
418492
418493
418501
418510
418513
418524
418530
418537
418541
418556
418570
418572
418574
418578
418581
418589
418593
418600
418601
418602
418603
418633
418634
418649
418650
418670
418673
418676
418681
418684
418691
418693
418702
418706
418712
418721
418724
418729
418730
418731
418733
418738
418742
418747
418759
418761
418770
418784
418785
418793
418794
418810
418811
418824
418829
418844
418849
418852
418859
418861
418867
418870
418874
418878
418896
418900
418909
418911
418922
418925
418933
418934
418936
418938
418940
418942
418943
418948
418953
418957
418963
418965
418968
418971
418979
418980
418991
418993
419004
419007
419012
419014
419016
419018
419020
419026
419028
419030
419034
419036
419040
419042
419046
419047
419050
419053
419054
419055
419059
419060
419061
419063
419067
419069
419071
419074
419075
419081
419084
419088
419099
419107
419111
419114
419126
419128
419130
419132
419133
419139
419144
419149
419158
419172
419174
419175
419177
419178
419179
419183
419193
419194
419199
419200
419202
419203
419207
419214
419217
419220
419221
419234
419236
419243
419247
419249
419250
419257
419264
419266
419275
419285
419290
419291
419303
419305
419316
419318
419319
419327
419331
419343
419344
419348
419359
419378
419388
419391
419398
419406
419409
419416
419420
419421
419425
419426
419431
419433
419434
419444
419447
419448
419449
419455
419458
419459
419466
419469
419470
419472
419476
419486
419488
419496
419497
419498
419504
419506
419507
419511
419512
419516
419518
419523
419531
419534
419543
419547
419553
419570
419572
419575
419578
419582
419587
419593
419596
419600
419604
419607
419610
419616
419617
419620
419623
419629
419633
419642
419643
419644
419650
419652
419666
419669
419670
419671
419672
419685
419702
419706
419715
419717
419719
419722
419726
419730
419736
419740
419752
419756
419760
419761
419765
419766
419771
419776
419785
419787
419788
419796
419798
419800
419801
419805
419806
419807
419810
419813
419825
419827
419842
419844
419846
419849
419853
419860
419868
419873
419874
419889
419890
419891
419902
419905
419908
419913
419914
419915
419916
419936
419938
419939
419945
419954
419956
419959
419965
419967
419975
419982
419983
419985
419988
419993
419996
419999
420006
420012
420015
420020
420021
420023
420033
420036
420037
420039
420048
420049
420050
420054
420057
420060
420061
420077
420082
420089
420091
420092
420094
420096
420110
420126
420129
420131
420138
420139
420143
420153
420154
420164
420167
420169
420174
420181
420184
420186
420189
420191
420196
420201
420202
420206
420209
420218
420231
420234
420241
420249
420251
420262
420272
420275
420277
420279
420282
420284
420297
420302
420316
420317
420322
420325
420327
420328
420343
420368
420372
420374
420376
420377
420379
420382
420389
420391
420392
420397
420410
420415
420419
420423
420426
420431
420439
420441
420454
420462
420463
420465
420470
420476
420478
420487
420491
420501
420531
420534
420539
420544
420549
420557
420571
420575
420579
420583
420590
420597
420598
420599
420619
420626
420629
420634
420639
420643
420644
420647
420652
420660
420661
420662
420671
420672
420677
420680
420683
420685
420691
420695
420699
420705
420706
420710
420711
420712
420713
420716
420718
420720
420730
420735
420737
420738
420739
420748
420755
420764
420775
420776
420779
420793
420803
420807
420811
420819
420820
420826
420827
420831
420836
420837
420839
420841
420842
420846
420852
420853
420857
420858
420859
420870
420871
420889
420894
420896
420911
420912
420915
420917
420918
420921
420924
420936
420940
420941
420958
420959
420960
420961
420962
420971
420973
420997
421002
421009
421014
421020
421026
421032
421034
421035
421037
421043
421051
421063
421071
421072
421073
421080
421090
421094
421109
421111
421116
421119
421128
421130
421139
421151
421152
421155
421162
421163
421173
421175
421180
421185
421186
421188
421195
421204
421208
421210
421224
421250
421251
421253
421282
421291
421295
421302
421304
421306
421318
421329
421330
421333
421335
421351
421352
421354
421357
421358
421368
421375
421377
421378
421400
421403
421410
421413
421416
421417
421421
421424
421425
421434
421435
421440
421443
421444
421456
421458
421462
421474
421475
421477
421485
421492
421506
421508
421510
421514
421525
421528
421529
421534
421542
421544
421545
421552
421553
421557
421569
421575
421577
421578
421581
421582
421583
421594
421595
421600
421605
421610
421613
421632
421637
421640
421642
421643
421652
421653
421654
421659
421668
421678
421693
421703
421707
421710
421738
421747
421748
421758
421759
421762
421764
421765
421766
421778
421779
421784
421785
421804
421805
421806
421811
421812
421817
421824
421831
421838
421847
421851
421855
421874
421882
421885
421890
421893
421894
421913
421914
421916
421943
421950
421951
421957
421969
421973
421976
421987
421998
422003
422004
422011
422015
422022
422024
422025
422027
422028
422030
422031
422033
422034
422036
422038
422041
422052
422055
422056
422059
422066
422067
422068
422071
422072
422077
422078
422079
422087
422095
422097
422098
422105
422109
422113
422114
422124
422125
422128
422135
422136
422140
422142
422147
422150
422163
422165
422168
422182
422183
422186
422189
422196
422197
422199
422203
422205
422208
422213
422218
422222
422227
422229
422232
422239
422242
422246
422258
422265
422268
422272
422275
422280
422288
422301
422302
422306
422308
422312
422317
422323
422325
422341
422347
422348
422362
422370
422377
422388
422389
422394
422404
422405
422406
422408
422412
422420
422423
422427
422436
422438
422444
422465
422466
422467
422469
422470
422476
422483
422484
422486
422493
422496
422511
422515
422517
422519
422546
422547
422553
422558
422564
422565
422567
422577
422582
422585
422590
422604
422607
422608
422617
422620
422623
422624
422628
422630
422644
422649
422650
422651
422654
422655
422667
422668
422678
422681
422689
422691
422694
422695
422697
422706
422717
422718
422723
422725
422731
422734
422741
422743
422749
422751
422753
422754
422760
422761
422763
422765
422790
422795
422803
422808
422810
422827
422828
422835
422843
422846
422849
422855
422857
422865
422866
422869
422871
422878
422881
422894
422898
422901
422902
422905
422907
422909
422911
422914
422923
422926
422931
422945
422956
422957
422972
422974
422975
422976
422978
422983
422988
422989
422993
423001
423007
423014
423028
423037
423040
423043
423053
423058
423069
423080
423082
423085
423089
423090
423104
423110
423119
423121
423123
423125
423128
423129
423131
423137
423138
423142
423148
423160
423165
423169
423183
423186
423191
423210
423215
423220
423222
423229
423230
423231
423233
423236
423238
423243
423244
423249
423257
423263
423266
423276
423277
423290
423295
423298
423299
423302
423308
423315
423318
423346
423350
423355
423361
423374
423375
423378
423382
423396
423398
423401
423402
423412
423423
423426
423427
423440
423447
423448
423449
423453
423456
423466
423479
423480
423482
423489
423497
423499
423507
423508
423511
423521
423525
423531
423542
423543
423546
423549
423550
423554
423563
423564
423570
423577
423579
423584
423592
423594
423597
423602
423609
423616
423622
423632
423637
423638
423639
423648
423651
423653
423663
423665
423677
423678
423679
423686
423698
423708
423727
423728
423740
423741
423746
423747
423749
423757
423769
423772
423773
423777
423780
423784
423785
423795
423803
423809
423811
423819
423820
423823
423824
423830
423834
423843
423857
423859
423865
423871
423874
423880
423883
423886
423892
423899
423902
423904
423911
423914
423925
423929
423944
423953
423954
423958
423960
423963
423964
423965
423966
423985
423987
423988
423993
423996
423999
424005
424009
424011
424018
424020
424021
424028
424032
424040
424055
424056
424059
424060
424065
424069
424071
424074
424075
424076
424078
424079
424081
424087
424091
424092
424094
424098
424100
424103
424108
424109
424110
424114
424117
424118
424131
424133
424139
424146
424154
424161
424162
424163
424164
424167
424177
424182
424185
424195
424196
424201
424205
424208
424211
424213
424217
424219
424221
424229
424237
424238
424244
424245
424249
424250
424252
424261
424267
424286
424290
424292
424294
424302
424308
424317
424319
424320
424321
424323
424326
424327
424328
424329
424333
424336
424344
424356
424357
424377
424378
424380
424383
424384
424385
424396
424397
424398
424403
424407
424410
424414
424416
424418
424427
424428
424429
424440
424455
424456
424458
424467
424487
424498
424500
424502
424503
424506
424507
424510
424511
424518
424527
424530
424533
424535
424537
424539
424548
424552
424555
424561
424563
424571
424573
424589
424602
424615
424621
424622
424625
424631
424638
424646
424657
424669
424680
424684
424688
424689
424690
424691
424694
424697
424698
424705
424712
424719
424720
424728
424741
424744
424749
424756
424757
424763
424764
424765
424773
424788
424792
424794
424798
424802
424803
424806
424808
424811
424815
424821
424825
424831
424834
424837
424841
424845
424848
424852
424854
424863
424879
424885
424889
424890
424898
424901
424907
424909
424917
424921
424923
424929
424938
424944
424946
424955
424956
424962
424967
424975
424982
424988
424998
424999
425000
425007
425009
425010
425015
425016
425020
425022
425025
425028
425029
425037
425056
425059
425060
425062
425064
425067
425068
425073
425081
425087
425088
425091
425099
425103
425104
425112
425115
425116
425126
425127
425129
425133
425146
425149
425151
425154
425155
425157
425162
425171
425172
425183
425184
425185
425197
425199
425200
425205
425210
425222
425225
425230
425232
425237
425239
425245
425248
425257
425260
425264
425265
425271
425272
425276
425279
425280
425299
425301
425310
425311
425313
425317
425318
425321
425328
425330
425348
425351
425355
425362
425364
425369
425378
425379
425381
425382
425383
425412
425415
425418
425422
425431
425441
425448
425451
425460
425461
425462
425472
425473
425475
425480
425482
425491
425492
425494
425500
425501
425503
425504
425506
425513
425534
425540
425541
425544
425547
425548
425553
425555
425557
425563
425564
425569
425575
425577
425578
425587
425596
425598
425602
425606
425607
425608
425623
425624
425625
425628
425631
425634
425636
425637
425647
425651
425657
425662
425664
425674
425696
425697
425712
425726
425731
425736
425754
425755
425756
425768
425790
425801
425802
425809
425810
425812
425814
425818
425821
425823
425827
425830
425831
425833
425836
425850
425853
425856
425857
425867
425874
425884
425894
425896
425906
425910
425922
425926
425927
425928
425945
425949
425950
425953
425956
425958
425967
425973
425974
425976
425979
425984
425986
425988
425991
425997
426001
426008
426012
426013
426016
426019
426029
426044
426048
426049
426055
426060
426079
426080
426084
426085
426088
426091
426107
426110
426112
426119
426136
426137
426142
426144
426145
426149
426153
426156
426159
426160
426167
426174
426191
426192
426193
426202
426204
426206
426208
426210
426221
426228
426229
426233
426238
426241
426245
426246
426251
426252
426257
426259
426263
426271
426275
426279
426284
426291
426293
426303
426317
426318
426326
426328
426332
426334
426338
426340
426342
426349
426351
426361
426374
426380
426384
426389
426397
426404
426407
426414
426415
426421
426432
426433
426435
426447
426457
426458
426465
426467
426470
426476
426480
426482
426483
426486
426487
426492
426502
426503
426504
426527
426543
426547
426548
426549
426556
426558
426560
426567
426568
426569
426573
426584
426586
426593
426603
426604
426606
426608
426610
426612
426637
426639
426640
426647
426652
426659
426661
426663
426668
426670
426671
426678
426681
426685
426690
426693
426696
426698
426699
426702
426704
426707
426716
426717
426720
426723
426730
426738
426740
426742
426744
426746
426758
426762
426764
426767
426792
426796
426798
426799
426800
426804
426808
426810
426828
426852
426853
426855
426859
426865
426868
426869
426870
426880
426885
426889
426893
426898
426902
426913
426914
426923
426925
426928
426939
426940
426949
426952
426954
426964
426965
426968
426969
426975
426982
426985
426987
427001
427004
427007
427010
427012
427022
427023
427024
427025
427026
427028
427035
427038
427042
427044
427047
427053
427056
427057
427060
427061
427063
427068
427069
427071
427072
427074
427083
427086
427087
427088
427099
427100
427106
427115
427116
427117
427127
427140
427144
427147
427148
427157
427160
427168
427171
427180
427191
427193
427195
427205
427218
427223
427225
427232
427234
427235
427236
427247
427253
427260
427266
427270
427274
427277
427278
427283
427291
427292
427293
427301
427308
427315
427316
427317
427318
427322
427329
427331
427333
427336
427337
427349
427351
427352
427353
427365
427379
427380
427381
427382
427384
427389
427397
427406
427409
427411
427413
427414
427416
427426
427435
427445
427448
427452
427456
427461
427463
427465
427469
427485
427486
427487
427493
427496
427504
427505
427513
427516
427519
427520
427522
427523
427524
427525
427526
427527
427532
427533
427534
427535
427536
427540
427541
427546
427548
427549
427550
427555
427570
427578
427583
427586
427589
427599
427600
427601
427608
427612
427616
427622
427623
427631
427633
427641
427642
427645
427655
427656
427661
427662
427665
427684
427690
427691
427692
427696
427700
427702
427707
427716
427718
427720
427725
427728
427733
427736
427748
427750
427758
427760
427761
427765
427767
427770
427780
427792
427793
427799
427807
427814
427816
427827
427828
427830
427831
427880
427881
427887
427892
427902
427907
427909
427920
427932
427935
427938
427948
427965
427966
427980
427989
427993
427995
428000
428001
428004
428013
428024
428028
428029
428033
428045
428054
428056
428060
428064
428072
428077
428083
428088
428092
428102
428106
428112
428120
428126
428142
428147
428148
428150
428157
428161
428164
428170
428171
428173
428174
428177
428182
428185
428195
428196
428198
428201
428232
428235
428242
428245
428255
428259
428261
428268
428271
428274
428281
428283
428285
428287
428290
428301
428324
428330
428333
428334
428336
428338
428343
428367
428368
428369
428379
428382
428383
428387
428390
428394
428410
428414
428418
428425
428429
428439
428445
428452
428456
428457
428460
428464
428467
428469
428481
428483
428484
428485
428487
428497
428500
428503
428507
428509
428520
428526
428530
428531
428544
428551
428552
428553
428554
428556
428561
428571
428577
428581
428587
428588
428593
428594
428596
428597
428603
428604
428615
428619
428620
428622
428623
428635
428648
428659
428660
428662
428678
428686
428694
428695
428700
428702
428722
428723
428728
428733
428735
428745
428750
428753
428765
428769
428770
428772
428776
428780
428787
428792
428794
428803
428809
428820
428821
428823
428828
428830
428832
428835
428849
428854
428864
428877
428878
428879
428884
428886
428891
428892
428895
428900
428907
428914
428915
428916
428923
428926
428927
428929
428930
428942
428943
428957
428960
428962
428964
428968
428969
428970
428987
428997
428998
429010
429013
429014
429018
429031
429034
429043
429046
429056
429061
429071
429072
429074
429076
429085
429086
429097
429102
429103
429123
429125
429132
429136
429139
429144
429152
429153
429158
429160
429176
429191
429196
429208
429211
429212
429215
429224
429226
429251
429253
429255
429256
429257
429258
429262
429269
429270
429272
429274
429282
429284
429286
429290
429292
429293
429300
429305
429308
429313
429317
429329
429330
429333
429342
429343
429351
429352
429357
429365
429367
429372
429374
429377
429378
429379
429405
429410
429413
429418
429420
429424
429427
429433
429440
429443
429452
429454
429457
429462
429467
429468
429472
429484
429489
429490
429493
429494
429495
429496
429510
429517
429524
429535
429549
429553
429555
429558
429560
429568
429572
429574
429578
429580
429586
429612
429615
429621
429622
429623
429624
429629
429630
429642
429644
429646
429659
429662
429663
429664
429667
429674
429678
429685
429688
429689
429697
429700
429701
429708
429714
429718
429719
429723
429724
429727
429731
429736
429742
429745
429750
429757
429772
429778
429779
429783
429799
429801
429802
429820
429821
429825
429839
429841
429844
429851
429852
429854
429856
429857
429865
429874
429877
429878
429882
429886
429889
429892
429896
429898
429899
429906
429907
429909
429917
429920
429935
429946
429947
429951
429952
429956
429960
429964
429975
429977
429983
429987
429990
429998
430006
430012
430016
430017
430021
430029
430032
430042
430047
430049
430050
430055
430057
430064
430071
430072
430076
430078
430081
430082
430088
430092
430097
430099
430106
430131
430138
430140
430142
430145
430151
430154
430159
430160
430162
430168
430171
430172
430184
430187
430188
430192
430197
430201
430209
430216
430217
430222
430226
430227
430235
430245
430260
430261
430275
430276
430278
430282
430285
430287
430288
430298
430304
430313
430314
430319
430320
430321
430327
430328
430332
430335
430338
430340
430347
430349
430358
430361
430362
430363
430375
430378
430381
430382
430384
430391
430393
430394
430395
430396
430397
430405
430411
430428
430430
430433
430445
430446
430449
430458
430461
430470
430474
430477
430482
430484
430489
430498
430502
430508
430530
430536
430538
430544
430550
430556
430561
430565
430568
430573
430576
430577
430581
430583
430585
430586
430592
430610
430616
430628
430630
430639
430647
430654
430658
430659
430668
430674
430677
430679
430684
430698
430701
430703
430712
430716
430726
430728
430733
430739
430740
430745
430752
430753
430754
430756
430764
430766
430771
430780
430786
430794
430796
430809
430810
430816
430818
430825
430831
430833
430839
430841
430850
430875
430888
430906
430907
430908
430911
430924
430928
430932
430940
430951
430952
430953
430961
430970
430982
430990
430994
430998
431000
431002
431003
431007
431010
431024
431025
431027
431029
431034
431037
431042
431046
431055
431065
431077
431080
431081
431083
431092
431097
431100
431107
431109
431121
431126
431128
431129
431136
431138
431146
431149
431150
431170
431173
431177
431179
431181
431182
431187
431189
431190
431193
431196
431208
431210
431220
431224
431225
431227
431234
431236
431250
431256
431260
431268
431269
431271
431279
431286
431293
431296
431306
431307
431309
431318
431319
431329
431335
431340
431341
431342
431355
431356
431374
431378
431379
431390
431392
431397
431398
431402
431404
431405
431407
431408
431410
431413
431416
431422
431423
431430
431431
431432
431434
431439
431444
431449
431451
431459
431461
431467
431468
431470
431471
431477
431481
431485
431487
431488
431489
431496
431501
431502
431504
431506
431507
431510
431518
431519
431520
431521
431529
431539
431541
431542
431553
431561
431564
431569
431574
431580
431587
431595
431599
431606
431608
431609
431622
431630
431631
431642
431644
431647
431648
431649
431650
431652
431668
431671
431673
431677
431689
431695
431699
431702
431714
431717
431723
431724
431734
431738
431739
431740
431741
431742
431746
431760
431763
431767
431769
431775
431776
431779
431782
431788
431794
431797
431798
431804
431811
431825
431833
431837
431840
431841
431843
431850
431853
431859
431863
431871
431874
431875
431877
431878
431879
431892
431896
431899
431903
431905
431910
431916
431917
431920
431924
431930
431931
431943
431946
431949
431951
431957
431958
431967
431970
431977
431982
431986
431987
432003
432011
432016
432018
432019
432030
432052
432056
432059
432060
432062
432063
432075
432076
432078
432085
432087
432090
432094
432098
432100
432110
432111
432117
432122
432126
432128
432129
432136
432149
432157
432162
432164
432169
432171
432174
432177
432180
432199
432200
432207
432212
432218
432223
432226
432233
432235
432236
432237
432240
432248
432255
432257
432266
432268
432269
432270
432278
432289
432303
432305
432314
432319
432320
432322
432324
432328
432333
432334
432337
432341
432343
432348
432349
432350
432352
432353
432362
432368
432369
432373
432375
432378
432379
432381
432388
432394
432402
432408
432412
432413
432414
432425
432427
432431
432444
432446
432448
432454
432457
432466
432467
432468
432471
432477
432482
432486
432488
432494
432495
432501
432512
432536
432543
432549
432551
432552
432553
432558
432565
432567
432574
432586
432596
432597
432602
432607
432619
432623
432629
432633
432635
432638
432641
432652
432653
432661
432666
432682
432704
432710
432712
432714
432718
432721
432734
432745
432748
432758
432761
432769
432773
432775
432778
432788
432795
432802
432809
432815
432823
432826
432843
432844
432846
432855
432856
432861
432866
432875
432891
432902
432909
432911
432942
432950
432952
432953
432954
432956
432957
432959
432964
432968
432969
432970
432971
432972
432984
432992
432993
432997
432998
432999
433021
433034
433035
433044
433049
433054
433062
433068
433069
433072
433076
433077
433079
433081
433084
433092
433099
433105
433111
433113
433115
433120
433121
433127
433129
433132
433136
433139
433143
433144
433153
433156
433158
433160
433161
433163
433169
433170
433178
433187
433188
433191
433193
433194
433198
433208
433222
433224
433247
433251
433252
433263
433269
433273
433284
433285
433286
433292
433294
433297
433306
433312
433314
433319
433321
433323
433329
433331
433333
433338
433341
433346
433361
433364
433367
433369
433380
433387
433388
433394
433397
433415
433416
433430
433438
433445
433450
433452
433453
433457
433465
433475
433485
433490
433493
433497
433500
433504
433508
433509
433510
433513
433516
433532
433536
433538
433540
433543
433545
433546
433560
433564
433566
433575
433585
433587
433601
433613
433614
433616
433620
433625
433626
433627
433628
433635
433638
433654
433656
433665
433667
433678
433680
433681
433695
433699
433702
433707
433709
433716
433719
433725
433728
433735
433738
433745
433746
433754
433758
433764
433773
433774
433775
433776
433782
433791
433792
433799
433803
433804
433806
433807
433809
433813
433815
433820
433821
433829
433835
433838
433847
433850
433853
433854
433855
433859
433866
433868
433870
433871
433875
433879
433880
433887
433888
433894
433896
433904
433917
433920
433921
433931
433935
433941
433947
433949
433964
433967
433971
433977
433991
433997
433999
434003
434006
434012
434016
434017
434021
434022
434023
434026
434040
434041
434042
434043
434044
434048
434052
434059
434061
434063
434068
434070
434076
434082
434084
434086
434087
434088
434102
434104
434114
434124
434127
434128
434148
434158
434171
434173
434178
434191
434197
434198
434200
434207
434217
434220
434229
434230
434231
434232
434233
434241
434243
434244
434246
434247
434251
434256
434257
434260
434264
434273
434281
434282
434284
434287
434291
434293
434298
434300
434311
434315
434324
434329
434349
434354
434358
434360
434373
434376
434377
434380
434386
434387
434391
434393
434396
434421
434425
434426
434427
434451
434459
434461
434464
434467
434469
434483
434491
434493
434501
434505
434506
434508
434510
434518
434521
434528
434536
434537
434539
434544
434552
434556
434560
434562
434563
434564
434565
434574
434601
434608
434611
434620
434623
434626
434633
434648
434649
434651
434654
434662
434671
434679
434692
434698
434700
434710
434713
434715
434723
434728
434746
434748
434749
434756
434760
434767
434778
434786
434794
434797
434804
434810
434812
434815
434823
434824
434828
434833
434836
434837
434838
434840
434841
434850
434852
434854
434856
434863
434880
434896
434897
434900
434902
434904
434911
434915
434922
434931
434934
434935
434939
434940
434942
434955
434956
434958
434964
434971
434973
434984
434986
434990
434993
434998
435001
435005
435006
435017
435022
435024
435030
435036
435041
435044
435047
435055
435057
435060
435066
435082
435085
435086
435089
435090
435094
435096
435097
435101
435109
435111
435112
435113
435115
435119
435129
435134
435138
435145
435151
435160
435163
435164
435178
435180
435187
435193
435194
435195
435198
435201
435203
435207
435218
435219
435220
435226
435240
435245
435250
435256
435258
435259
435263
435270
435281
435286
435290
435296
435297
435310
435317
435336
435349
435352
435358
435360
435365
435373
435381
435391
435398
435405
435427
435435
435447
435450
435453
435462
435467
435479
435509
435514
435521
435524
435525
435534
435536
435538
435542
435545
435547
435554
435556
435559
435561
435569
435576
435581
435585
435594
435596
435598
435603
435607
435626
435627
435628
435634
435636
435652
435656
435658
435659
435662
435663
435664
435666
435684
435692
435702
435711
435712
435714
435724
435733
435742
435743
435749
435750
435754
435762
435763
435767
435778
435789
435790
435792
435796
435800
435810
435817
435818
435823
435824
435825
435826
435827
435831
435838
435843
435854
435855
435856
435865
435869
435875
435878
435879
435888
435889
435894
435900
435906
435914
435915
435918
435919
435928
435930
435934
435941
435942
435944
435947
435951
435954
435959
435960
435966
435968
435974
435976
435977
435985
435986
435987
435993
436007
436009
436012
436013
436024
436026
436032
436036
436037
436038
436040
436042
436043
436048
436050
436054
436058
436063
436064
436070
436076
436078
436079
436084
436097
436105
436112
436114
436115
436120
436122
436127
436133
436134
436137
436141
436152
436154
436155
436159
436164
436165
436177
436181
436184
436191
436193
436195
436202
436203
436211
436217
436225
436234
436235
436241
436243
436258
436259
436261
436262
436264
436266
436268
436277
436278
436280
436281
436289
436299
436304
436310
436314
436318
436321
436335
436337
436339
436352
436354
436355
436369
436375
436378
436380
436384
436388
436406
436415
436428
436440
436444
436447
436451
436470
436480
436481
436490
436504
436510
436511
436512
436517
436528
436529
436532
436534
436536
436549
436550
436554
436565
436567
436571
436578
436582
436586
436588
436589
436594
436596
436603
436607
436608
436612
436626
436632
436635
436644
436651
436657
436664
436666
436668
436677
436678
436684
436686
436692
436708
436710
436712
436716
436719
436730
436732
436735
436741
436746
436752
436754
436756
436761
436772
436788
436796
436811
436812
436813
436815
436821
436822
436826
436840
436842
436861
436869
436878
436880
436899
436904
436909
436916
436922
436923
436924
436925
436940
436945
436946
436960
436962
436965
436971
436972
436976
436981
436986
436991
437001
437006
437011
437014
437017
437020
437022
437025
437027
437034
437036
437038
437039
437040
437045
437046
437051
437052
437068
437071
437072
437074
437075
437085
437086
437087
437089
437095
437096
437100
437109
437115
437116
437117
437122
437132
437133
437135
437136
437137
437139
437144
437149
437150
437151
437153
437156
437157
437159
437160
437178
437181
437183
437185
437195
437197
437198
437199
437222
437226
437230
437232
437234
437235
437238
437241
437243
437247
437259
437260
437261
437267
437269
437270
437277
437289
437290
437292
437302
437310
437313
437316
437320
437335
437336
437337
437342
437346
437353
437363
437373
437380
437386
437389
437391
437398
437405
437408
437412
437417
437419
437426
437436
437440
437442
437448
437451
437452
437453
437454
437458
437459
437466
437470
437493
437501
437507
437519
437525
437527
437528
437532
437541
437551
437554
437561
437563
437564
437567
437573
437579
437580
437589
437599
437600
437615
437619
437622
437625
437633
437635
437636
437638
437645
437646
437652
437653
437664
437676
437677
437683
437685
437691
437697
437699
437704
437720
437729
437734
437735
437737
437743
437744
437749
437757
437771
437776
437778
437780
437783
437785
437789
437797
437798
437801
437803
437812
437822
437824
437826
437833
437845
437846
437848
437851
437862
437871
437876
437878
437881
437890
437900
437907
437908
437917
437926
437938
437939
437941
437946
437954
437964
437965
437971
437974
437983
437984
437989
437995
437996
437998
437999
438001
438005
438011
438017
438020
438027
438030
438035
438045
438049
438056
438058
438064
438068
438069
438076
438080
438089
438097
438106
438109
438110
438120
438123
438132
438137
438140
438148
438155
438166
438171
438172
438175
438177
438182
438185
438186
438203
438212
438216
438219
438227
438228
438237
438241
438256
438257
438258
438259
438261
438268
438285
438291
438292
438302
438309
438314
438316
438318
438321
438329
438330
438331
438335
438339
438340
438342
438349
438350
438355
438356
438358
438372
438381
438384
438385
438392
438405
438407
438426
438431
438447
438455
438456
438458
438459
438461
438465
438478
438479
438481
438490
438500
438501
438511
438517
438519
438520
438544
438562
438563
438568
438575
438576
438580
438584
438592
438596
438607
438608
438610
438612
438615
438617
438618
438625
438628
438643
438646
438649
438650
438651
438652
438654
438660
438661
438673
438674
438682
438685
438708
438715
438721
438730
438735
438737
438740
438752
438760
438770
438774
438777
438782
438796
438804
438812
438817
438824
438832
438835
438837
438838
438839
438845
438854
438855
438856
438857
438861
438862
438866
438871
438886
438888
438889
438895
438901
438907
438919
438922
438926
438938
438946
438947
438948
438953
438954
438956
438960
438963
438967
438968
438969
438971
438975
438976
438980
438989
438991
438992
438993
438996
439000
439002
439013
439020
439023
439027
439030
439037
439040
439042
439046
439049
439053
439058
439060
439062
439064
439074
439081
439082
439083
439089
439094
439103
439113
439117
439132
439133
439138
439140
439146
439150
439153
439160
439161
439165
439167
439180
439181
439184
439188
439197
439203
439220
439227
439232
439234
439236
439239
439242
439243
439245
439255
439260
439263
439264
439265
439266
439270
439272
439274
439275
439288
439292
439294
439301
439313
439322
439332
439335
439337
439339
439340
439342
439346
439353
439356
439362
439363
439365
439370
439374
439375
439384
439385
439397
439403
439407
439409
439410
439411
439414
439420
439423
439428
439431
439432
439439
439440
439443
439446
439456
439460
439466
439467
439472
439473
439474
439475
439478
439482
439484
439485
439488
439490
439495
439510
439514
439515
439523
439542
439544
439547
439556
439569
439589
439592
439597
439598
439602
439604
439617
439621
439622
439630
439638
439640
439644
439645
439646
439656
439660
439670
439677
439681
439682
439687
439699
439701
439708
439715
439716
439718
439721
439724
439726
439732
439733
439734
439735
439736
439738
439742
439764
439768
439772
439783
439799
439800
439805
439808
439812
439822
439830
439833
439847
439853
439861
439868
439870
439875
439884
439900
439902
439905
439910
439917
439918
439921
439930
439939
439940
439951
439958
439959
439964
439965
439967
439984
439995
440000
440017
440019
440023
440032
440039
440050
440051
440059
440061
440073
440074
440087
440095
440103
440105
440110
440121
440123
440130
440131
440135
440137
440138
440147
440152
440160
440162
440171
440178
440179
440181
440192
440199
440208
440209
440210
440211
440212
440214
440219
440220
440221
440227
440239
440240
440248
440249
440254
440262
440266
440267
440269
440284
440293
440295
440296
440297
440299
440307
440315
440328
440330
440331
440334
440335
440343
440345
440348
440356
440363
440366
440367
440371
440380
440382
440389
440393
440397
440403
440405
440409
440414
440416
440417
440425
440428
440430
440431
440434
440437
440448
440455
440456
440481
440487
440494
440503
440504
440510
440515
440517
440523
440537
440538
440547
440560
440579
440584
440594
440598
440599
440603
440606
440609
440613
440614
440619
440622
440623
440626
440628
440635
440647
440651
440653
440655
440660
440669
440672
440675
440679
440685
440686
440692
440694
440705
440710
440714
440719
440729
440732
440736
440743
440744
440746
440747
440757
440772
440782
440783
440789
440791
440793
440795
440796
440798
440802
440814
440818
440820
440835
440847
440849
440857
440858
440862
440868
440875
440881
440890
440894
440897
440905
440916
440935
440937
440939
440941
440944
440945
440953
440970
440974
440976
440978
440981
440990
440993
441000
441001
441002
441008
441010
441014
441023
441024
441030
441037
441045
441052
441053
441061
441063
441068
441069
441080
441084
441101
441102
441105
441110
441124
441129
441130
441132
441133
441141
441143
441145
441147
441149
441162
441163
441164
441165
441171
441172
441180
441184
441192
441216
441217
441218
441223
441224
441229
441233
441234
441236
441240
441241
441242
441262
441282
441291
441306
441312
441331
441335
441336
441337
441354
441355
441363
441368
441370
441381
441387
441394
441395
441413
441425
441436
441445
441448
441456
441461
441472
441473
441474
441481
441482
441486
441488
441495
441499
441503
441504
441509
441521
441524
441540
441542
441543
441544
441545
441547
441549
441558
441563
441571
441574
441578
441579
441584
441599
441605
441606
441607
441611
441618
441619
441628
441630
441631
441632
441637
441638
441641
441648
441652
441654
441660
441663
441667
441671
441674
441676
441678
441680
441682
441686
441690
441695
441696
441699
441700
441705
441721
441725
441728
441738
441745
441747
441751
441763
441782
441785
441790
441797
441801
441810
441814
441815
441818
441824
441826
441841
441842
441851
441853
441871
441876
441880
441881
441895
441900
441902
441904
441907
441908
441910
441916
441920
441932
441936
441940
441943
441945
441947
441955
441966
441979
441984
441986
441994
441999
442000
442001
442013
442015
442017
442019
442026
442030
442039
442042
442043
442052
442059
442060
442068
442070
442075
442078
442079
442080
442084
442087
442093
442098
442100
442103
442116
442118
442128
442130
442132
442140
442149
442165
442174
442175
442176
442179
442181
442184
442195
442202
442207
442208
442211
442212
442214
442217
442220
442222
442225
442227
442238
442240
442242
442249
442250
442251
442257
442258
442263
442269
442272
442275
442280
442281
442284
442288
442293
442297
442302
442305
442307
442308
442309
442310
442312
442315
442320
442325
442331
442333
442337
442342
442349
442357
442360
442362
442368
442370
442371
442378
442379
442392
442400
442405
442414
442416
442419
442426
442430
442432
442434
442439
442440
442449
442450
442456
442474
442476
442479
442483
442484
442486
442503
442512
442513
442521
442525
442529
442531
442532
442544
442549
442554
442560
442565
442566
442567
442571
442584
442588
442592
442605
442606
442612
442614
442624
442628
442635
442651
442654
442659
442668
442673
442674
442675
442678
442689
442690
442695
442696
442697
442703
442717
442718
442719
442724
442730
442739
442741
442742
442746
442747
442748
442752
442760
442763
442769
442791
442792
442804
442814
442815
442816
442821
442824
442825
442830
442838
442839
442843
442847
442860
442864
442867
442878
442879
442881
442900
442906
442914
442917
442918
442921
442922
442927
442937
442946
442956
442971
442975
442979
442995
442999
443003
443011
443013
443017
443020
443026
443030
443035
443045
443051
443057
443064
443065
443066
443099
443109
443119
443124
443130
443132
443135
443137
443143
443148
443150
443154
443155
443159
443160
443165
443166
443185
443188
443191
443193
443207
443214
443217
443218
443221
443224
443225
443230
443233
443234
443259
443265
443270
443271
443272
443287
443288
443295
443304
443306
443310
443325
443326
443333
443334
443347
443351
443359
443363
443364
443367
443371
443372
443376
443377
443379
443380
443381
443388
443398
443399
443405
443406
443407
443417
443430
443432
443434
443435
443437
443446
443454
443471
443472
443473
443474
443483
443485
443492
443514
443518
443520
443521
443526
443529
443532
443536
443537
443542
443543
443545
443548
443554
443555
443566
443568
443574
443577
443582
443587
443588
443595
443597
443600
443602
443605
443608
443610
443612
443613
443616
443617
443625
443631
443634
443635
443645
443647
443663
443668
443669
443672
443676
443690
443691
443698
443701
443710
443714
443716
443722
443729
443730
443734
443736
443746
443748
443749
443751
443756
443757
443758
443759
443761
443763
443765
443773
443775
443779
443780
443785
443786
443791
443805
443808
443811
443813
443817
443818
443823
443827
443829
443831
443836
443854
443856
443857
443860
443866
443879
443881
443897
443907
443911
443914
443917
443919
443922
443924
443925
443926
443933
443935
443938
443943
443955
443959
443960
443970
443971
443993
443998
444004
444006
444025
444030
444031
444034
444049
444061
444070
444073
444074
444076
444079
444080
444084
444088
444093
444097
444101
444107
444109
444120
444121
444123
444124
444126
444128
444134
444136
444138
444141
444145
444162
444163
444165
444171
444172
444177
444181
444182
444185
444191
444194
444198
444199
444202
444207
444211
444213
444215
444219
444220
444225
444253
444266
444269
444270
444275
444280
444283
444286
444287
444290
444291
444305
444309
444310
444313
444318
444322
444323
444337
444338
444339
444342
444354
444358
444362
444369
444374
444380
444386
444390
444396
444404
444416
444425
444442
444443
444445
444447
444448
444450
444456
444460
444463
444468
444472
444476
444477
444484
444495
444498
444499
444501
444503
444506
444510
444516
444522
444524
444531
444533
444535
444537
444546
444547
444549
444551
444553
444558
444561
444572
444580
444589
444590
444605
444608
444624
444634
444636
444637
444638
444645
444646
444655
444660
444663
444668
444674
444677
444679
444688
444693
444694
444697
444720
444728
444732
444733
444734
444737
444740
444747
444748
444757
444761
444764
444765
444769
444770
444775
444780
444782
444790
444795
444803
444805
444808
444811
444814
444817
444818
444825
444827
444828
444830
444831
444834
444835
444840
444847
444852
444860
444864
444871
444884
444893
444895
444899
444905
444908
444909
444916
444920
444921
444924
444928
444932
444934
444945
444946
444959
444962
444964
444968
444970
444976
444985
444987
444991
444999
445002
445004
445009
445017
445020
445025
445030
445045
445047
445050
445053
445054
445057
445063
445067
445070
445072
445076
445084
445093
445096
445101
445108
445113
445125
445136
445137
445141
445142
445143
445145
445147
445149
445158
445162
445163
445166
445172
445180
445181
445199
445200
445203
445204
445208
445210
445223
445240
445242
445246
445249
445251
445252
445260
445265
445280
445287
445293
445300
445306
445310
445321
445331
445346
445347
445364
445367
445370
445373
445377
445378
445385
445390
445393
445397
445399
445401
445409
445410
445414
445417
445419
445421
445426
445429
445431
445433
445455
445458
445467
445475
445478
445481
445483
445485
445487
445489
445493
445506
445508
445513
445514
445518
445521
445524
445526
445527
445528
445538
445539
445567
445569
445571
445574
445575
445586
445590
445595
445596
445609
445617
445621
445624
445625
445626
445645
445647
445649
445651
445661
445662
445668
445673
445697
445701
445702
445709
445710
445712
445719
445722
445723
445734
445735
445740
445743
445744
445751
445752
445756
445760
445762
445769
445774
445777
445778
445782
445785
445790
445818
445827
445829
445830
445831
445847
445852
445857
445863
445864
445870
445876
445877
445879
445889
445910
445913
445916
445918
445920
445923
445928
445934
445943
445945
445950
445957
445958
445960
445962
445969
445978
445980
445993
446002
446006
446007
446014
446016
446018
446020
446022
446031
446036
446046
446048
446049
446050
446052
446056
446059
446070
446073
446077
446084
446085
446088
446091
446102
446105
446107
446108
446109
446113
446122
446124
446154
446155
446156
446158
446161
446172
446175
446182
446187
446189
446196
446197
446199
446206
446222
446225
446231
446233
446245
446247
446248
446249
446263
446274
446275
446278
446283
446291
446310
446311
446315
446325
446326
446327
446329
446332
446336
446347
446350
446352
446361
446362
446371
446378
446383
446390
446396
446398
446403
446414
446415
446428
446429
446431
446438
446448
446453
446460
446467
446471
446494
446495
446499
446505
446514
446518
446519
446520
446524
446526
446527
446531
446538
446544
446546
446549
446550
446568
446571
446581
446588
446590
446596
446597
446606
446617
446622
446632
446638
446640
446642
446645
446662
446663
446666
446667
446668
446672
446674
446680
446683
446690
446691
446696
446700
446703
446705
446708
446721
446722
446723
446753
446757
446771
446774
446775
446779
446782
446798
446809
446812
446813
446814
446819
446821
446822
446830
446841
446842
446843
446847
446857
446861
446862
446864
446878
446881
446885
446887
446893
446896
446900
446901
446902
446904
446907
446910
446929
446932
446942
446945
446946
446951
446952
446954
446966
446971
446987
446990
446998
446999
447008
447011
447021
447025
447026
447029
447031
447035
447039
447043
447044
447045
447051
447056
447059
447062
447066
447068
447074
447075
447080
447081
447106
447113
447119
447122
447124
447125
447128
447130
447131
447133
447137
447141
447142
447145
447154
447160
447162
447165
447170
447172
447173
447174
447175
447177
447181
447191
447196
447198
447215
447217
447224
447225
447226
447227
447231
447232
447233
447242
447245
447247
447248
447254
447258
447274
447298
447313
447316
447324
447330
447335
447336
447358
447360
447361
447379
447382
447386
447387
447391
447393
447394
447398
447401
447402
447408
447409
447411
447435
447436
447441
447445
447451
447454
447457
447461
447463
447471
447476
447479
447484
447491
447503
447504
447506
447509
447517
447518
447519
447520
447521
447523
447526
447529
447531
447543
447547
447559
447565
447571
447573
447581
447590
447598
447601
447606
447609
447612
447617
447618
447622
447623
447624
447631
447635
447642
447652
447653
447657
447658
447660
447665
447666
447667
447682
447683
447692
447694
447695
447704
447706
447708
447712
447718
447723
447725
447741
447747
447748
447759
447763
447776
447778
447788
447803
447806
447810
447814
447816
447818
447820
447823
447828
447832
447834
447837
447842
447843
447846
447850
447853
447855
447862
447869
447873
447877
447882
447891
447893
447897
447899
447904
447906
447911
447918
447919
447921
447923
447924
447926
447927
447933
447934
447936
447938
447940
447943
447945
447950
447957
447964
447971
447976
447978
447981
447988
447991
448009
448010
448014
448017
448026
448031
448032
448044
448050
448051
448053
448056
448065
448073
448074
448086
448092
448098
448108
448122
448133
448141
448142
448145
448147
448150
448155
448162
448166
448169
448173
448174
448175
448176
448186
448200
448220
448223
448241
448242
448245
448246
448247
448255
448258
448260
448262
448272
448276
448284
448299
448300
448304
448307
448309
448311
448314
448315
448318
448335
448338
448342
448344
448345
448351
448353
448355
448356
448357
448358
448362
448363
448375
448376
448379
448382
448384
448387
448389
448390
448391
448395
448399
448401
448403
448404
448405
448407
448424
448431
448435
448437
448444
448446
448450
448464
448466
448478
448481
448487
448494
448496
448499
448508
448509
448516
448529
448540
448543
448544
448550
448555
448557
448558
448574
448577
448578
448589
448592
448609
448611
448613
448626
448627
448631
448638
448641
448645
448646
448668
448674
448676
448679
448680
448682
448686
448694
448696
448705
448707
448724
448725
448734
448735
448737
448743
448744
448748
448769
448770
448778
448780
448793
448805
448812
448814
448818
448824
448830
448831
448838
448846
448853
448857
448860
448862
448869
448871
448876
448879
448892
448898
448900
448905
448906
448916
448921
448923
448925
448926
448945
448950
448960
448970
448983
448986
448987
448988
449005
449006
449020
449060
449061
449065
449079
449080
449089
449090
449092
449093
449095
449102
449105
449106
449111
449113
449119
449123
449126
449127
449138
449143
449158
449163
449171
449172
449174
449178
449184
449186
449192
449197
449203
449204
449209
449216
449219
449220
449221
449224
449226
449233
449234
449236
449242
449245
449250
449257
449265
449269
449275
449276
449277
449283
449287
449289
449299
449301
449302
449307
449310
449316
449318
449319
449320
449339
449349
449357
449359
449369
449373
449377
449383
449391
449403
449408
449410
449414
449418
449419
449428
449431
449436
449440
449441
449443
449446
449447
449451
449452
449454
449459
449464
449471
449475
449485
449492
449502
449505
449524
449527
449528
449529
449531
449534
449535
449547
449551
449556
449559
449564
449567
449569
449576
449578
449579
449586
449589
449594
449598
449599
449600
449602
449603
449606
449610
449616
449620
449621
449626
449629
449635
449636
449637
449638
449649
449651
449652
449659
449674
449677
449678
449679
449688
449692
449693
449706
449708
449709
449714
449715
449719
449723
449724
449727
449730
449732
449735
449747
449755
449757
449759
449767
449772
449774
449777
449805
449806
449818
449819
449835
449840
449841
449844
449848
449850
449851
449858
449861
449864
449865
449868
449887
449893
449905
449913
449915
449917
449920
449922
449925
449929
449931
449933
449935
449941
449946
449950
449956
449957
449968
449979
449980
449981
449982
449989
449990
449992
449993
449996
450005
450016
450018
450019
450025
450042
450044
450046
450056
450063
450071
450077
450096
450097
450098
450101
450119
450123
450131
450143
450146
450147
450153
450155
450162
450175
450179
450180
450190
450191
450194
450195
450200
450204
450205
450207
450211
450213
450221
450225
450230
450231
450232
450235
450238
450246
450249
450250
450270
450273
450277
450283
450286
450289
450291
450293
450296
450298
450300
450302
450304
450318
450323
450337
450344
450347
450348
450349
450353
450357
450375
450385
450389
450390
450396
450402
450411
450420
450428
450441
450442
450446
450455
450460
450467
450473
450476
450479
450484
450491
450492
450495
450500
450506
450509
450524
450526
450528
450538
450539
450540
450543
450548
450550
450551
450554
450556
450559
450564
450566
450583
450584
450590
450595
450597
450600
450601
450603
450604
450610
450612
450618
450629
450630
450631
450634
450635
450646
450647
450648
450656
450663
450664
450674
450677
450678
450680
450681
450684
450685
450689
450690
450691
450692
450694
450701
450702
450710
450712
450719
450720
450725
450726
450727
450732
450734
450738
450741
450743
450758
450760
450763
450764
450765
450767
450770
450773
450776
450788
450794
450809
450810
450817
450828
450837
450842
450848
450859
450861
450863
450865
450876
450880
450886
450889
450890
450916
450919
450921
450932
450938
450939
450946
450953
450955
450965
450967
450969
450973
450981
450991
450996
451001
451004
451005
451006
451015
451016
451021
451024
451029
451041
451042
451050
451052
451053
451054
451057
451063
451067
451069
451082
451088
451102
451109
451124
451129
451146
451147
451155
451156
451157
451161
451162
451163
451166
451167
451174
451182
451183
451189
451195
451197
451208
451209
451214
451218
451226
451230
451231
451232
451239
451242
451249
451252
451256
451259
451261
451269
451276
451286
451289
451296
451312
451313
451315
451320
451321
451328
451331
451333
451334
451344
451347
451351
451354
451355
451359
451366
451367
451371
451374
451385
451387
451391
451392
451393
451399
451416
451423
451424
451425
451426
451427
451433
451437
451438
451451
451455
451461
451462
451463
451472
451473
451476
451477
451481
451490
451492
451496
451504
451510
451514
451527
451540
451547
451548
451557
451564
451565
451571
451573
451578
451580
451586
451589
451592
451594
451602
451605
451618
451622
451623
451628
451629
451632
451636
451638
451639
451640
451645
451647
451651
451663
451664
451682
451699
451701
451704
451705
451711
451721
451722
451731
451733
451741
451744
451745
451746
451749
451756
451762
451767
451768
451773
451786
451787
451790
451792
451793
451795
451797
451800
451803
451804
451805
451813
451823
451829
451830
451832
451836
451840
451845
451851
451863
451867
451870
451873
451874
451883
451889
451892
451895
451896
451897
451902
451904
451905
451917
451928
451939
451940
451948
451949
451951
451952
451965
451974
451976
451980
451981
451983
451985
451995
452001
452004
452009
452010
452012
452034
452037
452068
452075
452077
452086
452088
452100
452110
452111
452114
452121
452127
452129
452134
452138
452140
452144
452145
452147
452148
452152
452154
452156
452160
452165
452169
452172
452184
452186
452189
452193
452195
452197
452209
452210
452213
452217
452222
452234
452240
452241
452243
452246
452247
452249
452258
452259
452261
452262
452264
452268
452270
452273
452274
452277
452284
452288
452289
452294
452302
452308
452316
452318
452321
452322
452323
452340
452346
452347
452355
452363
452365
452370
452378
452379
452385
452391
452394
452401
452402
452403
452405
452406
452410
452411
452417
452423
452425
452426
452429
452430
452432
452437
452441
452442
452443
452450
452452
452458
452462
452468
452469
452471
452474
452477
452479
452491
452507
452511
452513
452515
452523
452524
452542
452543
452546
452548
452550
452552
452556
452559
452560
452565
452577
452579
452607
452609
452612
452614
452616
452624
452629
452631
452662
452685
452689
452692
452694
452695
452701
452704
452712
452716
452726
452733
452736
452737
452747
452754
452760
452768
452769
452770
452772
452775
452788
452790
452794
452802
452818
452820
452822
452832
452839
452843
452849
452850
452858
452869
452870
452878
452897
452902
452906
452913
452920
452922
452926
452929
452931
452935
452947
452949
452951
452952
452956
452957
452961
452966
452967
452971
452972
452974
452976
452977
452997
453003
453012
453015
453016
453018
453021
453029
453035
453043
453044
453050
453053
453055
453057
453059
453067
453080
453083
453091
453092
453099
453107
453109
453114
453121
453122
453127
453132
453137
453152
453157
453161
453162
453163
453164
453166
453176
453177
453180
453189
453193
453197
453208
453216
453231
453244
453245
453254
453255
453266
453272
453276
453284
453288
453290
453293
453299
453301
453302
453303
453306
453307
453308
453310
453312
453314
453315
453325
453326
453330
453331
453336
453338
453341
453354
453358
453359
453365
453367
453372
453375
453378
453381
453383
453384
453388
453389
453397
453398
453402
453417
453418
453421
453425
453429
453431
453436
453438
453441
453443
453444
453452
453468
453472
453483
453485
453490
453499
453504
453507
453510
453512
453526
453533
453545
453552
453560
453564
453574
453576
453578
453579
453580
453584
453598
453617
453625
453630
453638
453639
453646
453650
453654
453661
453664
453669
453670
453680
453685
453688
453703
453705
453713
453719
453720
453725
453726
453730
453740
453743
453751
453753
453755
453759
453761
453762
453771
453772
453785
453791
453792
453799
453806
453808
453811
453812
453813
453824
453825
453838
453842
453863
453869
453881
453891
453892
453893
453894
453895
453896
453901
453903
453906
453907
453910
453920
453921
453923
453924
453925
453931
453934
453941
453943
453948
453952
453954
453967
453978
453988
453993
453997
453998
454001
454005
454011
454012
454013
454021
454022
454023
454029
454032
454038
454052
454058
454060
454065
454071
454072
454073
454076
454079
454087
454091
454099
454101
454107
454111
454115
454120
454139
454147
454149
454150
454152
454155
454166
454168
454169
454182
454194
454199
454204
454207
454213
454214
454216
454235
454238
454244
454249
454252
454256
454264
454271
454288
454292
454295
454297
454302
454304
454306
454312
454328
454329
454331
454333
454334
454337
454338
454344
454348
454354
454358
454368
454371
454383
454393
454400
454411
454422
454423
454426
454434
454436
454443
454452
454453
454456
454459
454470
454474
454475
454479
454482
454489
454492
454501
454504
454510
454512
454513
454515
454517
454520
454528
454530
454544
454553
454556
454565
454573
454574
454575
454594
454596
454602
454603
454605
454611
454622
454623
454626
454639
454651
454654
454678
454680
454681
454684
454697
454698
454702
454703
454706
454711
454715
454716
454722
454723
454732
454735
454742
454743
454751
454752
454759
454767
454776
454778
454795
454796
454797
454802
454803
454810
454823
454830
454866
454867
454868
454874
454877
454879
454880
454890
454901
454908
454909
454911
454913
454914
454919
454920
454922
454923
454928
454931
454937
454938
454953
454954
454958
454965
454972
454974
454975
454979
454983
454986
454987
455001
455003
455004
455008
455010
455026
455038
455039
455045
455054
455056
455058
455059
455061
455065
455067
455077
455082
455089
455099
455103
455104
455117
455122
455123
455160
455169
455189
455192
455199
455205
455218
455224
455226
455232
455235
455237
455238
455245
455248
455251
455258
455270
455272
455273
455280
455285
455287
455288
455292
455295
455297
455305
455314
455316
455317
455332
455335
455336
455352
455362
455368
455377
455383
455394
455396
455399
455402
455409
455416
455418
455420
455421
455443
455449
455453
455454
455457
455463
455466
455476
455477
455484
455485
455486
455487
455495
455496
455500
455502
455503
455511
455515
455522
455526
455530
455545
455557
455558
455559
455560
455565
455567
455568
455571
455579
455581
455582
455583
455586
455614
455626
455637
455638
455640
455641
455642
455647
455652
455666
455668
455671
455672
455673
455678
455680
455686
455688
455694
455697
455699
455702
455704
455707
455715
455716
455717
455719
455722
455723
455724
455728
455729
455735
455740
455745
455746
455753
455758
455759
455771
455773
455778
455781
455797
455798
455810
455814
455815
455819
455836
455843
455844
455848
455858
455859
455864
455873
455877
455879
455885
455886
455890
455891
455892
455898
455904
455905
455907
455916
455927
455932
455934
455937
455938
455940
455943
455956
455958
455960
455964
455966
455970
455981
455986
455989
455994
455996
456004
456005
456016
456021
456025
456026
456034
456040
456044
456046
456052
456056
456057
456060
456065
456067
456068
456071
456082
456094
456109
456119
456123
456128
456134
456148
456152
456154
456161
456162
456163
456165
456177
456181
456184
456186
456190
456196
456201
456213
456217
456219
456230
456232
456238
456243
456248
456249
456255
456256
456257
456269
456270
456273
456298
456302
456309
456320
456322
456328
456335
456348
456364
456365
456374
456379
456383
456394
456401
456402
456416
456417
456419
456421
456423
456425
456428
456429
456433
456438
456440
456448
456449
456454
456458
456463
456471
456479
456482
456487
456492
456499
456509
456513
456517
456518
456520
456521
456525
456536
456545
456546
456548
456554
456555
456566
456568
456570
456571
456581
456586
456589
456592
456594
456597
456599
456604
456609
456613
456620
456629
456631
456641
456652
456661
456667
456671
456677
456689
456691
456704
456710
456712
456715
456716
456722
456728
456730
456735
456736
456738
456745
456753
456765
456772
456776
456781
456782
456784
456793
456803
456809
456816
456827
456828
456830
456843
456852
456859
456860
456868
456870
456871
456877
456899
456900
456906
456907
456910
456917
456925
456931
456933
456934
456939
456943
456944
456949
456950
456957
456961
456974
456976
456978
456983
456998
456999
457004
457020
457023
457024
457026
457027
457031
457043
457048
457056
457058
457059
457066
457073
457074
457089
457093
457108
457109
457120
457122
457123
457124
457142
457151
457152
457155
457156
457160
457165
457167
457169
457170
457179
457182
457190
457205
457209
457213
457223
457224
457244
457249
457252
457261
457262
457267
457270
457281
457285
457292
457298
457308
457309
457315
457324
457329
457339
457341
457343
457346
457356
457361
457366
457381
457383
457385
457386
457388
457395
457401
457410
457413
457414
457418
457420
457423
457424
457426
457447
457454
457461
457467
457468
457474
457481
457489
457501
457507
457509
457510
457518
457521
457522
457533
457538
457539
457541
457544
457554
457561
457562
457564
457565
457566
457567
457576
457577
457584
457585
457586
457587
457590
457597
457599
457600
457604
457607
457614
457615
457617
457619
457624
457627
457643
457653
457654
457655
457663
457665
457667
457673
457674
457676
457678
457679
457687
457691
457695
457700
457701
457705
457707
457708
457714
457726
457740
457752
457767
457784
457787
457788
457804
457812
457818
457819
457822
457823
457825
457831
457833
457835
457836
457840
457844
457850
457863
457875
457883
457888
457890
457893
457899
457903
457904
457910
457911
457924
457928
457929
457934
457937
457938
457940
457942
457946
457950
457958
457973
457976
457978
457983
457987
457990
457995
458001
458003
458007
458032
458041
458047
458055
458078
458085
458086
458094
458099
458101
458102
458124
458134
458137
458143
458145
458155
458157
458165
458167
458169
458175
458176
458178
458179
458180
458192
458193
458195
458200
458208
458211
458214
458215
458218
458225
458248
458250
458256
458258
458265
458269
458270
458272
458281
458285
458295
458297
458303
458309
458320
458325
458330
458340
458350
458354
458361
458364
458368
458369
458370
458377
458378
458381
458387
458388
458391
458397
458408
458409
458417
458421
458432
458437
458446
458451
458454
458456
458460
458468
458469
458471
458474
458475
458489
458490
458498
458512
458516
458519
458520
458524
458526
458547
458549
458550
458557
458573
458575
458577
458580
458583
458584
458586
458588
458589
458591
458595
458599
458600
458601
458603
458605
458609
458610
458612
458613
458614
458616
458620
458627
458651
458659
458661
458665
458670
458680
458682
458687
458691
458693
458695
458697
458704
458705
458708
458712
458722
458723
458731
458732
458738
458741
458745
458748
458750
458754
458759
458764
458767
458768
458771
458773
458778
458789
458791
458798
458803
458804
458808
458811
458812
458823
458828
458829
458831
458833
458836
458837
458839
458844
458852
458856
458864
458874
458875
458880
458910
458918
458919
458923
458933
458955
458957
458958
458959
458978
458982
458988
458990
458995
459007
459010
459012
459024
459027
459028
459037
459047
459051
459054
459062
459063
459064
459069
459093
459097
459107
459110
459112
459115
459118
459121
459125
459127
459129
459133
459151
459153
459157
459159
459162
459168
459174
459185
459191
459192
459201
459203
459206
459211
459216
459221
459225
459226
459230
459232
459234
459235
459250
459256
459263
459273
459290
459297
459301
459309
459314
459325
459334
459366
459368
459369
459375
459376
459387
459388
459391
459402
459404
459405
459408
459411
459418
459423
459425
459428
459440
459441
459452
459453
459454
459458
459463
459464
459469
459470
459473
459476
459484
459494
459497
459501
459508
459514
459518
459522
459531
459536
459539
459543
459552
459556
459560
459561
459563
459566
459569
459574
459581
459584
459585
459587
459588
459591
459592
459600
459619
459622
459629
459636
459648
459672
459673
459676
459678
459685
459687
459694
459702
459703
459706
459717
459718
459723
459726
459727
459731
459734
459736
459758
459766
459767
459774
459775
459777
459779
459783
459797
459798
459804
459805
459810
459811
459812
459817
459820
459822
459824
459829
459831
459833
459838
459839
459841
459861
459864
459868
459876
459884
459888
459889
459893
459902
459918
459919
459921
459922
459930
459934
459935
459938
459940
459941
459948
459949
459953
459958
459960
459967
459968
459972
459975
459978
459988
459993
459998
460000
460006
460007
460009
460011
460012
460013
460015
460018
460019
460021
460022
460024
460026
460039
460041
460043
460049
460052
460054
460057
460068
460070
460073
460074
460075
460076
460079
460084
460089
460090
460094
460098
460102
460104
460106
460123
460125
460127
460140
460141
460143
460144
460155
460159
460164
460175
460184
460189
460191
460194
460196
460204
460205
460208
460209
460216
460227
460235
460236
460237
460241
460244
460247
460254
460255
460258
460285
460293
460295
460300
460309
460312
460315
460319
460321
460325
460326
460335
460337
460341
460346
460347
460348
460352
460362
460368
460372
460373
460375
460376
460378
460379
460383
460385
460391
460396
460418
460428
460437
460446
460467
460471
460472
460478
460482
460484
460487
460495
460502
460504
460505
460506
460509
460517
460525
460550
460551
460553
460569
460572
460573
460577
460579
460582
460586
460590
460601
460609
460613
460628
460641
460649
460650
460652
460662
460664
460667
460669
460681
460685
460686
460690
460691
460696
460705
460719
460724
460739
460742
460753
460754
460761
460766
460774
460779
460783
460787
460794
460796
460798
460802
460803
460805
460806
460807
460812
460814
460815
460819
460822
460823
460827
460833
460838
460840
460844
460852
460862
460873
460876
460877
460878
460882
460897
460900
460911
460919
460922
460932
460934
460942
460944
460949
460953
460959
460967
460971
460979
460980
460981
460983
460984
460985
460986
460997
461001
461009
461016
461017
461025
461033
461036
461039
461040
461041
461044
461046
461062
461063
461064
461066
461117
461118
461119
461122
461135
461140
461142
461167
461175
461176
461182
461204
461218
461228
461230
461241
461256
461261
461266
461271
461275
461279
461293
461301
461302
461305
461313
461316
461318
461321
461328
461333
461336
461345
461349
461357
461361
461366
461370
461374
461378
461392
461399
461400
461409
461421
461422
461429
461437
461454
461462
461472
461477
461482
461486
461496
461502
461503
461510
461512
461519
461522
461524
461525
461531
461544
461546
461548
461550
461553
461565
461571
461577
461580
461581
461584
461590
461592
461605
461614
461617
461620
461621
461627
461631
461644
461655
461660
461661
461667
461668
461669
461680
461686
461702
461703
461707
461715
461716
461730
461731
461734
461748
461754
461756
461759
461762
461766
461778
461780
461784
461788
461790
461791
461804
461820
461825
461838
461839
461840
461843
461845
461848
461855
461863
461871
461886
461888
461894
461897
461900
461905
461915
461922
461927
461931
461933
461934
461936
461938
461944
461946
461950
461951
461958
461962
461988
461989
461993
461994
461999
462006
462010
462013
462017
462022
462031
462033
462038
462051
462054
462063
462065
462068
462073
462075
462088
462090
462096
462098
462099
462112
462116
462117
462119
462121
462123
462137
462139
462141
462153
462158
462160
462168
462169
462175
462185
462186
462189
462197
462204
462205
462210
462222
462223
462224
462227
462241
462246
462254
462257
462263
462269
462286
462293
462294
462298
462299
462304
462305
462310
462316
462322
462324
462325
462326
462327
462332
462334
462339
462347
462350
462352
462354
462360
462361
462365
462371
462376
462377
462378
462381
462398
462402
462403
462410
462415
462419
462423
462424
462425
462436
462438
462441
462446
462448
462455
462461
462462
462472
462479
462482
462504
462512
462515
462523
462525
462528
462535
462541
462551
462554
462556
462559
462567
462570
462598
462600
462601
462605
462617
462625
462632
462638
462639
462643
462649
462651
462658
462668
462675
462690
462694
462695
462698
462701
462706
462712
462718
462725
462729
462741
462743
462744
462745
462747
462749
462751
462754
462761
462766
462774
462775
462783
462784
462786
462788
462791
462795
462797
462800
462805
462826
462833
462836
462843
462848
462850
462855
462864
462871
462873
462877
462880
462882
462889
462890
462891
462892
462900
462906
462910
462914
462915
462923
462926
462927
462939
462940
462941
462958
462962
462968
462969
462973
462977
462978
462979
462981
462982
462983
462993
463004
463007
463012
463018
463029
463032
463035
463039
463041
463043
463049
463054
463061
463064
463068
463072
463073
463075
463079
463084
463092
463102
463105
463109
463110
463119
463126
463137
463140
463145
463161
463167
463168
463181
463183
463185
463187
463193
463200
463210
463213
463215
463216
463221
463222
463229
463241
463249
463257
463272
463274
463277
463280
463286
463290
463295
463297
463304
463305
463320
463322
463324
463326
463349
463353
463354
463359
463366
463369
463372
463375
463376
463379
463384
463385
463389
463390
463393
463401
463405
463409
463416
463421
463428
463429
463434
463439
463444
463446
463459
463462
463467
463474
463481
463485
463495
463496
463498
463508
463513
463514
463517
463523
463544
463548
463549
463557
463564
463574
463576
463592
463593
463594
463602
463605
463617
463619
463622
463623
463629
463630
463631
463640
463642
463652
463653
463655
463660
463661
463666
463684
463692
463694
463695
463719
463721
463733
463736
463739
463743
463751
463752
463759
463760
463763
463777
463780
463791
463793
463794
463798
463802
463805
463808
463821
463823
463830
463838
463839
463843
463844
463849
463851
463854
463860
463866
463882
463888
463893
463899
463903
463904
463912
463914
463916
463917
463918
463923
463924
463928
463929
463933
463944
463947
463951
463982
463986
463987
463988
463990
463991
463997
464001
464002
464008
464015
464016
464017
464019
464020
464021
464022
464024
464028
464031
464058
464061
464064
464066
464073
464081
464092
464097
464105
464107
464114
464118
464125
464132
464133
464134
464142
464143
464148
464165
464169
464171
464172
464185
464198
464199
464202
464211
464213
464218
464229
464230
464231
464234
464239
464242
464243
464274
464280
464286
464290
464295
464298
464304
464320
464321
464330
464340
464341
464344
464358
464361
464382
464388
464394
464398
464400
464403
464405
464406
464411
464418
464430
464433
464435
464438
464443
464446
464449
464453
464460
464467
464468
464472
464481
464482
464483
464490
464493
464500
464501
464505
464508
464511
464513
464525
464528
464530
464534
464544
464551
464553
464557
464560
464562
464568
464575
464578
464583
464597
464598
464614
464620
464629
464630
464636
464638
464642
464646
464652
464653
464663
464664
464666
464669
464670
464672
464679
464680
464683
464701
464708
464710
464712
464721
464722
464723
464725
464726
464730
464731
464736
464737
464739
464741
464750
464751
464752
464754
464763
464769
464783
464786
464791
464801
464807
464812
464813
464816
464817
464824
464827
464828
464829
464851
464857
464862
464865
464870
464875
464877
464883
464887
464894
464899
464903
464910
464912
464922
464923
464926
464935
464939
464952
464960
464965
464970
464978
464984
464985
464989
464994
464997
464998
464999
465017
465018
465040
465045
465049
465054
465061
465071
465073
465083
465084
465085
465091
465093
465096
465112
465130
465132
465133
465139
465141
465159
465160
465162
465167
465169
465174
465180
465186
465188
465197
465198
465207
465209
465215
465217
465219
465228
465236
465243
465246
465248
465255
465265
465270
465272
465273
465275
465277
465280
465281
465286
465293
465303
465310
465315
465316
465318
465321
465322
465327
465333
465334
465335
465342
465344
465346
465355
465360
465361
465372
465378
465383
465385
465386
465389
465399
465400
465402
465406
465407
465411
465412
465414
465418
465420
465423
465428
465432
465438
465441
465444
465452
465457
465462
465463
465464
465465
465466
465474
465479
465481
465484
465488
465490
465503
465504
465516
465518
465520
465522
465526
465527
465528
465529
465533
465550
465554
465556
465558
465569
465570
465581
465584
465587
465595
465596
465598
465604
465607
465613
465619
465622
465648
465649
465656
465665
465668
465671
465680
465685
465686
465693
465694
465696
465705
465706
465708
465717
465725
465727
465729
465732
465733
465738
465742
465754
465756
465757
465759
465760
465762
465768
465770
465771
465778
465784
465790
465808
465809
465814
465815
465819
465822
465833
465843
465852
465863
465872
465875
465877
465879
465886
465887
465894
465908
465920
465928
465933
465935
465944
465952
465954
465955
465960
465961
465962
465963
465967
465973
465976
465981
465991
465998
466000
466002
466009
466010
466013
466015
466016
466023
466024
466025
466026
466028
466029
466030
466033
466036
466037
466042
466052
466056
466065
466071
466081
466082
466085
466097
466098
466104
466108
466112
466113
466114
466126
466129
466130
466142
466146
466165
466167
466168
466171
466174
466179
466181
466183
466190
466210
466211
466214
466215
466222
466227
466232
466234
466237
466244
466251
466260
466263
466264
466273
466274
466279
466282
466286
466287
466293
466299
466307
466327
466329
466331
466333
466339
466343
466349
466357
466360
466363
466366
466397
466404
466406
466409
466411
466413
466420
466430
466437
466440
466448
466454
466458
466459
466475
466479
466484
466489
466498
466512
466528
466532
466533
466534
466540
466543
466544
466547
466548
466550
466553
466554
466559
466561
466570
466575
466580
466586
466587
466589
466590
466598
466599
466620
466624
466626
466629
466632
466639
466650
466658
466665
466669
466673
466674
466675
466692
466696
466697
466700
466705
466706
466707
466712
466713
466716
466718
466719
466725
466726
466728
466733
466734
466739
466743
466744
466749
466761
466764
466775
466783
466786
466791
466802
466804
466806
466808
466823
466824
466830
466831
466842
466843
466853
466855
466858
466864
466867
466868
466875
466877
466880
466885
466886
466887
466891
466893
466900
466903
466904
466914
466916
466922
466923
466926
466927
466944
466951
466958
466961
466962
466965
466970
466971
466984
466988
466989
466997
466998
467003
467004
467005
467006
467010
467012
467013
467014
467017
467018
467022
467023
467024
467029
467031
467033
467037
467044
467045
467047
467057
467068
467070
467073
467078
467084
467088
467093
467094
467104
467105
467108
467118
467123
467126
467133
467134
467143
467144
467150
467159
467162
467178
467180
467184
467185
467198
467201
467212
467213
467231
467244
467245
467246
467247
467260
467274
467280
467284
467293
467299
467300
467310
467314
467323
467327
467331
467332
467333
467338
467340
467342
467364
467366
467370
467377
467380
467389
467392
467403
467404
467406
467412
467413
467416
467418
467422
467426
467430
467431
467432
467434
467435
467438
467447
467455
467456
467463
467467
467468
467478
467482
467487
467492
467505
467517
467536
467537
467539
467542
467543
467545
467548
467553
467563
467566
467568
467573
467574
467577
467585
467592
467611
467619
467622
467627
467629
467632
467638
467644
467647
467649
467653
467662
467664
467669
467670
467673
467674
467686
467695
467704
467711
467712
467713
467715
467716
467726
467729
467741
467742
467759
467761
467764
467767
467768
467777
467786
467790
467794
467796
467799
467803
467805
467810
467815
467817
467834
467835
467839
467842
467843
467846
467849
467851
467854
467856
467865
467868
467873
467875
467882
467884
467889
467892
467893
467903
467904
467905
467909
467912
467913
467915
467916
467924
467930
467941
467944
467946
467955
467956
467961
467985
467992
467995
468000
468001
468004
468009
468017
468019
468023
468036
468038
468039
468040
468043
468047
468051
468060
468067
468070
468076
468091
468094
468109
468117
468128
468140
468141
468144
468146
468148
468149
468151
468154
468169
468173
468180
468181
468187
468192
468195
468197
468205
468210
468216
468220
468221
468233
468237
468241
468244
468245
468254
468257
468266
468268
468279
468288
468295
468300
468310
468311
468321
468330
468339
468342
468343
468347
468353
468361
468364
468369
468370
468371
468376
468382
468384
468388
468389
468391
468402
468406
468409
468414
468417
468425
468427
468429
468442
468452
468459
468475
468476
468477
468479
468484
468485
468490
468497
468499
468512
468527
468529
468537
468543
468553
468556
468560
468564
468565
468567
468573
468577
468592
468618
468626
468627
468634
468638
468647
468649
468662
468666
468669
468671
468684
468686
468692
468695
468698
468699
468712
468715
468720
468725
468730
468735
468745
468747
468751
468752
468760
468763
468766
468774
468781
468782
468788
468789
468795
468803
468809
468819
468828
468830
468838
468839
468847
468855
468862
468864
468870
468874
468876
468884
468897
468900
468915
468923
468924
468926
468927
468941
468944
468946
468955
468967
468972
468977
468988
468991
468993
469000
469002
469004
469005
469006
469015
469017
469020
469024
469033
469038
469039
469041
469043
469044
469045
469047
469048
469049
469054
469056
469057
469058
469061
469072
469074
469075
469087
469088
469093
469094
469095
469096
469099
469106
469118
469125
469135
469141
469142
469144
469145
469149
469160
469166
469168
469169
469174
469178
469181
469186
469189
469191
469193
469199
469211
469235
469242
469243
469246
469251
469258
469264
469265
469270
469272
469281
469283
469287
469289
469290
469307
469308
469318
469319
469324
469326
469328
469357
469364
469366
469375
469379
469380
469382
469387
469388
469389
469390
469393
469395
469397
469401
469402
469409
469418
469428
469431
469436
469448
469452
469454
469455
469456
469461
469465
469470
469471
469472
469473
469474
469478
469480
469483
469491
469503
469508
469531
469533
469534
469551
469566
469574
469578
469581
469587
469590
469593
469596
469597
469606
469609
469615
469620
469626
469628
469640
469647
469652
469657
469660
469664
469670
469684
469695
469699
469711
469714
469721
469723
469727
469748
469749
469750
469751
469761
469762
469764
469770
469771
469783
469789
469798
469805
469814
469816
469817
469821
469830
469839
469848
469855
469856
469859
469862
469863
469865
469866
469874
469877
469880
469885
469887
469889
469892
469897
469911
469913
469914
469916
469917
469918
469919
469924
469926
469929
469942
469944
469950
469954
469960
469973
469984
469987
469989
469993
470002
470007
470008
470009
470017
470025
470032
470033
470036
470042
470052
470075
470078
470082
470085
470086
470087
470101
470102
470103
470107
470121
470125
470128
470137
470139
470140
470143
470152
470153
470154
470155
470156
470157
470159
470163
470168
470169
470175
470177
470192
470194
470195
470211
470215
470218
470256
470263
470267
470275
470276
470279
470282
470284
470285
470291
470297
470304
470309
470321
470328
470333
470335
470346
470347
470348
470350
470360
470361
470364
470365
470366
470372
470379
470395
470401
470402
470414
470415
470422
470430
470432
470434
470436
470438
470443
470444
470451
470452
470455
470464
470466
470474
470476
470483
470492
470500
470501
470504
470508
470515
470523
470528
470533
470535
470546
470548
470559
470560
470565
470566
470570
470572
470576
470580
470582
470590
470592
470604
470605
470610
470611
470621
470635
470636
470641
470642
470647
470653
470657
470660
470668
470679
470680
470684
470685
470689
470704
470707
470713
470716
470717
470720
470736
470738
470739
470740
470745
470748
470752
470755
470756
470767
470770
470773
470778
470788
470792
470802
470806
470825
470826
470831
470837
470838
470839
470843
470847
470851
470852
470855
470856
470862
470868
470872
470874
470878
470879
470880
470889
470890
470892
470898
470903
470907
470908
470909
470910
470926
470930
470933
470940
470941
470949
470956
470958
470966
470967
470974
470980
470981
470984
470987
470989
470997
471005
471010
471011
471016
471017
471033
471035
471036
471037
471042
471045
471053
471062
471070
471071
471077
471090
471093
471094
471096
471104
471107
471112
471122
471135
471146
471154
471156
471158
471170
471172
471177
471183
471184
471186
471191
471194
471196
471203
471210
471214
471217
471218
471221
471223
471230
471233
471242
471247
471251
471252
471254
471256
471257
471261
471263
471275
471277
471278
471283
471287
471293
471294
471305
471308
471316
471323
471326
471336
471338
471342
471343
471348
471351
471352
471353
471354
471355
471356
471358
471360
471369
471388
471397
471399
471415
471420
471422
471430
471434
471435
471436
471440
471443
471444
471446
471449
471450
471455
471456
471463
471465
471482
471497
471499
471504
471508
471524
471525
471547
471553
471557
471562
471564
471579
471587
471606
471610
471618
471619
471629
471635
471636
471641
471648
471649
471652
471658
471661
471663
471670
471671
471674
471675
471683
471687
471693
471701
471714
471720
471722
471740
471742
471743
471752
471754
471756
471758
471759
471763
471768
471771
471773
471777
471780
471781
471782
471788
471795
471796
471799
471803
471808
471812
471819
471822
471828
471830
471831
471832
471839
471840
471850
471860
471867
471868
471870
471874
471882
471887
471889
471897
471903
471907
471910
471918
471922
471923
471924
471929
471932
471938
471944
471946
471947
471949
471955
471961
471964
471968
471977
471978
471983
471991
472000
472005
472006
472016
472017
472019
472023
472025
472026
472029
472030
472031
472036
472039
472047
472052
472053
472055
472056
472062
472065
472068
472071
472077
472083
472086
472100
472102
472127
472132
472134
472135
472140
472147
472149
472151
472152
472154
472157
472174
472178
472187
472190
472193
472196
472198
472202
472209
472221
472229
472262
472264
472265
472272
472274
472277
472280
472281
472282
472283
472290
472301
472302
472303
472304
472327
472330
472340
472348
472350
472355
472357
472360
472363
472364
472366
472367
472368
472372
472378
472381
472384
472391
472392
472399
472401
472402
472404
472409
472418
472432
472435
472437
472445
472448
472454
472455
472457
472472
472473
472492
472500
472502
472506
472509
472514
472515
472520
472529
472534
472535
472536
472552
472557
472558
472559
472571
472581
472583
472587
472593
472594
472595
472596
472597
472603
472610
472617
472623
472630
472631
472633
472640
472646
472647
472650
472656
472660
472662
472671
472682
472696
472706
472710
472713
472720
472722
472730
472732
472734
472735
472744
472750
472752
472757
472764
472772
472777
472784
472786
472789
472794
472805
472806
472811
472814
472816
472822
472829
472830
472831
472835
472836
472840
472842
472847
472851
472852
472872
472878
472880
472888
472889
472894
472906
472911
472916
472918
472925
472927
472928
472931
472948
472955
472957
472967
472968
472969
472970
472980
472987
472993
472998
472999
473010
473011
473014
473033
473037
473044
473045
473048
473050
473055
473064
473066
473075
473083
473088
473089
473099
473102
473108
473114
473116
473125
473128
473134
473145
473146
473150
473154
473155
473164
473168
473172
473174
473186
473193
473196
473202
473204
473207
473209
473211
473215
473217
473223
473230
473243
473246
473247
473258
473261
473262
473263
473264
473267
473268
473270
473271
473275
473277
473282
473288
473290
473291
473301
473304
473308
473313
473321
473325
473329
473334
473335
473341
473351
473353
473355
473368
473375
473390
473392
473397
473401
473415
473416
473435
473437
473438
473441
473443
473451
473459
473460
473467
473478
473479
473480
473488
473493
473497
473501
473502
473505
473506
473509
473527
473531
473532
473540
473544
473545
473555
473563
473568
473569
473572
473580
473587
473595
473598
473600
473604
473606
473621
473623
473626
473628
473633
473639
473642
473649
473650
473661
473671
473675
473682
473685
473687
473689
473690
473694
473719
473726
473730
473734
473742
473746
473750
473758
473762
473765
473767
473773
473777
473783
473785
473795
473807
473826
473837
473841
473847
473852
473861
473877
473878
473880
473887
473890
473896
473898
473906
473918
473923
473932
473937
473938
473946
473948
473960
473964
473967
473968
473970
473971
473979
473982
473988
473993
473996
473998
474002
474003
474005
474012
474013
474014
474020
474026
474034
474040
474051
474053
474061
474081
474082
474083
474085
474089
474091
474093
474096
474106
474107
474109
474111
474114
474117
474120
474125
474136
474137
474140
474141
474153
474156
474161
474164
474171
474173
474175
474181
474185
474186
474191
474209
474213
474216
474218
474222
474227
474234
474252
474271
474279
474292
474315
474328
474334
474336
474338
474346
474360
474364
474367
474378
474393
474406
474411
474413
474422
474434
474435
474438
474441
474455
474456
474460
474461
474462
474464
474465
474467
474468
474474
474475
474479
474481
474483
474484
474494
474496
474498
474504
474507
474510
474511
474524
474526
474539
474546
474547
474549
474551
474558
474559
474560
474568
474569
474582
474585
474592
474594
474597
474600
474606
474610
474613
474622
474636
474637
474639
474657
474659
474676
474689
474696
474697
474698
474699
474701
474708
474709
474717
474720
474723
474724
474733
474744
474745
474754
474767
474768
474778
474779
474787
474795
474798
474802
474807
474811
474812
474819
474825
474838
474844
474847
474850
474855
474856
474857
474858
474871
474886
474889
474890
474891
474899
474901
474902
474904
474906
474910
474914
474922
474929
474943
474948
474955
474956
474961
474969
474971
474972
474973
474983
475000
475006
475007
475010
475012
475016
475019
475023
475024
475027
475029
475032
475034
475039
475046
475063
475071
475074
475089
475090
475101
475103
475110
475113
475124
475130
475145
475148
475151
475157
475159
475160
475170
475172
475187
475191
475193
475194
475196
475214
475218
475219
475221
475222
475226
475230
475247
475249
475250
475251
475253
475254
475255
475257
475265
475267
475270
475271
475273
475274
475275
475279
475286
475299
475304
475312
475313
475318
475321
475323
475327
475333
475335
475340
475341
475343
475346
475349
475370
475373
475386
475409
475417
475418
475421
475423
475430
475442
475444
475448
475461
475464
475465
475472
475477
475480
475493
475499
475500
475502
475504
475513
475514
475517
475527
475528
475545
475546
475552
475554
475562
475565
475570
475577
475580
475593
475616
475618
475625
475634
475635
475641
475655
475658
475664
475667
475673
475675
475679
475681
475682
475684
475685
475688
475691
475693
475703
475708
475711
475718
475726
475731
475735
475743
475745
475747
475762
475764
475765
475766
475769
475777
475786
475790
475792
475794
475801
475809
475812
475823
475829
475830
475833
475836
475842
475858
475868
475871
475876
475878
475883
475887
475888
475894
475904
475905
475906
475907
475908
475915
475918
475920
475930
475937
475938
475941
475947
475956
475961
475967
475970
475979
475980
475982
475987
475990
475992
475994
476000
476001
476005
476007
476009
476010
476012
476014
476015
476022
476023
476028
476031
476038
476040
476043
476058
476062
476063
476068
476069
476077
476080
476082
476086
476103
476106
476107
476109
476110
476111
476114
476116
476118
476120
476126
476132
476139
476140
476148
476151
476160
476163
476168
476178
476183
476186
476189
476192
476193
476195
476197
476203
476205
476206
476212
476214
476218
476219
476226
476228
476234
476237
476247
476249
476251
476258
476259
476270
476275
476291
476300
476301
476302
476303
476307
476309
476310
476314
476316
476327
476332
476335
476339
476348
476359
476361
476363
476366
476374
476378
476385
476390
476394
476406
476413
476416
476430
476433
476441
476445
476448
476449
476451
476457
476461
476462
476463
476474
476475
476483
476501
476503
476513
476519
476523
476527
476533
476535
476542
476548
476553
476559
476574
476578
476587
476592
476593
476607
476608
476617
476618
476619
476623
476630
476634
476635
476654
476664
476680
476681
476682
476683
476699
476715
476716
476717
476718
476724
476727
476731
476747
476751
476756
476757
476764
476765
476767
476771
476775
476785
476793
476795
476803
476813
476815
476819
476821
476823
476825
476826
476827
476834
476836
476839
476841
476852
476855
476857
476860
476868
476881
476882
476892
476895
476915
476924
476930
476931
476932
476939
476944
476952
476953
476956
476957
476973
476980
476985
476989
476993
476996
476998
477000
477003
477016
477017
477027
477028
477030
477031
477036
477038
477042
477046
477051
477052
477055
477058
477059
477064
477072
477073
477075
477078
477089
477102
477104
477109
477110
477112
477116
477123
477128
477143
477145
477149
477151
477164
477168
477175
477179
477180
477192
477196
477199
477200
477204
477207
477209
477214
477218
477223
477225
477228
477233
477249
477253
477255
477261
477263
477271
477272
477276
477288
477300
477301
477307
477308
477314
477325
477327
477328
477344
477345
477347
477355
477356
477359
477363
477364
477369
477381
477388
477392
477409
477410
477413
477416
477434
477442
477465
477468
477470
477472
477474
477481
477487
477489
477493
477497
477504
477520
477528
477542
477545
477549
477550
477551
477555
477556
477559
477562
477564
477567
477583
477584
477590
477591
477593
477597
477599
477600
477603
477609
477614
477620
477623
477626
477628
477636
477638
477642
477650
477653
477657
477658
477660
477662
477669
477671
477674
477682
477690
477695
477705
477710
477718
477720
477721
477724
477726
477727
477731
477735
477765
477766
477770
477789
477800
477807
477810
477814
477816
477818
477819
477820
477824
477840
477846
477851
477854
477858
477859
477865
477866
477871
477884
477893
477898
477901
477905
477910
477911
477912
477913
477918
477921
477923
477931
477944
477945
477954
477958
477960
477969
477970
477972
477979
477992
477994
477996
477999
478001
478005
478014
478020
478023
478032
478038
478047
478059
478065
478067
478099
478102
478103
478106
478111
478121
478124
478125
478128
478148
478152
478157
478160
478163
478166
478184
478188
478193
478196
478199
478200
478201
478202
478203
478206
478214
478217
478229
478234
478236
478238
478241
478245
478246
478247
478248
478255
478260
478263
478264
478266
478267
478269
478270
478274
478276
478280
478284
478288
478294
478297
478300
478301
478304
478308
478318
478322
478323
478325
478326
478327
478331
478334
478340
478358
478360
478367
478370
478371
478377
478379
478383
478384
478385
478386
478390
478391
478392
478398
478401
478402
478405
478409
478418
478423
478424
478430
478438
478452
478455
478458
478460
478461
478466
478467
478483
478484
478486
478490
478494
478496
478508
478510
478518
478523
478529
478530
478532
478541
478553
478555
478561
478562
478581
478591
478608
478621
478633
478635
478637
478655
478664
478666
478667
478670
478672
478681
478683
478687
478689
478691
478703
478716
478717
478721
478727
478729
478731
478740
478747
478752
478767
478772
478776
478779
478790
478792
478795
478797
478802
478809
478819
478824
478834
478836
478838
478841
478843
478846
478862
478867
478869
478873
478875
478878
478880
478891
478897
478906
478911
478912
478920
478924
478925
478926
478928
478931
478934
478935
478937
478938
478945
478948
478950
478953
478958
478961
478964
478965
478968
478985
478987
478990
478991
478993
478994
478998
479001
479009
479017
479019
479026
479035
479038
479039
479049
479051
479053
479063
479065
479076
479078
479080
479085
479092
479095
479097
479098
479102
479104
479111
479113
479116
479119
479130
479132
479145
479146
479152
479157
479181
479184
479193
479199
479201
479207
479210
479213
479214
479228
479232
479238
479241
479245
479247
479248
479253
479255
479259
479267
479271
479275
479276
479279
479286
479291
479293
479294
479298
479316
479322
479330
479332
479335
479352
479357
479367
479368
479370
479375
479388
479389
479393
479399
479402
479412
479413
479422
479430
479438
479456
479462
479465
479468
479469
479474
479476
479481
479490
479491
479492
479493
479495
479501
479503
479513
479522
479528
479530
479532
479534
479544
479550
479558
479562
479576
479588
479592
479597
479600
479602
479607
479616
479622
479624
479630
479633
479653
479670
479684
479695
479696
479705
479709
479715
479718
479719
479722
479724
479725
479738
479741
479749
479750
479753
479757
479760
479761
479770
479776
479779
479780
479789
479790
479792
479803
479817
479823
479826
479831
479839
479846
479850
479858
479860
479861
479870
479875
479883
479892
479894
479897
479900
479904
479917
479919
479920
479924
479929
479931
479941
479945
479963
479976
479977
479981
479992
479996
480006
480019
480024
480026
480028
480032
480033
480035
480038
480039
480042
480043
480046
480055
480056
480064
480069
480074
480076
480080
480084
480086
480099
480101
480104
480105
480114
480120
480133
480134
480135
480136
480137
480139
480143
480146
480150
480152
480153
480156
480158
480160
480166
480177
480185
480187
480188
480191
480193
480196
480205
480206
480209
480210
480220
480223
480235
480239
480244
480250
480269
480271
480272
480281
480284
480290
480304
480310
480312
480315
480327
480329
480331
480337
480339
480343
480344
480346
480353
480354
480357
480360
480365
480367
480369
480371
480377
480378
480385
480388
480389
480396
480401
480402
480406
480435
480439
480444
480453
480455
480462
480463
480478
480484
480493
480499
480505
480513
480519
480525
480532
480538
480539
480545
480549
480550
480552
480572
480584
480588
480591
480593
480596
480610
480619
480625
480628
480632
480636
480640
480643
480648
480654
480656
480659
480662
480667
480668
480672
480681
480689
480693
480697
480701
480707
480709
480715
480721
480725
480726
480736
480747
480748
480754
480764
480768
480769
480773
480780
480787
480788
480791
480797
480813
480818
480824
480826
480844
480847
480849
480850
480852
480855
480856
480859
480860
480863
480864
480865
480867
480868
480872
480877
480882
480884
480888
480890
480892
480893
480894
480901
480902
480906
480908
480913
480916
480921
480933
480935
480938
480942
480943
480947
480951
480953
480958
480961
480962
480965
480967
480970
480971
480974
480977
480978
480984
480987
480991
480993
481007
481009
481013
481021
481023
481025
481027
481029
481035
481036
481038
481040
481042
481048
481063
481068
481071
481076
481084
481085
481093
481104
481105
481109
481115
481116
481138
481143
481145
481152
481160
481163
481164
481166
481167
481169
481176
481184
481187
481198
481204
481205
481207
481208
481210
481215
481223
481226
481232
481233
481236
481238
481241
481242
481244
481256
481258
481259
481261
481267
481272
481273
481279
481280
481281
481283
481286
481293
481295
481298
481300
481302
481304
481313
481323
481324
481329
481330
481331
481340
481343
481345
481347
481350
481351
481354
481355
481358
481362
481363
481370
481373
481376
481380
481384
481385
481387
481391
481395
481396
481397
481400
481405
481412
481416
481418
481422
481427
481429
481430
481434
481435
481445
481447
481450
481452
481453
481454
481458
481467
481470
481472
481486
481489
481496
481527
481533
481534
481537
481540
481548
481549
481554
481559
481561
481566
481577
481580
481590
481594
481600
481609
481611
481615
481624
481625
481627
481628
481630
481636
481654
481656
481662
481663
481665
481672
481696
481700
481702
481706
481707
481726
481732
481733
481736
481743
481753
481754
481755
481758
481763
481767
481769
481778
481783
481784
481785
481794
481795
481796
481802
481805
481809
481812
481815
481821
481822
481823
481828
481839
481842
481843
481845
481848
481851
481862
481863
481864
481865
481876
481878
481882
481884
481888
481896
481904
481906
481912
481921
481922
481928
481949
481950
481951
481952
481962
481965
481970
481972
481976
481984
481990
481996
482000
482002
482003
482013
482015
482019
482021
482024
482027
482039
482040
482041
482049
482052
482054
482064
482066
482067
482068
482072
482079
482083
482088
482089
482093
482108
482111
482115
482117
482118
482119
482120
482124
482132
482146
482151
482152
482153
482154
482155
482162
482176
482177
482179
482181
482200
482203
482204
482214
482217
482221
482222
482239
482240
482248
482251
482252
482259
482262
482264
482267
482271
482272
482276
482277
482279
482282
482289
482291
482294
482305
482306
482310
482311
482312
482314
482317
482318
482320
482331
482336
482341
482343
482345
482352
482353
482354
482356
482361
482362
482364
482377
482379
482383
482384
482389
482398
482406
482407
482408
482410
482415
482418
482430
482438
482441
482449
482450
482451
482456
482466
482469
482483
482487
482489
482494
482496
482506
482508
482510
482515
482517
482519
482535
482536
482539
482543
482550
482559
482560
482563
482567
482572
482575
482578
482590
482601
482602
482610
482623
482624
482627
482629
482636
482637
482642
482645
482647
482654
482661
482667
482674
482675
482693
482699
482711
482719
482720
482724
482729
482739
482740
482748
482761
482766
482772
482776
482789
482792
482795
482798
482801
482805
482821
482837
482840
482843
482845
482847
482864
482866
482875
482878
482881
482883
482888
482898
482906
482910
482916
482923
482925
482927
482929
482944
482947
482948
482949
482950
482953
482955
482956
482964
482968
482970
482978
482984
482985
482997
483002
483010
483016
483018
483019
483023
483026
483029
483030
483032
483035
483037
483041
483044
483046
483048
483049
483055
483068
483077
483081
483089
483097
483099
483105
483124
483128
483133
483149
483150
483151
483162
483171
483173
483178
483180
483181
483184
483185
483186
483195
483196
483199
483201
483216
483218
483229
483236
483240
483245
483246
483249
483250
483252
483255
483256
483264
483268
483269
483270
483272
483274
483276
483281
483289
483290
483319
483327
483331
483336
483337
483342
483343
483361
483362
483364
483368
483370
483376
483385
483390
483391
483394
483396
483398
483401
483405
483406
483409
483412
483423
483435
483438
483439
483444
483446
483459
483463
483467
483469
483470
483473
483475
483481
483483
483493
483494
483495
483496
483499
483500
483505
483508
483513
483525
483534
483538
483542
483548
483557
483559
483561
483570
483571
483603
483613
483615
483616
483620
483623
483638
483641
483650
483656
483657
483659
483660
483669
483670
483674
483678
483681
483683
483688
483691
483695
483700
483702
483706
483707
483716
483724
483729
483730
483744
483747
483748
483756
483764
483769
483772
483773
483775
483783
483784
483787
483788
483794
483796
483799
483802
483805
483811
483813
483823
483828
483829
483830
483833
483835
483841
483842
483851
483867
483868
483872
483884
483886
483887
483889
483896
483908
483916
483923
483929
483931
483939
483943
483944
483945
483957
483958
483959
483968
483971
483974
483982
483999
484000
484003
484004
484008
484018
484019
484033
484039
484048
484051
484054
484063
484069
484079
484080
484082
484084
484086
484096
484098
484102
484105
484107
484111
484114
484117
484118
484121
484122
484123
484128
484133
484134
484136
484138
484142
484154
484157
484163
484166
484170
484175
484188
484189
484193
484199
484200
484203
484206
484219
484227
484233
484235
484236
484238
484242
484243
484244
484251
484255
484259
484263
484264
484269
484271
484280
484284
484290
484291
484304
484311
484315
484323
484324
484326
484328
484337
484338
484341
484344
484345
484362
484387
484400
484403
484406
484426
484428
484432
484445
484449
484450
484465
484471
484476
484487
484488
484499
484501
484506
484508
484515
484516
484529
484535
484536
484539
484546
484557
484567
484577
484580
484588
484599
484605
484609
484613
484614
484624
484629
484644
484646
484647
484656
484658
484661
484663
484673
484674
484678
484685
484686
484689
484691
484692
484696
484712
484715
484718
484719
484724
484733
484734
484736
484750
484762
484769
484773
484776
484777
484778
484784
484787
484806
484808
484811
484812
484813
484817
484818
484826
484827
484828
484830
484837
484841
484845
484852
484856
484858
484860
484861
484862
484870
484878
484880
484889
484892
484906
484910
484915
484918
484923
484932
484938
484942
484944
484950
484956
484967
484970
484975
484977
484984
484992
484994
485013
485015
485018
485021
485024
485026
485027
485031
485032
485040
485047
485049
485051
485054
485059
485063
485064
485067
485079
485081
485090
485098
485105
485106
485112
485118
485120
485123
485136
485142
485144
485145
485146
485147
485148
485149
485160
485163
485178
485179
485193
485199
485200
485203
485215
485218
485221
485233
485240
485245
485253
485256
485262
485274
485276
485278
485282
485290
485294
485296
485298
485299
485318
485323
485324
485332
485338
485339
485347
485350
485351
485355
485357
485359
485365
485371
485373
485374
485378
485385
485392
485400
485406
485412
485418
485437
485442
485443
485445
485451
485473
485474
485475
485479
485480
485485
485487
485489
485492
485495
485496
485508
485520
485522
485526
485527
485533
485536
485539
485540
485542
485551
485553
485556
485559
485565
485567
485568
485572
485584
485585
485591
485592
485598
485604
485605
485616
485618
485621
485623
485629
485630
485632
485634
485642
485644
485649
485654
485658
485659
485661
485664
485672
485673
485689
485693
485698
485702
485705
485707
485711
485712
485717
485721
485723
485724
485736
485738
485740
485758
485759
485760
485761
485762
485765
485766
485771
485775
485784
485786
485792
485804
485810
485811
485812
485814
485819
485822
485823
485827
485832
485841
485843
485846
485854
485857
485872
485880
485883
485889
485895
485900
485904
485906
485914
485916
485917
485923
485928
485934
485945
485946
485948
485959
485965
485966
485969
485975
485977
485985
485986
485988
485989
485998
485999
486005
486007
486009
486010
486011
486013
486016
486019
486026
486031
486038
486041
486043
486045
486046
486048
486056
486061
486062
486064
486068
486074
486081
486086
486088
486096
486099
486102
486104
486107
486109
486111
486113
486127
486138
486139
486145
486147
486148
486149
486151
486152
486153
486162
486165
486167
486172
486174
486175
486181
486182
486183
486192
486194
486198
486211
486218
486220
486223
486225
486228
486232
486234
486239
486241
486252
486254
486255
486262
486263
486266
486281
486284
486291
486294
486296
486302
486306
486312
486313
486314
486326
486330
486337
486342
486346
486350
486355
486365
486383
486392
486397
486407
486408
486409
486411
486415
486418
486419
486420
486430
486437
486441
486443
486454
486466
486473
486490
486491
486497
486500
486507
486509
486511
486512
486525
486532
486538
486543
486546
486557
486561
486569
486570
486574
486578
486583
486595
486604
486607
486609
486619
486620
486621
486627
486645
486651
486665
486666
486667
486671
486677
486679
486683
486698
486708
486713
486721
486723
486725
486732
486734
486742
486758
486759
486760
486762
486763
486771
486777
486778
486782
486785
486787
486795
486804
486807
486810
486820
486822
486823
486829
486835
486836
486837
486850
486851
486862
486866
486870
486873
486879
486882
486901
486904
486905
486908
486914
486917
486921
486922
486927
486933
486940
486942
486943
486946
486956
486958
486964
486965
486968
486973
486980
486982
486983
486987
486991
486997
487002
487004
487024
487027
487028
487031
487035
487038
487042
487066
487070
487086
487094
487099
487101
487110
487129
487131
487133
487136
487146
487147
487157
487158
487163
487166
487167
487171
487180
487186
487187
487190
487197
487202
487204
487217
487218
487219
487232
487241
487253
487255
487256
487273
487275
487277
487278
487285
487294
487296
487301
487306
487307
487325
487326
487329
487330
487333
487334
487350
487358
487362
487377
487384
487386
487394
487401
487421
487427
487429
487431
487446
487451
487466
487469
487472
487473
487474
487475
487480
487481
487483
487487
487494
487495
487496
487503
487513
487525
487526
487528
487534
487537
487539
487546
487551
487562
487573
487585
487592
487594
487602
487603
487608
487610
487613
487616
487623
487629
487635
487639
487645
487647
487649
487650
487655
487665
487672
487674
487682
487683
487688
487690
487703
487704
487710
487713
487718
487719
487725
487726
487736
487738
487746
487749
487753
487754
487756
487760
487765
487766
487768
487775
487783
487784
487787
487790
487791
487793
487796
487799
487802
487812
487814
487818
487832
487833
487834
487839
487841
487845
487849
487859
487860
487863
487865
487866
487872
487874
487875
487879
487881
487882
487886
487888
487895
487897
487898
487901
487908
487910
487913
487945
487953
487958
487965
487966
487979
487982
487984
487991
487992
487997
488004
488010
488013
488022
488032
488047
488050
488054
488055
488058
488065
488066
488070
488072
488077
488086
488088
488093
488094
488096
488097
488103
488106
488114
488141
488145
488146
488147
488166
488175
488179
488180
488181
488182
488189
488196
488197
488198
488202
488205
488208
488215
488217
488227
488230
488232
488257
488258
488267
488273
488289
488299
488303
488304
488305
488308
488313
488316
488318
488319
488324
488329
488330
488339
488353
488359
488360
488364
488372
488388
488391
488395
488398
488399
488405
488410
488420
488428
488430
488438
488440
488444
488446
488452
488453
488457
488463
488467
488468
488470
488481
488489
488493
488498
488503
488519
488521
488522
488524
488534
488540
488550
488558
488564
488567
488568
488583
488584
488604
488607
488608
488620
488623
488624
488626
488628
488629
488632
488634
488637
488639
488651
488655
488660
488661
488663
488664
488668
488674
488679
488680
488687
488689
488694
488697
488701
488704
488706
488707
488709
488711
488729
488731
488738
488744
488751
488756
488759
488773
488774
488775
488776
488777
488787
488798
488802
488803
488819
488822
488823
488824
488827
488828
488834
488838
488839
488842
488843
488852
488856
488858
488859
488861
488862
488863
488869
488872
488876
488877
488880
488885
488887
488890
488893
488894
488895
488896
488897
488898
488899
488901
488903
488906
488911
488918
488919
488920
488936
488941
488946
488947
488949
488955
488957
488960
488965
488970
488973
488974
488983
488994
489003
489004
489005
489008
489009
489015
489016
489018
489023
489025
489028
489033
489034
489036
489038
489040
489042
489049
489073
489074
489086
489099
489103
489113
489121
489136
489137
489139
489142
489143
489163
489178
489184
489186
489188
489191
489194
489198
489204
489208
489213
489219
489221
489224
489237
489239
489240
489242
489243
489246
489248
489254
489260
489264
489265
489267
489268
489270
489277
489280
489284
489288
489289
489293
489294
489296
489298
489313
489320
489333
489334
489337
489348
489349
489350
489351
489360
489361
489364
489369
489372
489395
489397
489410
489415
489428
489432
489444
489450
489472
489479
489485
489494
489495
489501
489504
489505
489510
489511
489518
489519
489520
489525
489527
489528
489529
489546
489553
489560
489561
489562
489563
489564
489571
489585
489593
489597
489603
489614
489616
489622
489623
489624
489637
489641
489661
489671
489683
489687
489688
489690
489691
489705
489716
489720
489732
489736
489744
489746
489747
489752
489753
489759
489761
489766
489768
489781
489784
489789
489793
489800
489801
489803
489805
489806
489810
489814
489816
489835
489836
489845
489856
489859
489873
489876
489880
489894
489896
489898
489899
489905
489914
489917
489919
489928
489931
489935
489942
489960
489966
489967
489976
489977
489978
489981
489986
489989
489992
489995
489998
490011
490015
490022
490025
490027
490029
490031
490033
490038
490039
490042
490044
490054
490058
490076
490078
490093
490094
490104
490107
490113
490115
490121
490125
490140
490142
490145
490146
490148
490152
490158
490161
490167
490179
490190
490198
490206
490208
490215
490217
490237
490240
490242
490251
490255
490262
490285
490287
490288
490289
490298
490302
490305
490308
490323
490327
490332
490333
490339
490342
490347
490351
490358
490360
490370
490372
490373
490377
490382
490390
490391
490401
490403
490405
490409
490410
490423
490428
490433
490448
490452
490454
490457
490458
490459
490468
490472
490480
490487
490491
490496
490519
490523
490532
490533
490535
490540
490542
490544
490545
490549
490550
490552
490565
490579
490580
490581
490608
490609
490616
490633
490639
490649
490653
490663
490671
490684
490691
490710
490715
490718
490720
490725
490726
490734
490743
490746
490775
490780
490796
490797
490799
490805
490811
490813
490816
490817
490833
490852
490854
490858
490859
490861
490863
490867
490870
490871
490874
490875
490876
490879
490893
490910
490911
490920
490927
490930
490938
490945
490948
490954
490956
490961
490963
490967
490972
490981
490982
490985
490993
490997
491000
491002
491007
491016
491018
491028
491029
491034
491039
491041
491043
491046
491047
491050
491055
491062
491068
491077
491085
491100
491103
491104
491105
491112
491123
491132
491133
491136
491137
491148
491161
491163
491164
491178
491192
491202
491205
491209
491211
491213
491216
491221
491222
491229
491234
491241
491243
491249
491253
491255
491259
491261
491262
491279
491287
491288
491294
491296
491301
491304
491309
491315
491339
491340
491343
491346
491352
491355
491365
491379
491381
491385
491388
491389
491392
491397
491409
491412
491416
491420
491425
491426
491427
491437
491443
491444
491454
491466
491468
491474
491482
491489
491491
491493
491495
491499
491505
491506
491509
491510
491513
491514
491522
491523
491529
491531
491533
491537
491538
491539
491542
491545
491553
491554
491558
491562
491568
491582
491583
491585
491586
491589
491590
491591
491603
491604
491605
491616
491617
491621
491625
491632
491635
491656
491659
491662
491665
491671
491692
491697
491700
491701
491706
491708
491720
491722
491729
491734
491738
491739
491743
491753
491757
491760
491764
491766
491771
491777
491779
491782
491790
491791
491795
491797
491805
491806
491813
491825
491827
491838
491840
491841
491852
491854
491855
491871
491877
491879
491889
491894
491897
491906
491910
491916
491919
491921
491924
491936
491938
491949
491952
491953
491957
491966
491968
491973
491977
491999
492001
492003
492005
492007
492013
492017
492035
492036
492038
492042
492043
492046
492049
492054
492055
492059
492060
492069
492073
492075
492077
492079
492092
492093
492095
492099
492104
492109
492111
492115
492119
492121
492126
492134
492138
492141
492144
492147
492158
492165
492172
492173
492178
492181
492191
492192
492193
492200
492201
492204
492212
492217
492230
492231
492232
492256
492257
492261
492263
492269
492270
492284
492291
492298
492299
492302
492309
492314
492315
492317
492318
492320
492338
492339
492341
492343
492347
492348
492368
492371
492372
492379
492383
492385
492389
492403
492404
492407
492412
492426
492429
492438
492440
492443
492470
492472
492479
492482
492494
492497
492522
492528
492535
492545
492558
492559
492562
492568
492569
492582
492583
492589
492603
492609
492620
492627
492629
492634
492639
492644
492645
492653
492665
492666
492668
492675
492679
492685
492688
492689
492691
492692
492703
492705
492708
492714
492715
492717
492718
492721
492726
492728
492731
492732
492735
492749
492755
492757
492758
492764
492770
492773
492781
492782
492793
492801
492808
492812
492820
492821
492822
492824
492825
492826
492831
492835
492842
492847
492849
492852
492860
492865
492868
492872
492874
492875
492878
492879
492880
492885
492890
492894
492903
492905
492911
492912
492913
492916
492917
492943
492945
492956
492957
492959
492961
492963
492965
492967
492970
492977
492983
492997
493008
493020
493030
493032
493035
493039
493043
493050
493063
493071
493074
493076
493078
493083
493085
493086
493096
493100
493101
493103
493111
493119
493124
493125
493127
493132
493144
493148
493150
493165
493168
493169
493170
493172
493176
493181
493187
493194
493198
493200
493215
493219
493223
493225
493228
493239
493248
493256
493263
493265
493272
493275
493276
493277
493291
493292
493293
493296
493298
493305
493324
493325
493332
493333
493339
493340
493342
493343
493345
493348
493351
493360
493372
493373
493374
493376
493379
493383
493384
493387
493388
493390
493395
493401
493412
493422
493424
493436
493440
493451
493457
493459
493461
493462
493471
493472
493499
493513
493514
493515
493517
493518
493521
493523
493530
493532
493542
493544
493559
493562
493564
493577
493601
493605
493606
493610
493619
493621
493635
493636
493640
493649
493654
493657
493659
493662
493668
493673
493679
493682
493687
493688
493692
493693
493696
493700
493712
493717
493719
493723
493724
493728
493733
493738
493742
493743
493744
493749
493764
493766
493769
493773
493775
493777
493779
493782
493793
493796
493798
493822
493825
493840
493843
493845
493849
493855
493858
493870
493874
493889
493892
493897
493905
493913
493917
493918
493919
493922
493929
493936
493938
493939
493942
493944
493948
493952
493953
493954
493959
493961
493965
493968
493969
493974
493981
493982
493988
493991
493995
493997
493999
494002
494009
494010
494020
494023
494024
494026
494030
494031
494035
494037
494038
494043
494044
494047
494049
494052
494053
494055
494057
494058
494059
494061
494068
494070
494084
494089
494099
494103
494106
494107
494109
494116
494120
494125
494126
494130
494131
494137
494141
494145
494157
494165
494169
494173
494174
494178
494179
494180
494186
494189
494190
494196
494205
494207
494209
494219
494229
494233
494235
494239
494243
494252
494253
494258
494262
494269
494291
494317
494318
494332
494337
494338
494341
494346
494355
494361
494367
494372
494374
494375
494380
494381
494388
494390
494399
494406
494410
494414
494416
494417
494427
494434
494444
494459
494465
494470
494472
494475
494485
494487
494493
494494
494500
494503
494514
494520
494525
494526
494527
494535
494539
494540
494542
494548
494552
494556
494559
494566
494572
494574
494586
494593
494604
494617
494619
494621
494626
494627
494631
494633
494654
494678
494681
494692
494694
494698
494701
494705
494712
494716
494719
494723
494728
494732
494736
494741
494743
494746
494754
494760
494769
494770
494771
494773
494779
494792
494797
494798
494799
494801
494803
494805
494806
494813
494817
494820
494824
494831
494836
494840
494841
494842
494843
494845
494847
494848
494852
494870
494875
494876
494879
494880
494883
494889
494897
494902
494914
494916
494919
494929
494933
494934
494940
494941
494945
494949
494950
494952
494953
494961
494964
494968
494969
494971
494973
494977
494978
494980
494983
494984
494987
494993
494997
495000
495004
495013
495014
495018
495020
495033
495040
495042
495068
495074
495077
495078
495080
495084
495089
495101
495108
495112
495126
495130
495133
495138
495142
495143
495145
495146
495150
495158
495161
495166
495167
495176
495187
495188
495197
495198
495207
495217
495220
495224
495236
495238
495242
495248
495255
495256
495257
495262
495263
495273
495275
495290
495294
495298
495303
495304
495311
495312
495313
495321
495325
495329
495330
495331
495332
495339
495340
495342
495345
495346
495358
495363
495366
495369
495373
495376
495377
495382
495384
495390
495391
495404
495406
495407
495412
495418
495419
495428
495434
495446
495447
495450
495465
495468
495469
495475
495476
495477
495484
495492
495493
495498
495499
495510
495512
495514
495518
495519
495521
495523
495528
495531
495534
495538
495541
495543
495549
495550
495551
495559
495560
495565
495573
495575
495581
495589
495591
495594
495603
495608
495612
495622
495626
495631
495638
495639
495644
495647
495649
495653
495660
495663
495676
495677
495680
495683
495685
495700
495703
495705
495706
495709
495722
495728
495742
495759
495761
495769
495772
495792
495795
495804
495805
495811
495816
495822
495826
495830
495837
495840
495841
495849
495851
495854
495856
495860
495864
495867
495876
495882
495889
495894
495896
495900
495913
495921
495931
495935
495939
495943
495951
495954
495967
495973
495976
495977
495983
495987
495992
495993
496001
496004
496010
496011
496016
496030
496051
496053
496069
496070
496071
496076
496079
496080
496082
496088
496089
496092
496094
496108
496111
496113
496115
496120
496123
496134
496136
496138
496153
496157
496162
496163
496185
496194
496205
496210
496211
496212
496219
496221
496228
496230
496238
496240
496244
496245
496246
496253
496258
496259
496263
496269
496274
496291
496301
496309
496327
496332
496335
496337
496353
496354
496367
496369
496380
496386
496387
496390
496396
496401
496407
496413
496419
496421
496427
496432
496437
496438
496447
496451
496456
496458
496461
496467
496468
496476
496477
496489
496491
496498
496502
496503
496508
496515
496519
496523
496531
496539
496546
496557
496559
496571
496572
496576
496582
496586
496591
496592
496594
496598
496603
496620
496626
496634
496637
496640
496643
496647
496650
496651
496653
496655
496658
496660
496661
496663
496666
496670
496671
496677
496678
496680
496687
496691
496700
496705
496722
496734
496736
496746
496751
496752
496753
496754
496775
496785
496789
496793
496795
496798
496803
496804
496810
496817
496826
496828
496834
496837
496838
496845
496849
496853
496857
496861
496862
496864
496869
496879
496880
496882
496884
496899
496903
496904
496918
496921
496928
496930
496933
496935
496944
496948
496950
496956
496963
496967
496975
496983
496984
496988
496992
496995
496996
497001
497004
497013
497014
497020
497034
497037
497045
497058
497068
497075
497076
497087
497088
497101
497103
497106
497113
497114
497115
497117
497119
497126
497129
497139
497149
497153
497154
497157
497163
497167
497170
497174
497175
497179
497180
497182
497188
497191
497193
497194
497195
497197
497202
497207
497208
497213
497216
497222
497226
497227
497229
497231
497233
497241
497252
497253
497255
497260
497262
497264
497265
497270
497276
497288
497289
497296
497303
497304
497308
497309
497322
497325
497327
497332
497344
497348
497355
497357
497359
497369
497374
497379
497380
497381
497382
497384
497385
497390
497395
497396
497398
497405
497410
497419
497420
497426
497445
497449
497450
497461
497463
497473
497474
497475
497478
497480
497489
497492
497495
497518
497519
497523
497533
497539
497544
497552
497554
497563
497585
497586
497588
497592
497596
497601
497616
497623
497628
497631
497634
497637
497643
497647
497650
497651
497653
497656
497660
497661
497671
497678
497680
497683
497685
497688
497699
497700
497703
497709
497711
497725
497726
497727
497734
497736
497737
497740
497750
497752
497763
497764
497767
497773
497775
497782
497786
497790
497803
497829
497840
497843
497851
497853
497855
497858
497859
497860
497861
497863
497867
497871
497872
497879
497881
497885
497886
497899
497900
497901
497905
497910
497912
497914
497925
497928
497931
497935
497941
497946
497950
497957
497958
497959
497979
497980
497982
497988
497991
497996
498005
498009
498012
498015
498016
498034
498045
498048
498052
498059
498061
498065
498068
498083
498085
498087
498099
498100
498105
498119
498125
498128
498134
498135
498141
498143
498144
498146
498150
498153
498158
498159
498160
498167
498181
498184
498195
498203
498216
498217
498221
498228
498229
498231
498235
498243
498244
498255
498256
498258
498261
498262
498266
498271
498272
498276
498278
498291
498298
498299
498300
498304
498305
498309
498313
498315
498321
498323
498325
498329
498336
498337
498349
498351
498352
498354
498363
498365
498366
498372
498379
498434
498435
498437
498439
498442
498443
498465
498467
498472
498476
498483
498485
498487
498490
498500
498503
498506
498507
498510
498518
498532
498536
498544
498548
498550
498560
498562
498565
498569
498573
498583
498585
498594
498596
498598
498599
498601
498604
498609
498616
498622
498635
498643
498645
498652
498660
498672
498677
498678
498682
498690
498696
498697
498698
498720
498732
498736
498739
498748
498758
498762
498770
498771
498772
498776
498780
498784
498786
498788
498790
498795
498808
498816
498817
498822
498824
498825
498829
498837
498839
498849
498852
498855
498870
498873
498874
498885
498902
498903
498905
498906
498909
498910
498914
498922
498924
498927
498928
498932
498934
498940
498945
498955
498958
498959
498961
498962
498963
498966
498976
498989
498998
498999
499003
499008
499010
499012
499019
499021
499022
499026
499032
499034
499037
499045
499056
499057
499058
499061
499074
499078
499091
499095
499106
499109
499116
499124
499127
499131
499145
499153
499154
499155
499158
499163
499171
499190
499193
499196
499205
499206
499208
499214
499216
499224
499228
499229
499232
499237
499240
499242
499244
499254
499258
499264
499273
499274
499276
499287
499292
499293
499311
499313
499317
499320
499322
499323
499333
499338
499344
499345
499354
499359
499376
499379
499380
499381
499383
499391
499398
499399
499406
499407
499408
499414
499416
499418
499423
499427
499437
499441
499442
499443
499469
499475
499479
499480
499483
499488
499493
499498
499500
499506
499507
499513
499514
499524
499531
499537
499541
499542
499545
499547
499549
499550
499566
499567
499571
499573
499584
499588
499593
499601
499607
499610
499615
499616
499617
499620
499629
499636
499641
499643
499646
499649
499661
499663
499673
499680
499686
499688
499692
499704
499707
499715
499716
499718
499720
499727
499729
499741
499742
499743
499750
499751
499752
499755
499756
499764
499772
499775
499780
499781
499783
499786
499793
499794
499796
499797
499815
499822
499840
499852
499866
499871
499875
499878
499886
499891
499893
499899
499905
499906
499912
499913
499921
499925
499942
499945
499946
499950
499982
499999
